<!DOCTYPE html>
<html>
<head>
<link rel="shortcut icon" href="/portals/ui/_theme/digest/favicon.ico" mce_href="/portals/ui/_theme/digest/favicon.ico" type="image/x-icon"/>
<meta name="viewport" content="width=device-width, initial-scale=1.0">
<meta http-equiv="X-UA-Compatible" content="IE=11">
<!-- HTML5 Shim and Respond.js IE8 support of HTML5 elements and media queries -->
<!--[if lt IE 9]>
  <script src="https://oss.maxcdn.com/libs/html5shiv/3.7.0/html5shiv.js"></script>
  <script src="https://oss.maxcdn.com/libs/respond.js/1.3.0/respond.min.js"></script>
<![endif]-->

<title>Supplemental 6: Transformers - Digest 177</title>

<script type="text/javascript" src="/portals/resources/scripts/libs/jquery-1.11.0.min.js"></script>

<script type="text/javascript" src="/portals/ui/_theme/digest/scripts/bannerfix.js"></script>
<link rel="stylesheet" href="/portals/ui/_theme/digest/style/harp-portals.less"></link>
<script type="text/javascript" src="/portals/ui/_theme/digest/scripts/bootstrap.min.js"></script>
<script type="text/javascript" src="/portals/resources/scripts/harp-sdk.js"></script><link rel="stylesheet" href="/portals/resources/cm/cm.css"></link>
<script type="text/javascript" src="/portals/resources/scripts/libs/moment.min.js"></script>
<script type="text/javascript" src="/portals/resources/cm/cm.js"></script>

<script>
  (function(i,s,o,g,r,a,m){i['GoogleAnalyticsObject']=r;i[r]=i[r]||function(){
  (i[r].q=i[r].q||[]).push(arguments)},i[r].l=1*new Date();a=s.createElement(o),
  m=s.getElementsByTagName(o)[0];a.async=1;a.src=g;m.parentNode.insertBefore(a,m)
  })(window,document,'script','//www.google-analytics.com/analytics.js','ga');

  ga('create', 'UA-39869895-2', 'auto');
  ga('send', 'pageview');

</script>

<script>
$(function() {
    $('li.topicref.harp-portal-filter-exclude > a').click(function(e) {
        alert("This content is currently unavailable.");
        e.preventDefault();
        return false;
    });
});
</script>

</head>

<body class="readerPage" data-pageId=fb3f19ef-e6a1-47ed-966d-4c0d13afbcff>


<!-- BEGIN HEADER -->
<header class="navbar navbar-default" id="harp-header-bar" role="navigation">
	<div class="container">
		<div class="navbar-header">
			<button type="button" class="navbar-toggle" data-toggle="collapse"
				data-target=".navbar-collapse">
				<span class="sr-only">Toggle navigation</span> <span
					class="icon-bar"></span> <span class="icon-bar"></span> <span
					class="icon-bar"></span>
			</button>
			<a class="navbar-brand" style="padding: 0 50px 0 0" href="http://www.schneider-electric.com/us/en" target="_blank">
  			<img src="/portals/ui/_theme/digest/images/Logo_SE_White_Transparent_RGB.PNG" style="width: 226px; height: 52px;" class="hidden-xs">
			<img src="/portals/ui/_theme/digest/images/Logo_SE_White_Transparent_RGB.PNG" style="width: 170px; height: 39px; margin-top: 3px;" class="visible-xs">
            </a>

              <!-- <a href='/portals/ui/digest/'
	               class="header-logo-link">
	                <img src="/portals/ui/_theme/digest/images/se_logo.gif" class="header-logo">
	           	</a> -->
	            <!-- <a href='/portals/ui/digest/'>
	             Digest 177
	            </a> -->
			<!-- </span>  -->
		</div>

		<div class="navbar-collapse collapse" id="headerMenu">

				<form role="search" action='/portals/ui/digest/search' class="navbar-form navbar-right hidden-xs">
					<div class="form-group">
						<label class="sr-only" for="headerTerm">Search Term</label> <input
							type="text" placeholder="Search" class="form-control"
							id="headerTerm" name="term">
					</div>
                    <button type="submit" class="btn btn-primary">
                        <span class="glyphicon glyphicon-search"></span>
                    </button>
				</form>
				<form role="search" action='/portals/ui/digest/search' class="navbar-form navbar-right navbar-input-group visible-xs">
				    <div class="form-group">
				        <label class="sr-only" for="headerTerm">Search Term</label>
				        <div class="input-group">
				            <input type="text" placeholder="Search" class="form-control"
				                id="headerTerm" name="term">
				            <span class="input-group-btn">
				                <button type="submit" class="btn btn-primary">
				                    <span class="glyphicon glyphicon-search"></span>
				                </button>
				            </span>
				        </div>
				    </div>
				</form>

			<ul class="nav navbar-nav">
                <li><a href="http://www.digestplus-us.schneider-electric.com/" target="_blank">DigestPLUS</a></li>
              	<li><a href='/portals/ui/digest/pages/landingPages/digest177'>Digest 177</a></li>
                <li><a href='/portals/ui/digest/pages/landingPages/digest177_supplement'>Supplemental Digest 177</a></li>
			</ul>
		</div>
	</div>
</header>

<div id="docTitle" class="sectionColor6">
  <div class="container">
    <div class="row">
      <div class="col-xs-12">
        <h3>        <span class="context-title">
          Supplemental 6: Transformers
        </span>
</h3>
      </div>
    </div>
  </div>
</div>

  <div id="floatingDocTitle" class="sectionColor6">
    <div class="container">
      <div class="row">
        <div class="col-xs-12">
          <h3>        <span class="context-title">
          Supplemental 6: Transformers
        </span>
</h3>
        </div>
      </div>
    </div>
  </div>

<!-- END HEADER -->
	
	<div class="container" id="tocPage">
      

      <div class="row">
        <div class="col-sm-10 col-sm-offset-1 col-xs-12 content-container" id="viewerContent"
                 	data-portalKey="562794fee4b05736848a7cb4"
                    data-itemKey="562a2b01e4b05736848a954f"
                    data-projectKey="562a2a2be4b05736848a7ffd">
              	
<div class="map bookmap" lang="English_en" data-xtrc="bookmap:1" data-xtrf="harp://562a2a2be4b05736848a7ffd/pr/ORIGINAL/Supplemental%20Bookmap%20Content/SD17706_MAIN%20(bookmap)_0000050846.xml">
   <div class="topicmeta bookmeta" data-xtrc="bookmeta:1" lang="English_en">
      
      <div class="metadata" data-xtrc="metadata:1" lang="English_en">
         
         
      </div>
      
   </div>
   <ul id="toc">
      <li data-refid="_17714010_79427" class="topicref chapter brand:sd tocentry"><span class="topichead">Miscellaneous</span><ul>
            <li data-refid="_17714010_62534" class="topicref tocentry"><span class="topichead">Class <b class="ph b" data-xtrc="b:1" lang="English_en">7400</b>
                  </span><ul>
                  <li class="topicref tocentry"><a href="/portals/ui/digest/viewer/562a2a2be4b05736848a7ffd/562a2b01e4b05736848a954f/r/_17714010_62534#_17714010_746472" data-refids=" _17714010_74647">Enclosure Dimensions and Accessories <span class="ph" data-xtrc="ph:1" lang="English_en">
                           
                           </span>
                        </a></li>
               </ul>
            </li>
         </ul>
      </li>
      <li data-refid="_SD17706002_29256" class="topicref chapter brand:sd tocentry"><span class="topichead">General Purpose Dry Type 600 Volts and Below</span><ul>
            <li data-refid="_SD17706003_77283" class="topicref tocentry"><span class="topichead">K-Rated Transformers</span><ul>
                  <li class="topicref tocentry"><a href="/portals/ui/digest/viewer/562a2a2be4b05736848a7ffd/562a2b01e4b05736848a954f/r/_SD17706003_77283#MoveToSupplemental-494D86562" data-refids=" MoveToSupplemental-494D8656">Obsolete—October 1, 2015K-Rated, Three-Phase
                        (15–1000 kVA)</a></li>
                  <li class="topicref tocentry"><a href="/portals/ui/digest/viewer/562a2a2be4b05736848a7ffd/562a2b01e4b05736848a954f/r/_SD17706003_77283#NEMAPremium-493F22A92" data-refids=" NEMAPremium-493F22A9">NEMA Premium</a></li>
               </ul>
            </li>
            <li data-refid="_SD17706004_48297" class="topicref tocentry"><span class="topichead">Drive Isolation Transformers</span><ul>
                  <li class="topicref tocentry"><a href="/portals/ui/digest/viewer/562a2a2be4b05736848a7ffd/562a2b01e4b05736848a954f/r/_SD17706004_48297#_SD17706004_271202" data-refids=" _SD17706004_27120">Drive Isolation Transformers</a></li>
               </ul>
            </li>
            <li data-refid="_SD17706005_65177" class="topicref tocentry"><span class="topichead">Open Core and Coil Transformers</span><ul>
                  <li class="topicref tocentry"><a href="/portals/ui/digest/viewer/562a2a2be4b05736848a7ffd/562a2b01e4b05736848a954f/r/_SD17706005_65177#_SD17706005_328762" data-refids=" _SD17706005_32876">Open Core and Coil Transformers Designed for General Applications
                        for 600 V and Below</a></li>
               </ul>
            </li>
         </ul>
      </li>
      <li data-refid="_SD17706006_1005192" class="topicref chapter brand:sd tocentry"><span class="topichead">Industrial Control</span><ul>
            <li data-refid="_SD17706006_1005195" class="topicref tocentry"><span class="topichead">Type EO Transformers</span><ul>
                  <li class="topicref tocentry"><a href="/portals/ui/digest/viewer/562a2a2be4b05736848a7ffd/562a2b01e4b05736848a954f/r/_SD17706006_1005195#TypeEOTransformers-165277632" data-refids=" TypeEOTransformers-16527763">Type EO Transformers</a></li>
               </ul>
            </li>
            <li data-refid="_SD17706007_134679" class="topicref tocentry"><span class="topichead">Type T and MultiTap<sup class="ph sup" data-xtrc="sup:1" lang="English_en">TM</sup> Transformers</span><ul>
                  <li class="topicref tocentry"><a href="/portals/ui/digest/viewer/562a2a2be4b05736848a7ffd/562a2b01e4b05736848a954f/r/_SD17706007_134679#_SD17706007_992482" data-refids=" _SD17706007_99248">Type T and MultiTap™ Transformers</a></li>
               </ul>
            </li>
         </ul>
      </li>
      <li data-refid="_SD17706008_1006225" class="topicref chapter brand:sd tocentry"><span class="topichead">Instrument 600 Volt Class</span><ul>
            <li data-refid="_SD17706008_1006228" class="topicref tocentry"><span class="topichead">Voltage and Current Transformers</span><ul>
                  <li class="topicref tocentry"><a href="/portals/ui/digest/viewer/562a2a2be4b05736848a7ffd/562a2b01e4b05736848a954f/r/_SD17706008_1006228#_SD17706008_Voltage_Transformers2" data-refids=" _SD17706008_Voltage_Transformers">Voltage Transformers</a></li>
                  <li class="topicref tocentry"><a href="/portals/ui/digest/viewer/562a2a2be4b05736848a7ffd/562a2b01e4b05736848a954f/r/_SD17706008_1006228#_SD17706008_Current_Transformers2" data-refids=" _SD17706008_Current_Transformers">Current Transformers</a></li>
               </ul>
            </li>
            <li data-refid="_SD17706009_1006993" class="topicref tocentry"><span class="topichead">Toroidal Current Transformers</span><ul>
                  <li class="topicref tocentry"><a href="/portals/ui/digest/viewer/562a2a2be4b05736848a7ffd/562a2b01e4b05736848a954f/r/_SD17706009_1006993#TorroidalCurrentTransformers64R74R6-16D763622" data-refids=" TorroidalCurrentTransformers64R74R6-16D76362">Toroidal Current Transformers (64R, 74R, 66R, 76R)</a></li>
                  <li class="topicref tocentry"><a href="/portals/ui/digest/viewer/562a2a2be4b05736848a7ffd/562a2b01e4b05736848a954f/r/_SD17706009_1006993#_SD17706009_Torroidal_Current2" data-refids=" _SD17706009_Torroidal_Current">Toroidal Current Transformers (110R, 110R, 120R, 140R)</a></li>
                  <li class="topicref tocentry"><a href="/portals/ui/digest/viewer/562a2a2be4b05736848a7ffd/562a2b01e4b05736848a954f/r/_SD17706009_1006993#TorroidalCurrentTransformers152R170-16E6A8DF2" data-refids=" TorroidalCurrentTransformers152R170-16E6A8DF">Toroidal Current Transformers (152R, 170R, 180R, 210R)</a></li>
                  <li class="topicref tocentry"><a href="/portals/ui/digest/viewer/562a2a2be4b05736848a7ffd/562a2b01e4b05736848a954f/r/_SD17706009_1006993#_SD17706010_10083272" data-refids=" _SD17706010_1008327">Toroidal Current Transformers (200R, 201R, 202R, 203R)</a></li>
                  <li class="topicref tocentry"><a href="/portals/ui/digest/viewer/562a2a2be4b05736848a7ffd/562a2b01e4b05736848a954f/r/_SD17706009_1006993#ShortingTerminalBlocks-16D8B9382" data-refids=" ShortingTerminalBlocks-16D8B938">Shorting Terminal Blocks</a></li>
               </ul>
            </li>
            <li data-refid="_SD17706011_1009964" class="topicref tocentry"><span class="topichead">Current Transformers: Multi-Ratio, Rectangular, Split-Core </span><ul>
                  <li class="topicref tocentry"><a href="/portals/ui/digest/viewer/562a2a2be4b05736848a7ffd/562a2b01e4b05736848a954f/r/_SD17706011_1009964#_SD17706011_Multi-Ratio_Current_Transformers2" data-refids=" _SD17706011_Multi-Ratio_Current_Transformers">Multi-Ratio Current Transformers</a></li>
                  <li class="topicref tocentry"><a href="/portals/ui/digest/viewer/562a2a2be4b05736848a7ffd/562a2b01e4b05736848a954f/r/_SD17706011_1009964#_SD17706011_Rectangular_Window_Current_Transformers2" data-refids=" _SD17706011_Rectangular_Window_Current_Transformers">Rectangular Window Current Transformers</a></li>
                  <li class="topicref tocentry"><a href="/portals/ui/digest/viewer/562a2a2be4b05736848a7ffd/562a2b01e4b05736848a954f/r/_SD17706011_1009964#_SD17706011_Split-Core_Current_Transformers2" data-refids=" _SD17706011_Split-Core_Current_Transformers">Split-Core Current Transformers</a></li>
               </ul>
            </li>
            <li data-refid="_SD17706012_1011276" class="topicref tocentry"><span class="topichead">Current Transformers: Bushing, Auxiliary</span><ul>
                  <li class="topicref tocentry"><a href="/portals/ui/digest/viewer/562a2a2be4b05736848a7ffd/562a2b01e4b05736848a954f/r/_SD17706012_1011276#_SD17706012_Bushing_Current_Transformers2" data-refids=" _SD17706012_Bushing_Current_Transformers">Bushing Current Transformers 50–400 Hz</a></li>
                  <li class="topicref tocentry"><a href="/portals/ui/digest/viewer/562a2a2be4b05736848a7ffd/562a2b01e4b05736848a954f/r/_SD17706012_1011276#_SD17706012_Auxiliary_Current_Transformer2" data-refids=" _SD17706012_Auxiliary_Current_Transformer">Auxiliary Current Transformers</a></li>
               </ul>
            </li>
            <li data-refid="TransformersObsolete-453BEABA" class="topicref tocentry"><span class="topichead">Transformers—Obsolete</span><ul>
                  <li class="topicref tocentry"><a href="/portals/ui/digest/viewer/562a2a2be4b05736848a7ffd/562a2b01e4b05736848a954f/r/TransformersObsolete-453BEABA#EnergyEfficientThree-Phase-493E1BC02" data-refids=" EnergyEfficientThree-Phase-493E1BC0">Obsolete—January 1, 2016Energy Efficient
                        Three-Phase</a></li>
                  <li class="topicref tocentry"><a href="/portals/ui/digest/viewer/562a2a2be4b05736848a7ffd/562a2b01e4b05736848a954f/r/TransformersObsolete-453BEABA#_17714005_291212" data-refids=" _17714005_29121">Obsolete—January 1, 2016EE Watchdog
                        Transformers</a></li>
                  <li class="topicref tocentry"><a href="/portals/ui/digest/viewer/562a2a2be4b05736848a7ffd/562a2b01e4b05736848a954f/r/TransformersObsolete-453BEABA#_17714006_331302" data-refids=" _17714006_33130">Obsolete—January 1, 2016EE NL and NLP
                        Series Transformers</a></li>
               </ul>
            </li>
         </ul>
      </li>
   </ul>
</div>        </div>
              
      </div>
          
<script type="text/javascript">
  var refId = '';
  $(document).ready(function() {
    
    function sendFeedback(feedback, type) {
      $.ajax({
        url : HARPPortal.getPortalRpcUrl('feedback'),
        type : type,
        data : JSON.stringify(feedback),
        contentType : 'application/json',
      });
    }

    function confirmFeedback(fromNegative) {
      $('#feedbackComponent').children().fadeOut(500);
      if (fromNegative) {
        $('#feedbackContainer').removeClass('col-xs-12 col-sm-6').addClass('col-sm-3');    
      }
      $('#feedbackComponent').html($('#feedbackConfirm').fadeIn(500));
    }

    $('.feedbackButton').click(function(event) {
      var feedback = {}, contentElement = $("#viewerContent");

      feedback.id = $('body').attr('data-pageId');
      feedback.topicUseful = this.value;
      feedback.portalKey = contentElement.attr("data-portalKey");
      feedback.topicKey = contentElement.attr("data-itemKey");
      feedback.projectKey = contentElement.attr("data-projectKey");
      feedback.parentKey = contentElement.attr("data-parentKey");
      feedback.refId = refId;

      sendFeedback(feedback, 'POST');
      
      $('#feedbackCommentLabel').text(this.value === 'true' ? 'Why do you think this was helpful?' : 'Why do you think this was not helpful?');

      $('#feedbackComponent').children().fadeOut(500);
      $('#feedbackContainer').removeClass('col-sm-3').addClass('col-xs-12 col-sm-6');
      $('#feedbackComponent').html($('#feedbackComment').fadeIn(500));

      $('#commentButton').click(function() {
        $('#feedbackComponent').off('keypress');
        var comment = $("#feedbackInput").val().trim();
        if (comment !== "") {
          feedback.comment = comment;
          sendFeedback(feedback, 'PUT');
        }
        confirmFeedback(true);
      });

      $('#feedbackInput').focus();

      $('#feedbackComponent').on('keypress', function(e) {
        if (e.which === 13) {
          $('#commentButton').trigger('click');
        }
      });

    });
  });   
</script>

<div class="row">
  <div class="col-sm-3 pull-right" id="feedbackContainer">
    <div id="feedbackComponent">
      <div id="feedbackHelpful">
        <p>Was this helpful?</p>
        <div id="buttonDiv">
          <button class="btn btn-primary btn-xs feedbackButton" value="true">Yes</button>
          <button class="btn btn-primary btn-xs feedbackButton" value="false">No</button>
        </div>
      </div>
    </div>
  </div>
  <div id="feedbackConfirm" style="display: none">Thanks!</div>
  <div id="feedbackComment" style="display: none">
    <label for="feedbackInput" id="feedbackCommentLabel">Tell us why!</label><br>
    <textarea rows="4" id="feedbackInput"></textarea><br>
    <button class="btn btn-primary btn-xs" id="commentButton">Send</button>
  </div>
</div>
                        
        <div class="col-sm-10 col-sm-offset-1 col-xs-11">

         </div>
          
	</div>
<!-- BEGIN footer -->
<footer class="navbar navbar-default harp-portal-footer" style="width: 100%; margin: 20px 0 0 0;"> <!-- navbar-fixed-bottom  -->
	<div class="container">
  <p class="navbar-text navbar-left hidden-xs">
    <span class="glyphicon glyphicon-qrcode" id="qrcodeLink"
          title="Show QR code for this page"></span>
  </p>
  <img src="/portals/qrgen?url=http%3A%2F%2Fwww.productinfo.schneider-electric.com%2Fportals%2Fui%2Fdigest%2Fviewer%2F562a2a2be4b05736848a7ffd%2Fnocontext%2FSupplemental%2BBookmap%2BContent%2FSD17706_MAIN%2B(bookmap)_0000050846.xml&size=180"
       id="qrcode"
       style="width: 180px; height: 180px;"
       alt="QR code for this page"
       title="QR code for this page">
<script>
  $(function() {
    var $qr = $('#qrcode')
    , $link = $('#qrcodeLink')
    , on = $qr.is('visible')
    , shown = false;
    ;

    function show() {
      var pos = $link.position();
      $qr.css({
        left: pos.left + 'px',
        bottom: ($link.outerHeight() + 20) + 'px'
      });
      $qr.fadeIn();
      on = true;
      shown = true;
    }

    function toggle() {
      if (on) {
        $qr.fadeOut();
        on = false;
      } else {
        show();
      }
    }

    $link.click(toggle);
    $qr.click(toggle);
    $link.mouseover(function() {
      if (!shown) {
        show();
      }
    });
  });
</script>
<!--		<p class="navbar-text navbar-right">
			<a href="https://td-demo.titaniasoftware.com/portals/ui/website/pages/product/delivery"
				class="navbar-link harp-footer-link" target="_blank">Powered by Titania Delivery</a>
		      <a id="footerLogo" href="http://www.titaniasoftware.com"
                class="navbar-link harp-footer-link" target="_blank">
                <img src="/portals/ui/_theme/digest/images/titania-logo_128w.png"
                        style="width: 43px; height: 16px;" alt="Titania Delivery" title="Titania Delivery">
             </a>
		</p>-->
	</div>
</footer>
<!-- END footer --></body>
</html>