<!DOCTYPE html>
<html>
<head>
<link rel="shortcut icon" href="/portals/ui/_theme/digest/favicon.ico" mce_href="/portals/ui/_theme/digest/favicon.ico" type="image/x-icon"/>
<meta name="viewport" content="width=device-width, initial-scale=1.0">
<meta http-equiv="X-UA-Compatible" content="IE=11">
<!-- HTML5 Shim and Respond.js IE8 support of HTML5 elements and media queries -->
<!--[if lt IE 9]>
  <script src="https://oss.maxcdn.com/libs/html5shiv/3.7.0/html5shiv.js"></script>
  <script src="https://oss.maxcdn.com/libs/respond.js/1.3.0/respond.min.js"></script>
<![endif]-->

<title>Supplemental 16: Contactors and Starters - Digest 177</title>

<script type="text/javascript" src="/portals/resources/scripts/libs/jquery-1.11.0.min.js"></script>

<script type="text/javascript" src="/portals/ui/_theme/digest/scripts/bannerfix.js"></script>
<link rel="stylesheet" href="/portals/ui/_theme/digest/style/harp-portals.less"></link>
<script type="text/javascript" src="/portals/ui/_theme/digest/scripts/bootstrap.min.js"></script>
<script type="text/javascript" src="/portals/resources/scripts/harp-sdk.js"></script><link rel="stylesheet" href="/portals/resources/cm/cm.css"></link>
<script type="text/javascript" src="/portals/resources/scripts/libs/moment.min.js"></script>
<script type="text/javascript" src="/portals/resources/cm/cm.js"></script>

<script>
  (function(i,s,o,g,r,a,m){i['GoogleAnalyticsObject']=r;i[r]=i[r]||function(){
  (i[r].q=i[r].q||[]).push(arguments)},i[r].l=1*new Date();a=s.createElement(o),
  m=s.getElementsByTagName(o)[0];a.async=1;a.src=g;m.parentNode.insertBefore(a,m)
  })(window,document,'script','//www.google-analytics.com/analytics.js','ga');

  ga('create', 'UA-39869895-2', 'auto');
  ga('send', 'pageview');

</script>

<script>
$(function() {
    $('li.topicref.harp-portal-filter-exclude > a').click(function(e) {
        alert("This content is currently unavailable.");
        e.preventDefault();
        return false;
    });
});
</script>

</head>

<body class="readerPage" data-pageId=bbccd59f-1951-4ea9-9856-a69cfe5ad5d1>


<!-- BEGIN HEADER -->
<header class="navbar navbar-default" id="harp-header-bar" role="navigation">
	<div class="container">
		<div class="navbar-header">
			<button type="button" class="navbar-toggle" data-toggle="collapse"
				data-target=".navbar-collapse">
				<span class="sr-only">Toggle navigation</span> <span
					class="icon-bar"></span> <span class="icon-bar"></span> <span
					class="icon-bar"></span>
			</button>
			<a class="navbar-brand" style="padding: 0 50px 0 0" href="http://www.schneider-electric.com/us/en" target="_blank">
  			<img src="/portals/ui/_theme/digest/images/Logo_SE_White_Transparent_RGB.PNG" style="width: 226px; height: 52px;" class="hidden-xs">
			<img src="/portals/ui/_theme/digest/images/Logo_SE_White_Transparent_RGB.PNG" style="width: 170px; height: 39px; margin-top: 3px;" class="visible-xs">
            </a>

              <!-- <a href='/portals/ui/digest/'
	               class="header-logo-link">
	                <img src="/portals/ui/_theme/digest/images/se_logo.gif" class="header-logo">
	           	</a> -->
	            <!-- <a href='/portals/ui/digest/'>
	             Digest 177
	            </a> -->
			<!-- </span>  -->
		</div>

		<div class="navbar-collapse collapse" id="headerMenu">

				<form role="search" action='/portals/ui/digest/search' class="navbar-form navbar-right hidden-xs">
					<div class="form-group">
						<label class="sr-only" for="headerTerm">Search Term</label> <input
							type="text" placeholder="Search" class="form-control"
							id="headerTerm" name="term">
					</div>
                    <button type="submit" class="btn btn-primary">
                        <span class="glyphicon glyphicon-search"></span>
                    </button>
				</form>
				<form role="search" action='/portals/ui/digest/search' class="navbar-form navbar-right navbar-input-group visible-xs">
				    <div class="form-group">
				        <label class="sr-only" for="headerTerm">Search Term</label>
				        <div class="input-group">
				            <input type="text" placeholder="Search" class="form-control"
				                id="headerTerm" name="term">
				            <span class="input-group-btn">
				                <button type="submit" class="btn btn-primary">
				                    <span class="glyphicon glyphicon-search"></span>
				                </button>
				            </span>
				        </div>
				    </div>
				</form>

			<ul class="nav navbar-nav">
                <li><a href="http://www.digestplus-us.schneider-electric.com/" target="_blank">DigestPLUS</a></li>
              	<li><a href='/portals/ui/digest/pages/landingPages/digest177'>Digest 177</a></li>
                <li><a href='/portals/ui/digest/pages/landingPages/digest177_supplement'>Supplemental Digest 177</a></li>
			</ul>
		</div>
	</div>
</header>

<div id="docTitle" class="sectionColor2">
  <div class="container">
    <div class="row">
      <div class="col-xs-12">
        <h3>        <span class="context-title">
          Supplemental 16: Contactors and Starters
        </span>
</h3>
      </div>
    </div>
  </div>
</div>

  <div id="floatingDocTitle" class="sectionColor2">
    <div class="container">
      <div class="row">
        <div class="col-xs-12">
          <h3>        <span class="context-title">
          Supplemental 16: Contactors and Starters
        </span>
</h3>
        </div>
      </div>
    </div>
  </div>

<!-- END HEADER -->
	
	<div class="container" id="tocPage">
      

      <div class="row">
        <div class="col-sm-10 col-sm-offset-1 col-xs-12 content-container" id="viewerContent"
                 	data-portalKey="562794fee4b05736848a7cb4"
                    data-itemKey="562a2b01e4b05736848a9579"
                    data-projectKey="562a2a2be4b05736848a7ffd">
              	
<div class="map bookmap" lang="English_en" data-xtrc="bookmap:1" data-xtrf="harp://562a2a2be4b05736848a7ffd/pr/ORIGINAL/Supplemental%20Bookmap%20Content/SD17716_MAIN%20(bookmap)_0000066217.xml">
   <div class="topicmeta bookmeta" data-xtrc="bookmeta:1" lang="English_en">
      
      <div class="metadata" data-xtrc="metadata:1" lang="English_en">
         
         
      </div>
      
   </div>
   <ul id="toc">
      <li data-refid="_SD17717017_47398" class="topicref chapter tocentry"><span class="topichead">Reversing Drum Switches</span><ul>
            <li data-refid="_SD17717017_Heading2_3" class="topicref tocentry"><span class="topichead">Type A and B</span><ul>
                  <li class="topicref tocentry"><a href="/portals/ui/digest/viewer/562a2a2be4b05736848a7ffd/562a2b01e4b05736848a9579/r/_SD17717017_Heading2_3#_SD17717017_449282" data-refids=" _SD17717017_44928">NEMA 1, 3R, 4, and 13 Without Overload</a></li>
                  <li class="topicref tocentry"><a href="/portals/ui/digest/viewer/562a2a2be4b05736848a7ffd/562a2b01e4b05736848a9579/r/_SD17717017_Heading2_3#_SD17717017_660162" data-refids=" _SD17717017_66016">Approximate Dimensions—Class 2601 Reversing Drum Switches</a></li>
               </ul>
            </li>
         </ul>
      </li>
      <li data-refid="_SD17717018_61187" class="topicref chapter tocentry"><span class="topichead">Electromechanical Reduced Voltage Starters</span><ul>
            <li data-refid="_SD17717018_Heading2_7" class="topicref tocentry"><span class="topichead">Description of All Types</span><ul>
                  <li class="topicref tocentry"><a href="/portals/ui/digest/viewer/562a2a2be4b05736848a7ffd/562a2b01e4b05736848a9579/r/_SD17717018_Heading2_7#_SD17717018_676142" data-refids=" _SD17717018_67614">Reduced Voltage Starting of Squirrel Cage Motors</a></li>
                  <li class="topicref tocentry"><a href="/portals/ui/digest/viewer/562a2a2be4b05736848a7ffd/562a2b01e4b05736848a9579/r/_SD17717018_Heading2_7#_SD17717018_518192" data-refids=" _SD17717018_51819">Electromechanical Reduced Voltage Starters</a></li>
                  <li class="topicref tocentry"><a href="/portals/ui/digest/viewer/562a2a2be4b05736848a7ffd/562a2b01e4b05736848a9579/r/_SD17717018_Heading2_7#_SD17717018_Heading4_1902" data-refids=" _SD17717018_Heading4_190">Specifications</a></li>
               </ul>
            </li>
            <li data-refid="_SD17717019_Heading2_3" class="topicref tocentry"><span class="topichead">
                  <b class="ph b" data-xtrc="b:1" lang="English_en">Autotransformer Starters</b>
                  </span><ul>
                  <li class="topicref tocentry"><a href="/portals/ui/digest/viewer/562a2a2be4b05736848a7ffd/562a2b01e4b05736848a9579/r/_SD17717019_Heading2_3#Selection3-PolePolyphase-65AE4B472" data-refids=" Selection3-PolePolyphase-65AE4B47">Selection, 3-Pole Polyphase</a></li>
               </ul>
            </li>
            <li data-refid="_SD17717020_Heading2_3" class="topicref tocentry"><span class="topichead">Wye-Delta Starters (Open Transition)</span><ul>
                  <li class="topicref tocentry"><a href="/portals/ui/digest/viewer/562a2a2be4b05736848a7ffd/562a2b01e4b05736848a9579/r/_SD17717020_Heading2_3#Selection3-PolePolyphase-65B202B52" data-refids=" Selection3-PolePolyphase-65B202B5">Selection, 3-Pole Polyphase</a></li>
               </ul>
            </li>
            <li data-refid="_SD17717021_Heading2_3" class="topicref tocentry"><span class="topichead">Wye-Delta Starters (Closed Transition)</span><ul>
                  <li class="topicref tocentry"><a href="/portals/ui/digest/viewer/562a2a2be4b05736848a7ffd/562a2b01e4b05736848a9579/r/_SD17717021_Heading2_3#Selection3-PolePolyphase-65BF3A9B2" data-refids=" Selection3-PolePolyphase-65BF3A9B">Selection, 3-Pole Polyphase</a></li>
               </ul>
            </li>
            <li data-refid="_SD17717022_Heading2_3" class="topicref tocentry"><span class="topichead">Part Winding Starters</span><ul>
                  <li class="topicref tocentry"><a href="/portals/ui/digest/viewer/562a2a2be4b05736848a7ffd/562a2b01e4b05736848a9579/r/_SD17717022_Heading2_3#PartWindingStartersSelection-65C2725D2" data-refids=" PartWindingStartersSelection-65C2725D">Part Winding Starters, Selection</a></li>
               </ul>
            </li>
            <li data-refid="_SD17717023_Heading2_3" class="topicref tocentry"><span class="topichead">Approximate Dimensions</span><ul>
                  <li class="topicref tocentry"><a href="/portals/ui/digest/viewer/562a2a2be4b05736848a7ffd/562a2b01e4b05736848a9579/r/_SD17717023_Heading2_3#_SD17717023_Heading5_42" data-refids=" _SD17717023_Heading5_4">Approximate Dimensions—Not for Construction</a></li>
               </ul>
            </li>
         </ul>
      </li>
      <li data-refid="_SD17717024_23275" class="topicref chapter tocentry"><span class="topichead">Multispeed Magnetic Starters</span><ul>
            <li data-refid="_SD17717024_29376" class="topicref tocentry"><span class="topichead">Application Data</span><ul>
                  <li class="topicref tocentry"><a href="/portals/ui/digest/viewer/562a2a2be4b05736848a7ffd/562a2b01e4b05736848a9579/r/_SD17717024_29376#_SD17717024_Heading4_392" data-refids=" _SD17717024_Heading4_39">Multispeed Magnetic Starters Application Data</a></li>
                  <li class="topicref tocentry"><a href="/portals/ui/digest/viewer/562a2a2be4b05736848a7ffd/562a2b01e4b05736848a9579/r/_SD17717024_29376#_SD17717024_Heading5_392" data-refids=" _SD17717024_Heading5_39">Additional Features—Special Relays for Non-Reversing
                        and Reversing Multispeed Starters</a></li>
                  <li class="topicref tocentry"><a href="/portals/ui/digest/viewer/562a2a2be4b05736848a7ffd/562a2b01e4b05736848a9579/r/_SD17717024_29376#_SD17717025_695852" data-refids=" _SD17717025_69585">3-Pole Polyphase, 600 Vac Maximum, 50–60 Hz</a></li>
               </ul>
            </li>
            <li data-refid="_SD17717026_41197" class="topicref tocentry"><span class="topichead">Two-Speed Combination Starters</span><ul>
                  <li class="topicref tocentry"><a href="/portals/ui/digest/viewer/562a2a2be4b05736848a7ffd/562a2b01e4b05736848a9579/r/_SD17717026_41197#_SD17717026_801082" data-refids=" _SD17717026_80108">3-Pole Polyphase, 600&nbsp;Vac Max., 50–60&nbsp;Hz</a></li>
               </ul>
            </li>
            <li data-refid="_SD17717027_70243" class="topicref tocentry"><span class="topichead">Reversing Two-Speed Magnetic Starters</span><ul>
                  <li class="topicref tocentry"><a href="/portals/ui/digest/viewer/562a2a2be4b05736848a7ffd/562a2b01e4b05736848a9579/r/_SD17717027_70243#_SD17717027_670442" data-refids=" _SD17717027_67044">3-Pole Polyphase, 600 Vac Max., 50–60 Hz</a></li>
                  <li class="topicref tocentry"><a href="/portals/ui/digest/viewer/562a2a2be4b05736848a7ffd/562a2b01e4b05736848a9579/r/_SD17717027_70243#_SD17717027_681722" data-refids=" _SD17717027_68172">3-Pole Polyphase, 600 Vac Max., 50–60 Hz</a></li>
               </ul>
            </li>
            <li data-refid="_SD17717028_35032" class="topicref tocentry"><span class="topichead">Two-Speed Magnetic Starters</span><ul>
                  <li class="topicref tocentry"><a href="/portals/ui/digest/viewer/562a2a2be4b05736848a7ffd/562a2b01e4b05736848a9579/r/_SD17717028_35032#_SD17717028_659002" data-refids=" _SD17717028_65900">Dimensions</a></li>
               </ul>
            </li>
            <li data-refid="_SD17717029_94947" class="topicref tocentry"><span class="topichead">Approximate Dimensions</span><ul>
                  <li class="topicref tocentry"><a href="/portals/ui/digest/viewer/562a2a2be4b05736848a7ffd/562a2b01e4b05736848a9579/r/_SD17717029_94947#_SD17717029_915132" data-refids=" _SD17717029_91513">Disconnect Switch or Circuit Breaker Type</a></li>
               </ul>
            </li>
         </ul>
      </li>
      <li data-refid="_SD17717030_61028" class="topicref chapter tocentry"><span class="topichead">
            <b class="ph b" data-xtrc="b:1" lang="English_en">Lighting Contactors</b>
            </span><ul>
            <li data-refid="_SD17717030_Heading2_3" class="topicref tocentry"><span class="topichead">Panelboard Lighting Contactors, Type PB</span><ul>
                  <li class="topicref tocentry"><a href="/portals/ui/digest/viewer/562a2a2be4b05736848a7ffd/562a2b01e4b05736848a9579/r/_SD17717030_Heading2_3#_SD17717030_617452" data-refids=" _SD17717030_61745">General Information</a></li>
               </ul>
            </li>
         </ul>
      </li>
      <li data-refid="_SD17717031_71666" class="topicref chapter tocentry"><span class="topichead">Well-Guard™ Pump Panel</span><ul>
            <li data-refid="_SD17717031_Heading2_3" class="topicref tocentry"><span class="topichead">Reduced Voltage Type</span><ul>
                  <li class="topicref tocentry"><a href="/portals/ui/digest/viewer/562a2a2be4b05736848a7ffd/562a2b01e4b05736848a9579/r/_SD17717031_Heading2_3#Well-GuardReducedVoltagePumpPanels-6311B0822" data-refids=" Well-GuardReducedVoltagePumpPanels-6311B082">Well-Guard Reduced Voltage Pump Panels</a></li>
               </ul>
            </li>
         </ul>
      </li>
      <li data-refid="_SD17717032_28800" class="topicref chapter tocentry"><span class="topichead">
            <b class="ph b" data-xtrc="b:1" lang="English_en">Factory Modifications (Forms)</b>
            </span><ul>
            <li data-refid="_SD17717032_Heading2_3" class="topicref tocentry"><span class="topichead">Reduced Voltage Starters</span><ul>
                  <li class="topicref tocentry"><a href="/portals/ui/digest/viewer/562a2a2be4b05736848a7ffd/562a2b01e4b05736848a9579/r/_SD17717032_Heading2_3#_SD17717032_Heading4_2402" data-refids=" _SD17717032_Heading4_240">Forms—Reduced Voltage Controllers Only</a></li>
                  <li class="topicref tocentry"><a href="/portals/ui/digest/viewer/562a2a2be4b05736848a7ffd/562a2b01e4b05736848a9579/r/_SD17717032_Heading2_3#Class8606ReducedVoltageStartersOnly-661D9B252" data-refids=" Class8606ReducedVoltageStartersOnly-661D9B25">Class 8606 Reduced Voltage Starters</a></li>
                  <li class="topicref tocentry"><a href="/portals/ui/digest/viewer/562a2a2be4b05736848a7ffd/562a2b01e4b05736848a9579/r/_SD17717032_Heading2_3#Class8640ReducedVoltageStarters-75AF81812" data-refids=" Class8640ReducedVoltageStarters-75AF8181">Class 8640 Reduced Voltage Starters</a></li>
               </ul>
            </li>
         </ul>
      </li>
      <li data-refid="_SD17717035_44958" class="topicref chapter tocentry"><span class="topichead">Definite Purpose Contactors</span><ul>
            <li data-refid="_SD17717035_Heading2_3" class="topicref tocentry"><span class="topichead">Reversing/Hoist, Type R</span><ul>
                  <li class="topicref tocentry"><a href="/portals/ui/digest/viewer/562a2a2be4b05736848a7ffd/562a2b01e4b05736848a9579/r/_SD17717035_Heading2_3#_SD17717035_Heading4_2542" data-refids=" _SD17717035_Heading4_254">Selection—AC Reversing/Hoist Contactors</a></li>
               </ul>
            </li>
         </ul>
      </li>
      <li data-refid="_SD17717036_58351" class="topicref chapter tocentry"><span class="topichead">
            <b class="ph b" data-xtrc="b:1" lang="English_en">Thermal Overload Relays—NEMA Style</b>
            </span><ul>
            <li data-refid="_SD17717036_Heading2_3" class="topicref tocentry"><span class="topichead">Solid-State Overload Relay, Motor Logic™ Plus</span><ul>
                  <li class="topicref tocentry"><a href="/portals/ui/digest/viewer/562a2a2be4b05736848a7ffd/562a2b01e4b05736848a9579/r/_SD17717036_Heading2_3#_SD17717036_695532" data-refids=" _SD17717036_69553">Motor Logic Plus—Class 9065</a><ul>
                        <li class="topicref tocentry"><a href="/portals/ui/digest/viewer/562a2a2be4b05736848a7ffd/562a2b01e4b05736848a9579/r/_SD17717036_Heading2_3#_SD17717036_Heading5_822" data-refids=" _SD17717036_Heading5_82">Lug-Lug Kit</a></li>
                        <li class="topicref tocentry"><a href="/portals/ui/digest/viewer/562a2a2be4b05736848a7ffd/562a2b01e4b05736848a9579/r/_SD17717036_Heading2_3#_SD17717036_Heading5_1012" data-refids=" _SD17717036_Heading5_101">Software Kit</a></li>
                        <li class="topicref tocentry"><a href="/portals/ui/digest/viewer/562a2a2be4b05736848a7ffd/562a2b01e4b05736848a9579/r/_SD17717036_Heading2_3#_SD17717036_Heading5_1182" data-refids=" _SD17717036_Heading5_118">Communication Module</a></li>
                     </ul>
                  </li>
               </ul>
            </li>
         </ul>
      </li>
   </ul>
</div>        </div>
              
      </div>
          
<script type="text/javascript">
  var refId = '';
  $(document).ready(function() {
    
    function sendFeedback(feedback, type) {
      $.ajax({
        url : HARPPortal.getPortalRpcUrl('feedback'),
        type : type,
        data : JSON.stringify(feedback),
        contentType : 'application/json',
      });
    }

    function confirmFeedback(fromNegative) {
      $('#feedbackComponent').children().fadeOut(500);
      if (fromNegative) {
        $('#feedbackContainer').removeClass('col-xs-12 col-sm-6').addClass('col-sm-3');    
      }
      $('#feedbackComponent').html($('#feedbackConfirm').fadeIn(500));
    }

    $('.feedbackButton').click(function(event) {
      var feedback = {}, contentElement = $("#viewerContent");

      feedback.id = $('body').attr('data-pageId');
      feedback.topicUseful = this.value;
      feedback.portalKey = contentElement.attr("data-portalKey");
      feedback.topicKey = contentElement.attr("data-itemKey");
      feedback.projectKey = contentElement.attr("data-projectKey");
      feedback.parentKey = contentElement.attr("data-parentKey");
      feedback.refId = refId;

      sendFeedback(feedback, 'POST');
      
      $('#feedbackCommentLabel').text(this.value === 'true' ? 'Why do you think this was helpful?' : 'Why do you think this was not helpful?');

      $('#feedbackComponent').children().fadeOut(500);
      $('#feedbackContainer').removeClass('col-sm-3').addClass('col-xs-12 col-sm-6');
      $('#feedbackComponent').html($('#feedbackComment').fadeIn(500));

      $('#commentButton').click(function() {
        $('#feedbackComponent').off('keypress');
        var comment = $("#feedbackInput").val().trim();
        if (comment !== "") {
          feedback.comment = comment;
          sendFeedback(feedback, 'PUT');
        }
        confirmFeedback(true);
      });

      $('#feedbackInput').focus();

      $('#feedbackComponent').on('keypress', function(e) {
        if (e.which === 13) {
          $('#commentButton').trigger('click');
        }
      });

    });
  });   
</script>

<div class="row">
  <div class="col-sm-3 pull-right" id="feedbackContainer">
    <div id="feedbackComponent">
      <div id="feedbackHelpful">
        <p>Was this helpful?</p>
        <div id="buttonDiv">
          <button class="btn btn-primary btn-xs feedbackButton" value="true">Yes</button>
          <button class="btn btn-primary btn-xs feedbackButton" value="false">No</button>
        </div>
      </div>
    </div>
  </div>
  <div id="feedbackConfirm" style="display: none">Thanks!</div>
  <div id="feedbackComment" style="display: none">
    <label for="feedbackInput" id="feedbackCommentLabel">Tell us why!</label><br>
    <textarea rows="4" id="feedbackInput"></textarea><br>
    <button class="btn btn-primary btn-xs" id="commentButton">Send</button>
  </div>
</div>
                        
        <div class="col-sm-10 col-sm-offset-1 col-xs-11">

         </div>
          
	</div>
<!-- BEGIN footer -->
<footer class="navbar navbar-default harp-portal-footer" style="width: 100%; margin: 20px 0 0 0;"> <!-- navbar-fixed-bottom  -->
	<div class="container">
  <p class="navbar-text navbar-left hidden-xs">
    <span class="glyphicon glyphicon-qrcode" id="qrcodeLink"
          title="Show QR code for this page"></span>
  </p>
  <img src="/portals/qrgen?url=http%3A%2F%2Fwww.productinfo.schneider-electric.com%2Fportals%2Fui%2Fdigest%2Fviewer%2F562a2a2be4b05736848a7ffd%2Fnocontext%2FSupplemental%2BBookmap%2BContent%2FSD17716_MAIN%2B(bookmap)_0000066217.xml&size=180"
       id="qrcode"
       style="width: 180px; height: 180px;"
       alt="QR code for this page"
       title="QR code for this page">
<script>
  $(function() {
    var $qr = $('#qrcode')
    , $link = $('#qrcodeLink')
    , on = $qr.is('visible')
    , shown = false;
    ;

    function show() {
      var pos = $link.position();
      $qr.css({
        left: pos.left + 'px',
        bottom: ($link.outerHeight() + 20) + 'px'
      });
      $qr.fadeIn();
      on = true;
      shown = true;
    }

    function toggle() {
      if (on) {
        $qr.fadeOut();
        on = false;
      } else {
        show();
      }
    }

    $link.click(toggle);
    $qr.click(toggle);
    $link.mouseover(function() {
      if (!shown) {
        show();
      }
    });
  });
</script>
<!--		<p class="navbar-text navbar-right">
			<a href="https://td-demo.titaniasoftware.com/portals/ui/website/pages/product/delivery"
				class="navbar-link harp-footer-link" target="_blank">Powered by Titania Delivery</a>
		      <a id="footerLogo" href="http://www.titaniasoftware.com"
                class="navbar-link harp-footer-link" target="_blank">
                <img src="/portals/ui/_theme/digest/images/titania-logo_128w.png"
                        style="width: 43px; height: 16px;" alt="Titania Delivery" title="Titania Delivery">
             </a>
		</p>-->
	</div>
</footer>
<!-- END footer --></body>
</html>