<!DOCTYPE html>
<html>
<head>
<link rel="shortcut icon" href="/portals/ui/_theme/digest/favicon.ico" mce_href="/portals/ui/_theme/digest/favicon.ico" type="image/x-icon"/>
<meta name="viewport" content="width=device-width, initial-scale=1.0">
<meta http-equiv="X-UA-Compatible" content="IE=11">
<!-- HTML5 Shim and Respond.js IE8 support of HTML5 elements and media queries -->
<!--[if lt IE 9]>
  <script src="https://oss.maxcdn.com/libs/html5shiv/3.7.0/html5shiv.js"></script>
  <script src="https://oss.maxcdn.com/libs/respond.js/1.3.0/respond.min.js"></script>
<![endif]-->

<title>Section 8: Operating Mechanisms and Disconnect Switches - Digest 177</title>

<script type="text/javascript" src="/portals/resources/scripts/libs/jquery-1.11.0.min.js"></script>

<script type="text/javascript" src="/portals/ui/_theme/digest/scripts/bannerfix.js"></script>
<link rel="stylesheet" href="/portals/ui/_theme/digest/style/harp-portals.less"></link>
<script type="text/javascript" src="/portals/ui/_theme/digest/scripts/bootstrap.min.js"></script>
<script type="text/javascript" src="/portals/resources/scripts/harp-sdk.js"></script><link rel="stylesheet" href="/portals/resources/cm/cm.css"></link>
<script type="text/javascript" src="/portals/resources/scripts/libs/moment.min.js"></script>
<script type="text/javascript" src="/portals/resources/cm/cm.js"></script>

<script>
  (function(i,s,o,g,r,a,m){i['GoogleAnalyticsObject']=r;i[r]=i[r]||function(){
  (i[r].q=i[r].q||[]).push(arguments)},i[r].l=1*new Date();a=s.createElement(o),
  m=s.getElementsByTagName(o)[0];a.async=1;a.src=g;m.parentNode.insertBefore(a,m)
  })(window,document,'script','//www.google-analytics.com/analytics.js','ga');

  ga('create', 'UA-39869895-2', 'auto');
  ga('send', 'pageview');

</script>

<script>
$(function() {
    $('li.topicref.harp-portal-filter-exclude > a').click(function(e) {
        alert("This content is currently unavailable.");
        e.preventDefault();
        return false;
    });
});
</script>

</head>

<body class="readerPage" data-pageId=18bb58ab-bd45-415a-bcd6-514b42b2170d>


<!-- BEGIN HEADER -->
<header class="navbar navbar-default" id="harp-header-bar" role="navigation">
	<div class="container">
		<div class="navbar-header">
			<button type="button" class="navbar-toggle" data-toggle="collapse"
				data-target=".navbar-collapse">
				<span class="sr-only">Toggle navigation</span> <span
					class="icon-bar"></span> <span class="icon-bar"></span> <span
					class="icon-bar"></span>
			</button>
			<a class="navbar-brand" style="padding: 0 50px 0 0" href="http://www.schneider-electric.com/us/en" target="_blank">
  			<img src="/portals/ui/_theme/digest/images/Logo_SE_White_Transparent_RGB.PNG" style="width: 226px; height: 52px;" class="hidden-xs">
			<img src="/portals/ui/_theme/digest/images/Logo_SE_White_Transparent_RGB.PNG" style="width: 170px; height: 39px; margin-top: 3px;" class="visible-xs">
            </a>

              <!-- <a href='/portals/ui/digest/'
	               class="header-logo-link">
	                <img src="/portals/ui/_theme/digest/images/se_logo.gif" class="header-logo">
	           	</a> -->
	            <!-- <a href='/portals/ui/digest/'>
	             Digest 177
	            </a> -->
			<!-- </span>  -->
		</div>

		<div class="navbar-collapse collapse" id="headerMenu">

				<form role="search" action='/portals/ui/digest/search' class="navbar-form navbar-right hidden-xs">
					<div class="form-group">
						<label class="sr-only" for="headerTerm">Search Term</label> <input
							type="text" placeholder="Search" class="form-control"
							id="headerTerm" name="term">
					</div>
                    <button type="submit" class="btn btn-primary">
                        <span class="glyphicon glyphicon-search"></span>
                    </button>
				</form>
				<form role="search" action='/portals/ui/digest/search' class="navbar-form navbar-right navbar-input-group visible-xs">
				    <div class="form-group">
				        <label class="sr-only" for="headerTerm">Search Term</label>
				        <div class="input-group">
				            <input type="text" placeholder="Search" class="form-control"
				                id="headerTerm" name="term">
				            <span class="input-group-btn">
				                <button type="submit" class="btn btn-primary">
				                    <span class="glyphicon glyphicon-search"></span>
				                </button>
				            </span>
				        </div>
				    </div>
				</form>

			<ul class="nav navbar-nav">
                <li><a href="http://www.digestplus-us.schneider-electric.com/" target="_blank">DigestPLUS</a></li>
              	<li><a href='/portals/ui/digest/pages/landingPages/digest177'>Digest 177</a></li>
                <li><a href='/portals/ui/digest/pages/landingPages/digest177_supplement'>Supplemental Digest 177</a></li>
			</ul>
		</div>
	</div>
</header>

<div id="docTitle" class="sectionColor1">
  <div class="container">
    <div class="row">
      <div class="col-xs-12">
        <h3>        <span class="context-title">
          Section 8: Operating Mechanisms and Disconnect Switches
        </span>
</h3>
      </div>
    </div>
  </div>
</div>

  <div id="floatingDocTitle" class="sectionColor1">
    <div class="container">
      <div class="row">
        <div class="col-xs-12">
          <h3>        <span class="context-title">
          Section 8: Operating Mechanisms and Disconnect Switches
        </span>
</h3>
        </div>
      </div>
    </div>
  </div>

<!-- END HEADER -->
	
	<div class="container" id="tocPage">
      

      <div class="row">
        <div class="col-sm-10 col-sm-offset-1 col-xs-12 content-container" id="viewerContent"
                 	data-portalKey="562794fee4b05736848a7cb4"
                    data-itemKey="561d5f9ae4b0c5c41a24480f"
                    data-projectKey="561d5d65e4b0c5c41a243bf2">
              	
<div class="map bookmap" lang="English_en" data-xtrc="bookmap:1" data-xtrf="harp://561d5d65e4b0c5c41a243bf2/pr/ORIGINAL/Master%20Bookmap%20Content/17708_MAIN%20(bookmap)_0000055153.xml">
   <div class="topicmeta bookmeta" data-xtrc="bookmeta:1" lang="English_en">
      
      <div class="metadata" data-xtrc="metadata:1" lang="English_en">
         
         
      </div>
      
   </div>
   <ul id="toc">
      <li data-refid="_17708002_99758" class="topicref chapter brand:sd tocentry"><span class="topichead">Operating Mechanisms and Disconnect Switches</span><ul>
            <li data-refid="SelectionGuide-17DF82C8" class="topicref tocentry"><span class="topichead">Selection Guide</span><ul>
                  <li class="topicref tocentry"><a href="/portals/ui/digest/viewer/561d5d65e4b0c5c41a243bf2/561d5f9ae4b0c5c41a24480f/r/SelectionGuide-17DF82C8#_17708002_441492" data-refids=" _17708002_44149">Selection Guide</a></li>
               </ul>
            </li>
         </ul>
      </li>
      <li data-refid="_17708003_95070" class="topicref chapter brand:sd tocentry"><span class="topichead">UL508 Motor Disconnect Switches</span><ul>
            <li data-refid="_17708003_48530" class="topicref tocentry"><span class="topichead">Mini-Vario and Vario<sup class="ph sup" data-xtrc="sup:1" lang="English_en">™</sup> Assembled and Enclosed
                  Switches</span><ul>
                  <li class="topicref tocentry"><a href="/portals/ui/digest/viewer/561d5d65e4b0c5c41a243bf2/561d5f9ae4b0c5c41a24480f/r/_17708003_48530#IdentificationSystem-186D4F342" data-refids=" IdentificationSystem-186D4F34">Identification System</a></li>
                  <li class="topicref tocentry"><a href="/portals/ui/digest/viewer/561d5d65e4b0c5c41a243bf2/561d5f9ae4b0c5c41a24480f/r/_17708003_48530#_17708003_969872" data-refids=" _17708003_96987">Mini-Vario</a></li>
                  <li class="topicref tocentry"><a href="/portals/ui/digest/viewer/561d5d65e4b0c5c41a243bf2/561d5f9ae4b0c5c41a24480f/r/_17708003_48530#_17708004_1849122" data-refids=" _17708004_184912">Vario</a></li>
                  <li class="topicref tocentry"><a href="/portals/ui/digest/viewer/561d5d65e4b0c5c41a243bf2/561d5f9ae4b0c5c41a24480f/r/_17708003_48530#_17708004_Heading5_2282" data-refids=" _17708004_Heading5_228">Non-Metallic Enclosed Switches</a></li>
                  <li class="topicref tocentry"><a href="/portals/ui/digest/viewer/561d5d65e4b0c5c41a243bf2/561d5f9ae4b0c5c41a24480f/r/_17708003_48530#MetallicEnclosedSwitches-17E3C4F42" data-refids=" MetallicEnclosedSwitches-17E3C4F4">Metallic Enclosed Switches</a></li>
                  <li class="topicref tocentry"><a href="/portals/ui/digest/viewer/561d5d65e4b0c5c41a243bf2/561d5f9ae4b0c5c41a24480f/r/_17708003_48530#_17708005_642342" data-refids=" _17708005_64234">Vario Manual Motor Control Switches</a></li>
               </ul>
            </li>
            <li data-refid="_17708006_38405" class="topicref tocentry"><span class="topichead">Mini-Vario and Vario<sup class="ph sup" data-xtrc="sup:1" lang="English_en">™</sup> Accessories</span><ul>
                  <li class="topicref tocentry"><a href="/portals/ui/digest/viewer/561d5d65e4b0c5c41a243bf2/561d5f9ae4b0c5c41a24480f/r/_17708006_38405#Mini-VarioAndVarioTMAccessories-5837FA5C2" data-refids=" Mini-VarioAndVarioTMAccessories-5837FA5C">Mini-Vario and Vario<sup class="ph sup" data-xtrc="sup:1" lang="English_en">TM</sup> Accessories</a></li>
               </ul>
            </li>
            <li data-refid="_17708007_23378" class="topicref tocentry"><span class="topichead">MD Motor Disconnect Switches</span><ul>
                  <li class="topicref tocentry"><a href="/portals/ui/digest/viewer/561d5d65e4b0c5c41a243bf2/561d5f9ae4b0c5c41a24480f/r/_17708007_23378#MDMotorDisconnectSwitches-17E8E2E62" data-refids=" MDMotorDisconnectSwitches-17E8E2E6">MD Motor Disconnect Switches</a></li>
                  <li class="topicref tocentry"><a href="/portals/ui/digest/viewer/561d5d65e4b0c5c41a243bf2/561d5f9ae4b0c5c41a24480f/r/_17708007_23378#ExampleOfThePartsToBuildACompleteGS-17F33A2D2" data-refids=" ExampleOfThePartsToBuildACompleteGS-17F33A2D">Example of the Parts to Build a Complete GS or LK Switch</a></li>
               </ul>
            </li>
         </ul>
      </li>
      <li data-refid="_17708008_92402" class="topicref chapter brand:sd tocentry"><span class="topichead">UL98 IEC Style Disconnect Switches</span><ul>
            <li data-refid="_17708008_72466" class="topicref tocentry"><span class="topichead">LK4 Nonfusible and GS2 Fusible Disconnect Switches</span><ul>
                  <li class="topicref tocentry"><a href="/portals/ui/digest/viewer/561d5d65e4b0c5c41a243bf2/561d5f9ae4b0c5c41a24480f/r/_17708008_72466#_17708008_Heading5_52" data-refids=" _17708008_Heading5_5">LK4 Nonfusible Disconnect Switches</a></li>
                  <li class="topicref tocentry"><a href="/portals/ui/digest/viewer/561d5d65e4b0c5c41a243bf2/561d5f9ae4b0c5c41a24480f/r/_17708008_72466#GS2FusibleDisconnectSwitches-17E9AF972" data-refids=" GS2FusibleDisconnectSwitches-17E9AF97">GS2 Fusible Disconnect Switches</a></li>
                  <li class="topicref tocentry"><a href="/portals/ui/digest/viewer/561d5d65e4b0c5c41a243bf2/561d5f9ae4b0c5c41a24480f/r/_17708008_72466#FlangeHandleCableOperatorKitCableOp-81E48B45" data-refids=" CableOperatorKitsforGS2SwitchesCompatiblewithGSSwitchesupto_0000069179">Cable Operator Kits for GS2 Switches</a></li>
               </ul>
            </li>
            <li data-refid="_17708010_28536" class="topicref tocentry"><span class="topichead">Accessories, LK4 Nonfusible and GS2 Fusible</span><ul>
                  <li class="topicref tocentry"><a href="/portals/ui/digest/viewer/561d5d65e4b0c5c41a243bf2/561d5f9ae4b0c5c41a24480f/r/_17708010_28536#_17708010_Heading5_42" data-refids=" _17708010_Heading5_4">Accessories</a></li>
               </ul>
            </li>
            <li data-refid="_17708011_47125" class="topicref tocentry"><span class="topichead">Dimensions, LK4 Nonfusible and GS2 Fusible</span><ul>
                  <li class="topicref tocentry"><a href="/portals/ui/digest/viewer/561d5d65e4b0c5c41a243bf2/561d5f9ae4b0c5c41a24480f/r/_17708011_47125#_17708011_Heading5_42" data-refids=" _17708011_Heading5_4">LK4DU3CN and LK4GU3CN, 30–100&nbsp;A Compact Nonfusible
                        Disconnect Switches</a><ul>
                        <li class="topicref tocentry"><a href="/portals/ui/digest/viewer/561d5d65e4b0c5c41a243bf2/561d5f9ae4b0c5c41a24480f/r/_17708011_47125#_17708011_Heading5_62" data-refids=" _17708011_Heading5_6">Handle for 30–100&nbsp;A Compact Nonfusible Disconnect
                              Switches</a></li>
                     </ul>
                  </li>
                  <li class="topicref tocentry"><a href="/portals/ui/digest/viewer/561d5d65e4b0c5c41a243bf2/561d5f9ae4b0c5c41a24480f/r/_17708011_47125#_17708011_Heading5_82" data-refids=" _17708011_Heading5_8">LK4JU3N / LK4MU3N / LK4QU3N, 100–400&nbsp;A Nonfusible
                        Disconnect Switches—Dimensions</a></li>
                  <li class="topicref tocentry"><a href="/portals/ui/digest/viewer/561d5d65e4b0c5c41a243bf2/561d5f9ae4b0c5c41a24480f/r/_17708011_47125#_17708012_Heading5_42" data-refids=" _17708012_Heading5_4">LK4SU3N, 600&nbsp;A Nonfusible Disconnect Switches—Dimensions</a><ul>
                        <li class="topicref tocentry"><a href="/portals/ui/digest/viewer/561d5d65e4b0c5c41a243bf2/561d5f9ae4b0c5c41a24480f/r/_17708011_47125#HandleFor600AAnd800AFusibleDisconne-1844CCBB2" data-refids=" HandleFor600AAnd800AFusibleDisconne-1844CCBB">Handle for 600 A and 800 A Fusible Disconnect Switches</a></li>
                     </ul>
                  </li>
                  <li class="topicref tocentry"><a href="/portals/ui/digest/viewer/561d5d65e4b0c5c41a243bf2/561d5f9ae4b0c5c41a24480f/r/_17708011_47125#_17708012_Heading5_302" data-refids=" _17708012_Heading5_30">LK4TU3N / LK4UU3N / LK4WU3N, 800–1200&nbsp;A Nonfusible
                        Disconnect Switches—Dimensions</a><ul>
                        <li class="topicref tocentry"><a href="/portals/ui/digest/viewer/561d5d65e4b0c5c41a243bf2/561d5f9ae4b0c5c41a24480f/r/_17708011_47125#HandleFor8001200AFusibleDisconnectS-583805CE2" data-refids=" HandleFor8001200AFusibleDisconnectS-583805CE">Handle for 800–1200 A Fusible Disconnect Switches</a></li>
                     </ul>
                  </li>
                  <li class="topicref tocentry"><a href="/portals/ui/digest/viewer/561d5d65e4b0c5c41a243bf2/561d5f9ae4b0c5c41a24480f/r/_17708011_47125#_17708013_Heading5_42" data-refids=" _17708013_Heading5_4">GS1DDU3, 30&nbsp;A Fusible Disconnect Switches, Class CC Fuses
                        and GS1DU3, 30&nbsp;A Fusible Disconnect Switches, Class J Fuses—Dimensions</a></li>
                  <li class="topicref tocentry"><a href="/portals/ui/digest/viewer/561d5d65e4b0c5c41a243bf2/561d5f9ae4b0c5c41a24480f/r/_17708011_47125#_17708013_Heading5_372" data-refids=" _17708013_Heading5_37">GS2GU3N, 60&nbsp;A Fusible Disconnect Switches, Class J Fuses</a></li>
                  <li class="topicref tocentry"><a href="/portals/ui/digest/viewer/561d5d65e4b0c5c41a243bf2/561d5f9ae4b0c5c41a24480f/r/_17708011_47125#_17708013_Heading5_392" data-refids=" _17708013_Heading5_39">GS2JU3N, 100&nbsp;A Fusible Disconnect Switches, Class J Fuses</a></li>
                  <li class="topicref tocentry"><a href="/portals/ui/digest/viewer/561d5d65e4b0c5c41a243bf2/561d5f9ae4b0c5c41a24480f/r/_17708011_47125#_17708014_Heading5_42" data-refids=" _17708014_Heading5_4">GS2MU3N, 200&nbsp;A Fusible Disconnect Switches, Class J Fuses</a></li>
                  <li class="topicref tocentry"><a href="/portals/ui/digest/viewer/561d5d65e4b0c5c41a243bf2/561d5f9ae4b0c5c41a24480f/r/_17708011_47125#_17708014_Heading5_62" data-refids=" _17708014_Heading5_6">GS2QU3N, 400&nbsp;A Fusible Disconnect Switches, Class J Fuses</a></li>
                  <li class="topicref tocentry"><a href="/portals/ui/digest/viewer/561d5d65e4b0c5c41a243bf2/561d5f9ae4b0c5c41a24480f/r/_17708011_47125#_17708014_Heading5_82" data-refids=" _17708014_Heading5_8">GS2SU3, 600&nbsp;A Fusible Disconnect Switches, Class J FusesGS2TU3, 800&nbsp;A Fusible Disconnect
                        Switches, Class J
                        Fuses</a></li>
               </ul>
            </li>
         </ul>
      </li>
      <li data-refid="_17708015_89315" class="topicref chapter brand:sd tocentry"><span class="topichead">Flange Mounted and Cable Operated</span><ul>
            <li data-refid="_17708015_32735" class="topicref tocentry"><span class="topichead">Disconnect Switches</span><ul>
                  <li class="topicref tocentry"><a href="/portals/ui/digest/viewer/561d5d65e4b0c5c41a243bf2/561d5f9ae4b0c5c41a24480f/r/_17708015_32735#_17708015_Heading4_3422" data-refids=" _17708015_Heading4_342">Disconnect Switches</a><ul>
                        <li class="topicref tocentry"><a href="/portals/ui/digest/viewer/561d5d65e4b0c5c41a243bf2/561d5f9ae4b0c5c41a24480f/r/_17708015_32735#_17708015_Heading5_3422" data-refids=" _17708015_Heading5_342">Handle Information for 9422 Disconnect Switches</a></li>
                     </ul>
                  </li>
               </ul>
            </li>
            <li data-refid="_17708016_75650" class="topicref tocentry"><span class="topichead">Accessories, Disconnect Switches</span><ul>
                  <li class="topicref tocentry"><a href="/portals/ui/digest/viewer/561d5d65e4b0c5c41a243bf2/561d5f9ae4b0c5c41a24480f/r/_17708016_75650#_17708016_Heading5_42" data-refids=" _17708016_Heading5_4">Accessories</a><ul>
                        <li class="topicref tocentry"><a href="/portals/ui/digest/viewer/561d5d65e4b0c5c41a243bf2/561d5f9ae4b0c5c41a24480f/r/_17708016_75650#_17708016_Heading5_52" data-refids=" _17708016_Heading5_5">Class R Fuse Kits</a></li>
                        <li class="topicref tocentry"><a href="/portals/ui/digest/viewer/561d5d65e4b0c5c41a243bf2/561d5f9ae4b0c5c41a24480f/r/_17708016_75650#ElectricalInterlocksForDisconnectSw-1850A5FC2" data-refids=" ElectricalInterlocksForDisconnectSw-1850A5FC">Electrical Interlocks for Disconnect Switches</a></li>
                        <li class="topicref tocentry"><a href="/portals/ui/digest/viewer/561d5d65e4b0c5c41a243bf2/561d5f9ae4b0c5c41a24480f/r/_17708016_75650#_17708016_Heading5_1002" data-refids=" _17708016_Heading5_100">Internal Barrier Kits</a></li>
                        <li class="topicref tocentry"><a href="/portals/ui/digest/viewer/561d5d65e4b0c5c41a243bf2/561d5f9ae4b0c5c41a24480f/r/_17708016_75650#CableOperatorsFor9422DisconnectSwit-18512B652" data-refids=" CableOperatorsFor9422DisconnectSwit-18512B65">Cable Operators for 9422 Disconnect Switches</a></li>
                     </ul>
                  </li>
               </ul>
            </li>
            <li data-refid="_17708017_10152" class="topicref tocentry"><span class="topichead">Dimensions, Disconnect Switches</span><ul>
                  <li class="topicref tocentry"><a href="/portals/ui/digest/viewer/561d5d65e4b0c5c41a243bf2/561d5f9ae4b0c5c41a24480f/r/_17708017_10152#_17708017_Heading5_42" data-refids=" _17708017_Heading5_4">Dimensions</a></li>
                  <li class="topicref tocentry"><a href="/portals/ui/digest/viewer/561d5d65e4b0c5c41a243bf2/561d5f9ae4b0c5c41a24480f/r/_17708017_10152#_17708018_Heading5_42" data-refids=" _17708018_Heading5_4">Disconnect Switches—400&nbsp;A Type TG</a></li>
               </ul>
            </li>
         </ul>
      </li>
      <li data-refid="_17708019_63820" class="topicref chapter brand:sd tocentry"><span class="topichead">Operating Mechanisms for Circuit Breakers</span><ul>
            <li data-refid="_17708019_88638" class="topicref tocentry"><span class="topichead">Door Mounted</span><ul>
                  <li class="topicref tocentry"><a href="/portals/ui/digest/viewer/561d5d65e4b0c5c41a243bf2/561d5f9ae4b0c5c41a24480f/r/_17708019_88638#_17708019_Heading5_42" data-refids=" _17708019_Heading5_4">Type L Circuit Breaker Mechanisms</a></li>
                  <li class="topicref tocentry"><a href="/portals/ui/digest/viewer/561d5d65e4b0c5c41a243bf2/561d5f9ae4b0c5c41a24480f/r/_17708019_88638#DimensionsForTypeLOperatingMechanis-185876DC2" data-refids=" DimensionsForTypeLOperatingMechanis-185876DC">Dimensions for Type L Operating Mechanisms</a></li>
               </ul>
            </li>
            <li data-refid="_17708021_53351" class="topicref tocentry"><span class="topichead">Flexible Cable Mechanisms</span><ul>
                  <li class="topicref tocentry"><a href="/portals/ui/digest/viewer/561d5d65e4b0c5c41a243bf2/561d5f9ae4b0c5c41a24480f/r/_17708021_53351#FlexibleCableMechanisms-185A2D192" data-refids=" FlexibleCableMechanisms-185A2D19">Flexible Cable Mechanisms</a></li>
                  <li class="topicref tocentry"><a href="/portals/ui/digest/viewer/561d5d65e4b0c5c41a243bf2/561d5f9ae4b0c5c41a24480f/r/_17708021_53351#_17708022_404872" data-refids=" _17708022_40487">Dual Cable Operating Mechanisms for Square D<sup class="ph sup" data-xtrc="sup:1" lang="English_en">™</sup> Circuit Breakers</a></li>
                  <li class="topicref tocentry"><a href="/portals/ui/digest/viewer/561d5d65e4b0c5c41a243bf2/561d5f9ae4b0c5c41a24480f/r/_17708021_53351#_17708022_532272" data-refids=" _17708022_53227">Handle Mechanisms</a></li>
                  <li class="topicref tocentry"><a href="/portals/ui/digest/viewer/561d5d65e4b0c5c41a243bf2/561d5f9ae4b0c5c41a24480f/r/_17708021_53351#_17708022_1831722" data-refids=" _17708022_183172">Flange-Mounted, Variable-Depth Operating Mechanisms</a></li>
                  <li class="topicref tocentry"><a href="/portals/ui/digest/viewer/561d5d65e4b0c5c41a243bf2/561d5f9ae4b0c5c41a24480f/r/_17708021_53351#_17708023_1840492" data-refids=" _17708023_184049">Dimensions</a></li>
               </ul>
            </li>
         </ul>
      </li>
      <li data-refid="_17708024_13677" class="topicref chapter brand:sd tocentry"><span class="topichead">Operating Mechanisms, Accessories</span><ul>
            <li data-refid="_17708024_16335" class="topicref tocentry"><span class="topichead">Disconnect Switches and Circuit Breakers</span><ul>
                  <li class="topicref tocentry"><a href="/portals/ui/digest/viewer/561d5d65e4b0c5c41a243bf2/561d5f9ae4b0c5c41a24480f/r/_17708024_16335#_17708024_Heading5_42" data-refids=" _17708024_Heading5_4">Remote or Dual Adapter Kit</a></li>
               </ul>
            </li>
         </ul>
      </li>
      <li data-refid="_17708025_180051" class="topicref chapter brand:sd tocentry"><span class="topichead">Door Closing Mechanisms</span><ul>
            <li data-refid="_17708025_74346" class="topicref tocentry"><span class="topichead">Introduction</span><ul>
                  <li class="topicref tocentry"><a href="/portals/ui/digest/viewer/561d5d65e4b0c5c41a243bf2/561d5f9ae4b0c5c41a24480f/r/_17708025_74346#_17708025_Heading4_62" data-refids=" _17708025_Heading4_6">Door Closing Mechanisms</a></li>
               </ul>
            </li>
            <li data-refid="_17708026_41322" class="topicref tocentry"><span class="topichead">Types M5, M6, M1, and M8</span><ul>
                  <li class="topicref tocentry"><a href="/portals/ui/digest/viewer/561d5d65e4b0c5c41a243bf2/561d5f9ae4b0c5c41a24480f/r/_17708026_41322#_17708026_Heading5_42" data-refids=" _17708026_Heading5_4">Vault Type for Single and Multi-Door Enclosures</a></li>
               </ul>
            </li>
            <li data-refid="_17708027_24996" class="topicref tocentry"><span class="topichead">Single and Multi-Door Enclosures</span><ul>
                  <li class="topicref tocentry"><a href="/portals/ui/digest/viewer/561d5d65e4b0c5c41a243bf2/561d5f9ae4b0c5c41a24480f/r/_17708027_24996#_17708027_Heading5_72" data-refids=" _17708027_Heading5_7">Vault Type for Single and Multi-Door Enclosures</a></li>
               </ul>
            </li>
            <li data-refid="_17708028_40267" class="topicref tocentry"><span class="topichead">Types M5, M6, M1, and M8</span><ul>
                  <li class="topicref tocentry"><a href="/portals/ui/digest/viewer/561d5d65e4b0c5c41a243bf2/561d5f9ae4b0c5c41a24480f/r/_17708028_40267#_17708028_Heading5_42" data-refids=" _17708028_Heading5_4">Enclosure Construction and General Location Information For
                        Types M5 and M6</a></li>
                  <li class="topicref tocentry"><a href="/portals/ui/digest/viewer/561d5d65e4b0c5c41a243bf2/561d5f9ae4b0c5c41a24480f/r/_17708028_40267#_17708028_Heading5_602" data-refids=" _17708028_Heading5_60">Enclosure Construction and General Location Information For Types M1 and M8</a></li>
               </ul>
            </li>
         </ul>
      </li>
   </ul>
</div>        </div>
              
      </div>
          
<script type="text/javascript">
  var refId = '';
  $(document).ready(function() {
    
    function sendFeedback(feedback, type) {
      $.ajax({
        url : HARPPortal.getPortalRpcUrl('feedback'),
        type : type,
        data : JSON.stringify(feedback),
        contentType : 'application/json',
      });
    }

    function confirmFeedback(fromNegative) {
      $('#feedbackComponent').children().fadeOut(500);
      if (fromNegative) {
        $('#feedbackContainer').removeClass('col-xs-12 col-sm-6').addClass('col-sm-3');    
      }
      $('#feedbackComponent').html($('#feedbackConfirm').fadeIn(500));
    }

    $('.feedbackButton').click(function(event) {
      var feedback = {}, contentElement = $("#viewerContent");

      feedback.id = $('body').attr('data-pageId');
      feedback.topicUseful = this.value;
      feedback.portalKey = contentElement.attr("data-portalKey");
      feedback.topicKey = contentElement.attr("data-itemKey");
      feedback.projectKey = contentElement.attr("data-projectKey");
      feedback.parentKey = contentElement.attr("data-parentKey");
      feedback.refId = refId;

      sendFeedback(feedback, 'POST');
      
      $('#feedbackCommentLabel').text(this.value === 'true' ? 'Why do you think this was helpful?' : 'Why do you think this was not helpful?');

      $('#feedbackComponent').children().fadeOut(500);
      $('#feedbackContainer').removeClass('col-sm-3').addClass('col-xs-12 col-sm-6');
      $('#feedbackComponent').html($('#feedbackComment').fadeIn(500));

      $('#commentButton').click(function() {
        $('#feedbackComponent').off('keypress');
        var comment = $("#feedbackInput").val().trim();
        if (comment !== "") {
          feedback.comment = comment;
          sendFeedback(feedback, 'PUT');
        }
        confirmFeedback(true);
      });

      $('#feedbackInput').focus();

      $('#feedbackComponent').on('keypress', function(e) {
        if (e.which === 13) {
          $('#commentButton').trigger('click');
        }
      });

    });
  });   
</script>

<div class="row">
  <div class="col-sm-3 pull-right" id="feedbackContainer">
    <div id="feedbackComponent">
      <div id="feedbackHelpful">
        <p>Was this helpful?</p>
        <div id="buttonDiv">
          <button class="btn btn-primary btn-xs feedbackButton" value="true">Yes</button>
          <button class="btn btn-primary btn-xs feedbackButton" value="false">No</button>
        </div>
      </div>
    </div>
  </div>
  <div id="feedbackConfirm" style="display: none">Thanks!</div>
  <div id="feedbackComment" style="display: none">
    <label for="feedbackInput" id="feedbackCommentLabel">Tell us why!</label><br>
    <textarea rows="4" id="feedbackInput"></textarea><br>
    <button class="btn btn-primary btn-xs" id="commentButton">Send</button>
  </div>
</div>
                        
        <div class="col-sm-10 col-sm-offset-1 col-xs-11">

         </div>
          
	</div>
<!-- BEGIN footer -->
<footer class="navbar navbar-default harp-portal-footer" style="width: 100%; margin: 20px 0 0 0;"> <!-- navbar-fixed-bottom  -->
	<div class="container">
  <p class="navbar-text navbar-left hidden-xs">
    <span class="glyphicon glyphicon-qrcode" id="qrcodeLink"
          title="Show QR code for this page"></span>
  </p>
  <img src="/portals/qrgen?url=http%3A%2F%2Fwww.productinfo.schneider-electric.com%2Fportals%2Fui%2Fdigest%2Fviewer%2F561d5d65e4b0c5c41a243bf2%2Fnocontext%2FMaster%2BBookmap%2BContent%2F17708_MAIN%2B(bookmap)_0000055153.xml&size=180"
       id="qrcode"
       style="width: 180px; height: 180px;"
       alt="QR code for this page"
       title="QR code for this page">
<script>
  $(function() {
    var $qr = $('#qrcode')
    , $link = $('#qrcodeLink')
    , on = $qr.is('visible')
    , shown = false;
    ;

    function show() {
      var pos = $link.position();
      $qr.css({
        left: pos.left + 'px',
        bottom: ($link.outerHeight() + 20) + 'px'
      });
      $qr.fadeIn();
      on = true;
      shown = true;
    }

    function toggle() {
      if (on) {
        $qr.fadeOut();
        on = false;
      } else {
        show();
      }
    }

    $link.click(toggle);
    $qr.click(toggle);
    $link.mouseover(function() {
      if (!shown) {
        show();
      }
    });
  });
</script>
<!--		<p class="navbar-text navbar-right">
			<a href="https://td-demo.titaniasoftware.com/portals/ui/website/pages/product/delivery"
				class="navbar-link harp-footer-link" target="_blank">Powered by Titania Delivery</a>
		      <a id="footerLogo" href="http://www.titaniasoftware.com"
                class="navbar-link harp-footer-link" target="_blank">
                <img src="/portals/ui/_theme/digest/images/titania-logo_128w.png"
                        style="width: 43px; height: 16px;" alt="Titania Delivery" title="Titania Delivery">
             </a>
		</p>-->
	</div>
</footer>
<!-- END footer --></body>
</html>