<!DOCTYPE html>
<html>
<head>
<link rel="shortcut icon" href="/portals/ui/_theme/digest/favicon.ico" mce_href="/portals/ui/_theme/digest/favicon.ico" type="image/x-icon"/>
<meta name="viewport" content="width=device-width, initial-scale=1.0">
<meta http-equiv="X-UA-Compatible" content="IE=11">
<!-- HTML5 Shim and Respond.js IE8 support of HTML5 elements and media queries -->
<!--[if lt IE 9]>
  <script src="https://oss.maxcdn.com/libs/html5shiv/3.7.0/html5shiv.js"></script>
  <script src="https://oss.maxcdn.com/libs/respond.js/1.3.0/respond.min.js"></script>
<![endif]-->

<title>Section 3: Safety Switches - Digest 177</title>

<script type="text/javascript" src="/portals/resources/scripts/libs/jquery-1.11.0.min.js"></script>

<script type="text/javascript" src="/portals/ui/_theme/digest/scripts/bannerfix.js"></script>
<link rel="stylesheet" href="/portals/ui/_theme/digest/style/harp-portals.less"></link>
<script type="text/javascript" src="/portals/ui/_theme/digest/scripts/bootstrap.min.js"></script>
<script type="text/javascript" src="/portals/resources/scripts/harp-sdk.js"></script><link rel="stylesheet" href="/portals/resources/cm/cm.css"></link>
<script type="text/javascript" src="/portals/resources/scripts/libs/moment.min.js"></script>
<script type="text/javascript" src="/portals/resources/cm/cm.js"></script>

<script>
  (function(i,s,o,g,r,a,m){i['GoogleAnalyticsObject']=r;i[r]=i[r]||function(){
  (i[r].q=i[r].q||[]).push(arguments)},i[r].l=1*new Date();a=s.createElement(o),
  m=s.getElementsByTagName(o)[0];a.async=1;a.src=g;m.parentNode.insertBefore(a,m)
  })(window,document,'script','//www.google-analytics.com/analytics.js','ga');

  ga('create', 'UA-39869895-2', 'auto');
  ga('send', 'pageview');

</script>

<script>
$(function() {
    $('li.topicref.harp-portal-filter-exclude > a').click(function(e) {
        alert("This content is currently unavailable.");
        e.preventDefault();
        return false;
    });
});
</script>

</head>

<body class="readerPage" data-pageId=79309ae9-bbb6-4975-ae71-d7647c7a6d99>


<!-- BEGIN HEADER -->
<header class="navbar navbar-default" id="harp-header-bar" role="navigation">
	<div class="container">
		<div class="navbar-header">
			<button type="button" class="navbar-toggle" data-toggle="collapse"
				data-target=".navbar-collapse">
				<span class="sr-only">Toggle navigation</span> <span
					class="icon-bar"></span> <span class="icon-bar"></span> <span
					class="icon-bar"></span>
			</button>
			<a class="navbar-brand" style="padding: 0 50px 0 0" href="http://www.schneider-electric.com/us/en" target="_blank">
  			<img src="/portals/ui/_theme/digest/images/Logo_SE_White_Transparent_RGB.PNG" style="width: 226px; height: 52px;" class="hidden-xs">
			<img src="/portals/ui/_theme/digest/images/Logo_SE_White_Transparent_RGB.PNG" style="width: 170px; height: 39px; margin-top: 3px;" class="visible-xs">
            </a>

              <!-- <a href='/portals/ui/digest/'
	               class="header-logo-link">
	                <img src="/portals/ui/_theme/digest/images/se_logo.gif" class="header-logo">
	           	</a> -->
	            <!-- <a href='/portals/ui/digest/'>
	             Digest 177
	            </a> -->
			<!-- </span>  -->
		</div>

		<div class="navbar-collapse collapse" id="headerMenu">

				<form role="search" action='/portals/ui/digest/search' class="navbar-form navbar-right hidden-xs">
					<div class="form-group">
						<label class="sr-only" for="headerTerm">Search Term</label> <input
							type="text" placeholder="Search" class="form-control"
							id="headerTerm" name="term">
					</div>
                    <button type="submit" class="btn btn-primary">
                        <span class="glyphicon glyphicon-search"></span>
                    </button>
				</form>
				<form role="search" action='/portals/ui/digest/search' class="navbar-form navbar-right navbar-input-group visible-xs">
				    <div class="form-group">
				        <label class="sr-only" for="headerTerm">Search Term</label>
				        <div class="input-group">
				            <input type="text" placeholder="Search" class="form-control"
				                id="headerTerm" name="term">
				            <span class="input-group-btn">
				                <button type="submit" class="btn btn-primary">
				                    <span class="glyphicon glyphicon-search"></span>
				                </button>
				            </span>
				        </div>
				    </div>
				</form>

			<ul class="nav navbar-nav">
                <li><a href="http://www.digestplus-us.schneider-electric.com/" target="_blank">DigestPLUS</a></li>
              	<li><a href='/portals/ui/digest/pages/landingPages/digest177'>Digest 177</a></li>
                <li><a href='/portals/ui/digest/pages/landingPages/digest177_supplement'>Supplemental Digest 177</a></li>
			</ul>
		</div>
	</div>
</header>

<div id="docTitle" class="sectionColor3">
  <div class="container">
    <div class="row">
      <div class="col-xs-12">
        <h3>        <span class="context-title">
          Section 3: Safety Switches
        </span>
</h3>
      </div>
    </div>
  </div>
</div>

  <div id="floatingDocTitle" class="sectionColor3">
    <div class="container">
      <div class="row">
        <div class="col-xs-12">
          <h3>        <span class="context-title">
          Section 3: Safety Switches
        </span>
</h3>
        </div>
      </div>
    </div>
  </div>

<!-- END HEADER -->
	
	<div class="container" id="tocPage">
      

      <div class="row">
        <div class="col-sm-10 col-sm-offset-1 col-xs-12 content-container" id="viewerContent"
                 	data-portalKey="562794fee4b05736848a7cb4"
                    data-itemKey="561d5f9ae4b0c5c41a244800"
                    data-projectKey="561d5d65e4b0c5c41a243bf2">
              	
<div class="map bookmap" lang="English_en" data-xtrc="bookmap:1" data-xtrf="harp://561d5d65e4b0c5c41a243bf2/pr/ORIGINAL/Master%20Bookmap%20Content/17703_MAIN%20(bookmap)_0000060130.xml">
   <div class="topicmeta bookmeta" data-xtrc="bookmeta:1" lang="English_en">
      
      <div class="metadata" data-xtrc="metadata:1" lang="English_en">
         
         
      </div>
      
   </div>
   <ul id="toc">
      <li data-refid="_17703002_16288" class="topicref chapter brand:sd tocentry"><span class="topichead">Light Duty Safety Switches</span><ul>
            <li data-refid="concept-1-195E2BF4" class="topicref tocentry"><span class="topichead">Safety Switches</span><ul>
                  <li class="topicref tocentry"><a href="/portals/ui/digest/viewer/561d5d65e4b0c5c41a243bf2/561d5f9ae4b0c5c41a244800/r/concept-1-195E2BF4#_17703002_Heading5_32" data-refids=" _17703002_Heading5_3">Light Duty—Visible Blades 10 kA Short Circuit Current
                        Rating</a></li>
               </ul>
            </li>
         </ul>
      </li>
      <li data-refid="_17703003_75820" class="topicref chapter brand:sd tocentry"><span class="topichead">General Duty Safety Switches</span><ul>
            <li data-refid="GeneralDutyUpTo100KAShortCircuitCur-80671D9E" class="topicref tocentry"><span class="topichead">General Duty—Up to 100 kA Short Circuit Current Rating</span><ul>
                  <li class="topicref tocentry"><a href="/portals/ui/digest/viewer/561d5d65e4b0c5c41a243bf2/561d5f9ae4b0c5c41a244800/r/GeneralDutyUpTo100KAShortCircuitCur-80671D9E#_17703002_Heading5_492" data-refids=" _17703002_Heading5_49">General Duty—Up To 100 kA Short Circuit Current Rating</a></li>
                  <li class="topicref tocentry"><a href="/portals/ui/digest/viewer/561d5d65e4b0c5c41a243bf2/561d5f9ae4b0c5c41a244800/r/GeneralDutyUpTo100KAShortCircuitCur-80671D9E#FusibleSwitches-805F474C2" data-refids=" FusibleSwitches-805F474C">240 Volt—Single Throw Fusible Switches</a></li>
                  <li class="topicref tocentry"><a href="/portals/ui/digest/viewer/561d5d65e4b0c5c41a243bf2/561d5f9ae4b0c5c41a244800/r/GeneralDutyUpTo100KAShortCircuitCur-80671D9E#Non-FusibleSwitches-805FA4362" data-refids=" Non-FusibleSwitches-805FA436">240 Volt—Single Throw Non-Fusible Switches</a></li>
                  <li class="topicref tocentry"><a href="/portals/ui/digest/viewer/561d5d65e4b0c5c41a243bf2/561d5f9ae4b0c5c41a244800/r/GeneralDutyUpTo100KAShortCircuitCur-80671D9E#ULListedMaximumShortCircuitCurrentR-805FC6A92" data-refids=" ULListedMaximumShortCircuitCurrentR-805FC6A9">UL Listed Maximum Short Circuit Current Ratings — AC
                        Only</a></li>
               </ul>
            </li>
            <li data-refid="AccessoriesAndLugData-7FCF462B" class="topicref tocentry"><span class="topichead">Accessories and Lug Data</span><ul>
                  <li class="topicref tocentry"><a href="/portals/ui/digest/viewer/561d5d65e4b0c5c41a243bf2/561d5f9ae4b0c5c41a244800/r/AccessoriesAndLugData-7FCF462B#Field-InstalledFusePullerKits-7FCF9E0F2" data-refids=" Field-InstalledFusePullerKits-7FCF9E0F">Field-Installed Fuse Puller Kits</a></li>
                  <li class="topicref tocentry"><a href="/portals/ui/digest/viewer/561d5d65e4b0c5c41a243bf2/561d5f9ae4b0c5c41a244800/r/AccessoriesAndLugData-7FCF462B#Field-InstalledElectricalInterlockK-7FCFBA652" data-refids=" Field-InstalledElectricalInterlockK-7FCFBA65">Field-Installed Electrical Interlock Kits</a></li>
                  <li class="topicref tocentry"><a href="/portals/ui/digest/viewer/561d5d65e4b0c5c41a243bf2/561d5f9ae4b0c5c41a244800/r/AccessoriesAndLugData-7FCF462B#EquipmentGroundingKits-806242552" data-refids=" EquipmentGroundingKits-80624255">Equipment Grounding Kits</a></li>
                  <li class="topicref tocentry"><a href="/portals/ui/digest/viewer/561d5d65e4b0c5c41a243bf2/561d5f9ae4b0c5c41a244800/r/AccessoriesAndLugData-7FCF462B#Field-InstalledLugKit400A600A-80653B422" data-refids=" Field-InstalledLugKit400A600A-80653B42">Field-Installed Lug Kit 400 A – 600 A</a></li>
                  <li class="topicref tocentry"><a href="/portals/ui/digest/viewer/561d5d65e4b0c5c41a243bf2/561d5f9ae4b0c5c41a244800/r/AccessoriesAndLugData-7FCF462B#TerminalLugData-8064F7662" data-refids=" TerminalLugData-8064F766">Terminal Lug Data</a></li>
               </ul>
            </li>
            <li data-refid="DimensionsForGeneralDutySafetySwitc-7F6FB763" class="topicref tocentry"><span class="topichead">Dimensions for General Duty Safety Switches</span><ul>
                  <li class="topicref tocentry"><a href="/portals/ui/digest/viewer/561d5d65e4b0c5c41a243bf2/561d5f9ae4b0c5c41a244800/r/DimensionsForGeneralDutySafetySwitc-7F6FB763#DimensionsForGeneralDutySafetySwitc-7F7031752" data-refids=" DimensionsForGeneralDutySafetySwitc-7F703175">Dimensions for General Duty Safety Switches</a></li>
               </ul>
            </li>
         </ul>
      </li>
      <li data-refid="_17703004_41943" class="topicref chapter brand:sd tocentry"><span class="topichead">Heavy Duty Safety Switches</span><ul>
            <li data-refid="_17703004_71972" class="topicref tocentry"><span class="topichead">240 Volt—Single Throw Fusible Switches</span><ul>
                  <li class="topicref tocentry"><a href="/portals/ui/digest/viewer/561d5d65e4b0c5c41a243bf2/561d5f9ae4b0c5c41a244800/r/_17703004_71972#HeavyDutySafetySwitches-195E5F0F2" data-refids=" HeavyDutySafetySwitches-195E5F0F">Heavy Duty Safety Switches</a></li>
               </ul>
            </li>
            <li data-refid="_17703005_Heading2_2" class="topicref tocentry"><span class="topichead">600 Volt—Single Throw Fusible Switches</span><ul>
                  <li class="topicref tocentry"><a href="/portals/ui/digest/viewer/561d5d65e4b0c5c41a243bf2/561d5f9ae4b0c5c41a244800/r/_17703005_Heading2_2#VoltsSingleThrowFusibleSwitches-195F06092" data-refids=" VoltsSingleThrowFusibleSwitches-195F0609">600 Volt—Single Throw Fusible</a><ul>
                        <li class="topicref tocentry"><a href="/portals/ui/digest/viewer/561d5d65e4b0c5c41a243bf2/561d5f9ae4b0c5c41a244800/r/_17703005_Heading2_2#_17703005_555772" data-refids=" _17703005_55577">Class H, R, J, and L Fuse Provisions:</a></li>
                     </ul>
                  </li>
               </ul>
            </li>
            <li data-refid="VoltSingleThrowNon-FusibleSwitches-8067EB1D" class="topicref tocentry"><span class="topichead">600 Volt—Single Throw Non-Fusible Switches</span><ul>
                  <li class="topicref tocentry"><a href="/portals/ui/digest/viewer/561d5d65e4b0c5c41a243bf2/561d5f9ae4b0c5c41a244800/r/VoltSingleThrowNon-FusibleSwitches-8067EB1D#_17703006_785742" data-refids=" _17703006_78574">600 Volt—Single Throw Non-Fusible</a></li>
               </ul>
            </li>
            <li data-refid="ULListedMaximumShortCircuitCurrentR-8071BF65" class="topicref tocentry"><span class="topichead">UL Listed Maximum Short Circuit Current Ratings—AC only</span><ul>
                  <li class="topicref tocentry"><a href="/portals/ui/digest/viewer/561d5d65e4b0c5c41a243bf2/561d5f9ae4b0c5c41a244800/r/ULListedMaximumShortCircuitCurrentR-8071BF65#_17703006_Heading5_5982" data-refids=" _17703006_Heading5_598">UL Listed Maximum Short Circuit Current Ratings—AC only</a></li>
                  <li class="topicref tocentry"><a href="/portals/ui/digest/viewer/561d5d65e4b0c5c41a243bf2/561d5f9ae4b0c5c41a244800/r/ULListedMaximumShortCircuitCurrentR-8071BF65#_17703006_Heading5_6162" data-refids=" _17703006_Heading5_616">Non-Fusible Safety Switches</a></li>
               </ul>
            </li>
            <li data-refid="_17703007_16022" class="topicref tocentry"><span class="topichead">Special Applications</span><ul>
                  <li class="topicref tocentry"><a href="/portals/ui/digest/viewer/561d5d65e4b0c5c41a243bf2/561d5f9ae4b0c5c41a244800/r/_17703007_16022#_17703007_Heading4_42" data-refids=" _17703007_Heading4_4">Special Application Heavy Duty Safety Switches</a><ul>
                        <li class="topicref tocentry"><a href="/portals/ui/digest/viewer/561d5d65e4b0c5c41a243bf2/561d5f9ae4b0c5c41a244800/r/_17703007_16022#_17703007_Heading5_42" data-refids=" _17703007_Heading5_4">316 Grade Stainless Steel—NEMA 3, 3R, 4, 4X, 5, 12</a></li>
                        <li class="topicref tocentry"><a href="/portals/ui/digest/viewer/561d5d65e4b0c5c41a243bf2/561d5f9ae4b0c5c41a244800/r/_17703007_16022#_17703007_Heading5_1222" data-refids=" _17703007_Heading5_122">Fiberglass Reinforced Polyester Enclosures—NEMA 4X</a></li>
                        <li class="topicref tocentry"><a href="/portals/ui/digest/viewer/561d5d65e4b0c5c41a243bf2/561d5f9ae4b0c5c41a244800/r/_17703007_16022#_17703007_Heading5_2442" data-refids=" _17703007_Heading5_244">Krydon<sup class="ph sup" data-xtrc="sup:1" lang="English_en">TM</sup> Enclosures—NEMA 4X</a></li>
                        <li class="topicref tocentry"><a href="/portals/ui/digest/viewer/561d5d65e4b0c5c41a243bf2/561d5f9ae4b0c5c41a244800/r/_17703007_16022#_17703007_Heading5_3452" data-refids=" _17703007_Heading5_345">NEMA 7 and 9</a></li>
                     </ul>
                  </li>
               </ul>
            </li>
            <li data-refid="_17703009_Heading2_2" class="topicref tocentry"><span class="topichead">Receptacle Switches</span><ul>
                  <li class="topicref tocentry"><a href="/portals/ui/digest/viewer/561d5d65e4b0c5c41a243bf2/561d5f9ae4b0c5c41a244800/r/_17703009_Heading2_2#_17703009_Heading5_32" data-refids=" _17703009_Heading5_3">Interlocked Receptacle Switches</a></li>
                  <li class="topicref tocentry"><a href="/portals/ui/digest/viewer/561d5d65e4b0c5c41a243bf2/561d5f9ae4b0c5c41a244800/r/_17703009_Heading2_2#_17703009_Heading5_92" data-refids=" _17703009_Heading5_9">Appleton Powertite Receptacle</a></li>
                  <li class="topicref tocentry"><a href="/portals/ui/digest/viewer/561d5d65e4b0c5c41a243bf2/561d5f9ae4b0c5c41a244800/r/_17703009_Heading2_2#_17703009_Heading5_1392" data-refids=" _17703009_Heading5_139">Crouse-Hinds Arktite Receptacle</a></li>
                  <li class="topicref tocentry"><a href="/portals/ui/digest/viewer/561d5d65e4b0c5c41a243bf2/561d5f9ae4b0c5c41a244800/r/_17703009_Heading2_2#_17703009_Heading5_2472" data-refids=" _17703009_Heading5_247">Hubbellock Receptacle</a></li>
               </ul>
            </li>
            <li data-refid="_17703012_Heading2_2" class="topicref tocentry"><span class="topichead">Accessories and Special Features</span><ul>
                  <li class="topicref tocentry"><a href="/portals/ui/digest/viewer/561d5d65e4b0c5c41a243bf2/561d5f9ae4b0c5c41a244800/r/_17703012_Heading2_2#_17703010_Heading4_1002" data-refids=" _17703010_Heading4_100">Rainproof Bolt-On Hubs</a></li>
                  <li class="topicref tocentry"><a href="/portals/ui/digest/viewer/561d5d65e4b0c5c41a243bf2/561d5f9ae4b0c5c41a244800/r/_17703012_Heading2_2#_17703010_Heading5_1002" data-refids=" _17703010_Heading5_100">Electrical Interlock Kits</a></li>
                  <li class="topicref tocentry"><a href="/portals/ui/digest/viewer/561d5d65e4b0c5c41a243bf2/561d5f9ae4b0c5c41a244800/r/_17703012_Heading2_2#_17703010_Heading5_1542" data-refids=" _17703010_Heading5_154">Class R Fuse Kits</a></li>
                  <li class="topicref tocentry"><a href="/portals/ui/digest/viewer/561d5d65e4b0c5c41a243bf2/561d5f9ae4b0c5c41a244800/r/_17703012_Heading2_2#_17703010_Heading5_2382" data-refids=" _17703010_Heading5_238">Internal Barrier Kits</a></li>
                  <li class="topicref tocentry"><a href="/portals/ui/digest/viewer/561d5d65e4b0c5c41a243bf2/561d5f9ae4b0c5c41a244800/r/_17703012_Heading2_2#_17703010_Heading5_2822" data-refids=" _17703010_Heading5_282">Fuse Puller Kits</a></li>
                  <li class="topicref tocentry"><a href="/portals/ui/digest/viewer/561d5d65e4b0c5c41a243bf2/561d5f9ae4b0c5c41a244800/r/_17703012_Heading2_2#_17703011_Heading4_882" data-refids=" _17703011_Heading4_88">Solid Neutral Assembly Kits</a></li>
                  <li class="topicref tocentry"><a href="/portals/ui/digest/viewer/561d5d65e4b0c5c41a243bf2/561d5f9ae4b0c5c41a244800/r/_17703012_Heading2_2#_17703011_Heading5_882" data-refids=" _17703011_Heading5_88">Equipment Grounding Kits</a></li>
                  <li class="topicref tocentry"><a href="/portals/ui/digest/viewer/561d5d65e4b0c5c41a243bf2/561d5f9ae4b0c5c41a244800/r/_17703012_Heading2_2#_17703011_Heading5_1842" data-refids=" _17703011_Heading5_184">Special Paint and Touch-Up Paint</a></li>
                  <li class="topicref tocentry"><a href="/portals/ui/digest/viewer/561d5d65e4b0c5c41a243bf2/561d5f9ae4b0c5c41a244800/r/_17703012_Heading2_2#_17703011_Heading5_2372" data-refids=" _17703011_Heading5_237">Lock-Off Guard Kits<span class="ph" data-xtrc="ph:1" lang="English_en"> 
                           
                           
                           </span>
                        </a></li>
                  <li class="topicref tocentry"><a href="/portals/ui/digest/viewer/561d5d65e4b0c5c41a243bf2/561d5f9ae4b0c5c41a244800/r/_17703012_Heading2_2#_17703012_169402" data-refids=" _17703012_16940">Key Interlock Systems</a></li>
                  <li class="topicref tocentry"><a href="/portals/ui/digest/viewer/561d5d65e4b0c5c41a243bf2/561d5f9ae4b0c5c41a244800/r/_17703012_Heading2_2#_17703012_Heading5_252" data-refids=" _17703012_Heading5_25">Lock-ON Provisions</a></li>
                  <li class="topicref tocentry"><a href="/portals/ui/digest/viewer/561d5d65e4b0c5c41a243bf2/561d5f9ae4b0c5c41a244800/r/_17703012_Heading2_2#_17703012_Heading5_372" data-refids=" _17703012_Heading5_37">
                        <b class="ph b" data-xtrc="b:1" lang="English_en">Cover Viewing Window</b>
                        </a></li>
                  <li class="topicref tocentry"><a href="/portals/ui/digest/viewer/561d5d65e4b0c5c41a243bf2/561d5f9ae4b0c5c41a244800/r/_17703012_Heading2_2#_17703012_Heading5_622" data-refids=" _17703012_Heading5_62">Voltage Monitors</a></li>
                  <li class="topicref tocentry"><a href="/portals/ui/digest/viewer/561d5d65e4b0c5c41a243bf2/561d5f9ae4b0c5c41a244800/r/_17703012_Heading2_2#_17703012_Heading5_642" data-refids=" _17703012_Heading5_64">Copper Lug Kits</a></li>
                  <li class="topicref tocentry"><a href="/portals/ui/digest/viewer/561d5d65e4b0c5c41a243bf2/561d5f9ae4b0c5c41a244800/r/_17703012_Heading2_2#_17703012_Heading5_1062" data-refids=" _17703012_Heading5_106">Double Lug Kits</a></li>
               </ul>
            </li>
            <li data-refid="_17703013_Heading2_2" class="topicref tocentry"><span class="topichead">Dimensions for Heavy Duty Safety Switches</span><ul>
                  <li class="topicref tocentry"><a href="/portals/ui/digest/viewer/561d5d65e4b0c5c41a243bf2/561d5f9ae4b0c5c41a244800/r/_17703013_Heading2_2#DimensionsNEMAType1And3R-1D8341072" data-refids=" DimensionsNEMAType1And3R-1D834107">NEMA Type 1 and 3R</a></li>
                  <li class="topicref tocentry"><a href="/portals/ui/digest/viewer/561d5d65e4b0c5c41a243bf2/561d5f9ae4b0c5c41a244800/r/_17703013_Heading2_2#DimensionsNEMAType44X579And12-1D87F97B2" data-refids=" DimensionsNEMAType44X579And12-1D87F97B">NEMA Type 4, 4X, 5, 7, 9, and 12</a></li>
               </ul>
            </li>
         </ul>
      </li>
      <li data-refid="DoubleThrowSafety-19DB4E0E" class="topicref chapter brand:sd tocentry"><span class="topichead">Double Throw Safety Switches</span><ul>
            <li data-refid="_17703015_Heading2_2" class="topicref tocentry"><span class="topichead">Fusible and Non-Fusible Overview</span><ul>
                  <li class="topicref tocentry"><a href="/portals/ui/digest/viewer/561d5d65e4b0c5c41a243bf2/561d5f9ae4b0c5c41a244800/r/_17703015_Heading2_2#_17703015_218862" data-refids=" _17703015_21886">30–100 A Types DT, DTU (Series F)</a></li>
                  <li class="topicref tocentry"><a href="/portals/ui/digest/viewer/561d5d65e4b0c5c41a243bf2/561d5f9ae4b0c5c41a244800/r/_17703015_Heading2_2#_17703015_689102" data-refids=" _17703015_68910">30 (Series T4), 200–600 A Types 82,000 and 200 A DTU (Series E, A)</a></li>
               </ul>
            </li>
            <li data-refid="_17703016_19770" class="topicref tocentry"><span class="topichead">240 Volt — Double Throw Safety Switches</span><ul>
                  <li class="topicref tocentry"><a href="/portals/ui/digest/viewer/561d5d65e4b0c5c41a243bf2/561d5f9ae4b0c5c41a244800/r/_17703016_19770#VoltDouble-ThrowSafetySwitches-19653ADC2" data-refids=" VoltDouble-ThrowSafetySwitches-19653ADC">Double-Throw Safety Switches</a></li>
               </ul>
            </li>
            <li data-refid="_17703017_Heading2_2" class="topicref tocentry"><span class="topichead">600 Volt — Double Throw Safety Switches</span><ul>
                  <li class="topicref tocentry"><a href="/portals/ui/digest/viewer/561d5d65e4b0c5c41a243bf2/561d5f9ae4b0c5c41a244800/r/_17703017_Heading2_2#_17703017_813282" data-refids=" _17703017_81328">Double Throw Safety Switches</a></li>
               </ul>
            </li>
            <li data-refid="_17703018_Heading2_2" class="topicref tocentry"><span class="topichead">Accessories and Lug Data</span><ul>
                  <li class="topicref tocentry"><a href="/portals/ui/digest/viewer/561d5d65e4b0c5c41a243bf2/561d5f9ae4b0c5c41a244800/r/_17703018_Heading2_2#_17703018_832572" data-refids=" _17703018_83257">Accessories</a></li>
               </ul>
            </li>
            <li data-refid="_17703019_Heading2_2" class="topicref tocentry"><span class="topichead">Application Data</span><ul>
                  <li class="topicref tocentry"><a href="/portals/ui/digest/viewer/561d5d65e4b0c5c41a243bf2/561d5f9ae4b0c5c41a244800/r/_17703019_Heading2_2#_17703019_779042" data-refids=" _17703019_77904">Application Data for Double Throw Safety Switches</a></li>
               </ul>
            </li>
            <li data-refid="TerminalLugData-806AF2DA" class="topicref tocentry"><span class="topichead">Terminal Lug Data</span><ul>
                  <li class="topicref tocentry"><a href="/portals/ui/digest/viewer/561d5d65e4b0c5c41a243bf2/561d5f9ae4b0c5c41a244800/r/TerminalLugData-806AF2DA#TerminalLugData-806A85972" data-refids=" TerminalLugData-806A8597">Terminal Lug Data</a></li>
               </ul>
            </li>
            <li data-refid="_17703020_Heading2_2" class="topicref tocentry"><span class="topichead">Dimensions for Double Throw Safety Switches</span><ul>
                  <li class="topicref tocentry"><a href="/portals/ui/digest/viewer/561d5d65e4b0c5c41a243bf2/561d5f9ae4b0c5c41a244800/r/_17703020_Heading2_2#_17703020_777622" data-refids=" _17703020_77762">Series F Devices 30–100 A</a></li>
                  <li class="topicref tocentry"><a href="/portals/ui/digest/viewer/561d5d65e4b0c5c41a243bf2/561d5f9ae4b0c5c41a244800/r/_17703020_Heading2_2#_17703021_654572" data-refids=" _17703021_65457">Series A, E, and T4 Devices</a></li>
               </ul>
            </li>
         </ul>
      </li>
      <li data-refid="_17703022_83129" class="topicref chapter tocentry"><span class="topichead">Photovoltaic Disconnect Switches</span><ul>
            <li data-refid="_17703022_83133" class="topicref tocentry"><span class="topichead">1000 Vdc Photovoltaic Heavy Duty Disconnect Switch</span><ul>
                  <li class="topicref tocentry"><a href="/portals/ui/digest/viewer/561d5d65e4b0c5c41a243bf2/561d5f9ae4b0c5c41a244800/r/_17703022_83133#VdcPhotovoltaicHeavyDutyDisconnectS-1DA640E22" data-refids=" VdcPhotovoltaicHeavyDutyDisconnectS-1DA640E2">1000 Vdc Photovoltaic Heavy Duty Disconnect Switch</a></li>
               </ul>
            </li>
         </ul>
      </li>
   </ul>
</div>        </div>
              
      </div>
          
<script type="text/javascript">
  var refId = '';
  $(document).ready(function() {
    
    function sendFeedback(feedback, type) {
      $.ajax({
        url : HARPPortal.getPortalRpcUrl('feedback'),
        type : type,
        data : JSON.stringify(feedback),
        contentType : 'application/json',
      });
    }

    function confirmFeedback(fromNegative) {
      $('#feedbackComponent').children().fadeOut(500);
      if (fromNegative) {
        $('#feedbackContainer').removeClass('col-xs-12 col-sm-6').addClass('col-sm-3');    
      }
      $('#feedbackComponent').html($('#feedbackConfirm').fadeIn(500));
    }

    $('.feedbackButton').click(function(event) {
      var feedback = {}, contentElement = $("#viewerContent");

      feedback.id = $('body').attr('data-pageId');
      feedback.topicUseful = this.value;
      feedback.portalKey = contentElement.attr("data-portalKey");
      feedback.topicKey = contentElement.attr("data-itemKey");
      feedback.projectKey = contentElement.attr("data-projectKey");
      feedback.parentKey = contentElement.attr("data-parentKey");
      feedback.refId = refId;

      sendFeedback(feedback, 'POST');
      
      $('#feedbackCommentLabel').text(this.value === 'true' ? 'Why do you think this was helpful?' : 'Why do you think this was not helpful?');

      $('#feedbackComponent').children().fadeOut(500);
      $('#feedbackContainer').removeClass('col-sm-3').addClass('col-xs-12 col-sm-6');
      $('#feedbackComponent').html($('#feedbackComment').fadeIn(500));

      $('#commentButton').click(function() {
        $('#feedbackComponent').off('keypress');
        var comment = $("#feedbackInput").val().trim();
        if (comment !== "") {
          feedback.comment = comment;
          sendFeedback(feedback, 'PUT');
        }
        confirmFeedback(true);
      });

      $('#feedbackInput').focus();

      $('#feedbackComponent').on('keypress', function(e) {
        if (e.which === 13) {
          $('#commentButton').trigger('click');
        }
      });

    });
  });   
</script>

<div class="row">
  <div class="col-sm-3 pull-right" id="feedbackContainer">
    <div id="feedbackComponent">
      <div id="feedbackHelpful">
        <p>Was this helpful?</p>
        <div id="buttonDiv">
          <button class="btn btn-primary btn-xs feedbackButton" value="true">Yes</button>
          <button class="btn btn-primary btn-xs feedbackButton" value="false">No</button>
        </div>
      </div>
    </div>
  </div>
  <div id="feedbackConfirm" style="display: none">Thanks!</div>
  <div id="feedbackComment" style="display: none">
    <label for="feedbackInput" id="feedbackCommentLabel">Tell us why!</label><br>
    <textarea rows="4" id="feedbackInput"></textarea><br>
    <button class="btn btn-primary btn-xs" id="commentButton">Send</button>
  </div>
</div>
                        
        <div class="col-sm-10 col-sm-offset-1 col-xs-11">

         </div>
          
	</div>
<!-- BEGIN footer -->
<footer class="navbar navbar-default harp-portal-footer" style="width: 100%; margin: 20px 0 0 0;"> <!-- navbar-fixed-bottom  -->
	<div class="container">
  <p class="navbar-text navbar-left hidden-xs">
    <span class="glyphicon glyphicon-qrcode" id="qrcodeLink"
          title="Show QR code for this page"></span>
  </p>
  <img src="/portals/qrgen?url=http%3A%2F%2Fwww.productinfo.schneider-electric.com%2Fportals%2Fui%2Fdigest%2Fviewer%2F561d5d65e4b0c5c41a243bf2%2Fnocontext%2FMaster%2BBookmap%2BContent%2F17703_MAIN%2B(bookmap)_0000060130.xml&size=180"
       id="qrcode"
       style="width: 180px; height: 180px;"
       alt="QR code for this page"
       title="QR code for this page">
<script>
  $(function() {
    var $qr = $('#qrcode')
    , $link = $('#qrcodeLink')
    , on = $qr.is('visible')
    , shown = false;
    ;

    function show() {
      var pos = $link.position();
      $qr.css({
        left: pos.left + 'px',
        bottom: ($link.outerHeight() + 20) + 'px'
      });
      $qr.fadeIn();
      on = true;
      shown = true;
    }

    function toggle() {
      if (on) {
        $qr.fadeOut();
        on = false;
      } else {
        show();
      }
    }

    $link.click(toggle);
    $qr.click(toggle);
    $link.mouseover(function() {
      if (!shown) {
        show();
      }
    });
  });
</script>
<!--		<p class="navbar-text navbar-right">
			<a href="https://td-demo.titaniasoftware.com/portals/ui/website/pages/product/delivery"
				class="navbar-link harp-footer-link" target="_blank">Powered by Titania Delivery</a>
		      <a id="footerLogo" href="http://www.titaniasoftware.com"
                class="navbar-link harp-footer-link" target="_blank">
                <img src="/portals/ui/_theme/digest/images/titania-logo_128w.png"
                        style="width: 43px; height: 16px;" alt="Titania Delivery" title="Titania Delivery">
             </a>
		</p>-->
	</div>
</footer>
<!-- END footer --></body>
</html>