<!DOCTYPE html>
<html>
<head>
<link rel="shortcut icon" href="/portals/ui/_theme/digest/favicon.ico" mce_href="/portals/ui/_theme/digest/favicon.ico" type="image/x-icon"/>
<meta name="viewport" content="width=device-width, initial-scale=1.0">
<meta http-equiv="X-UA-Compatible" content="IE=11">
<!-- HTML5 Shim and Respond.js IE8 support of HTML5 elements and media queries -->
<!--[if lt IE 9]>
  <script src="https://oss.maxcdn.com/libs/html5shiv/3.7.0/html5shiv.js"></script>
  <script src="https://oss.maxcdn.com/libs/respond.js/1.3.0/respond.min.js"></script>
<![endif]-->

<title>Section 9: Panelboards - Digest 177</title>

<script type="text/javascript" src="/portals/resources/scripts/libs/jquery-1.11.0.min.js"></script>

<script type="text/javascript" src="/portals/ui/_theme/digest/scripts/bannerfix.js"></script>
<link rel="stylesheet" href="/portals/ui/_theme/digest/style/harp-portals.less"></link>
<script type="text/javascript" src="/portals/ui/_theme/digest/scripts/bootstrap.min.js"></script>
<script type="text/javascript" src="/portals/resources/scripts/harp-sdk.js"></script><link rel="stylesheet" href="/portals/resources/cm/cm.css"></link>
<script type="text/javascript" src="/portals/resources/scripts/libs/moment.min.js"></script>
<script type="text/javascript" src="/portals/resources/cm/cm.js"></script>

<script>
  (function(i,s,o,g,r,a,m){i['GoogleAnalyticsObject']=r;i[r]=i[r]||function(){
  (i[r].q=i[r].q||[]).push(arguments)},i[r].l=1*new Date();a=s.createElement(o),
  m=s.getElementsByTagName(o)[0];a.async=1;a.src=g;m.parentNode.insertBefore(a,m)
  })(window,document,'script','//www.google-analytics.com/analytics.js','ga');

  ga('create', 'UA-39869895-2', 'auto');
  ga('send', 'pageview');

</script>

<script>
$(function() {
    $('li.topicref.harp-portal-filter-exclude > a').click(function(e) {
        alert("This content is currently unavailable.");
        e.preventDefault();
        return false;
    });
});
</script>

</head>

<body class="readerPage" data-pageId=7661d0ab-732c-40ee-a1d9-5980524a85c2>


<!-- BEGIN HEADER -->
<header class="navbar navbar-default" id="harp-header-bar" role="navigation">
	<div class="container">
		<div class="navbar-header">
			<button type="button" class="navbar-toggle" data-toggle="collapse"
				data-target=".navbar-collapse">
				<span class="sr-only">Toggle navigation</span> <span
					class="icon-bar"></span> <span class="icon-bar"></span> <span
					class="icon-bar"></span>
			</button>
			<a class="navbar-brand" style="padding: 0 50px 0 0" href="http://www.schneider-electric.com/us/en" target="_blank">
  			<img src="/portals/ui/_theme/digest/images/Logo_SE_White_Transparent_RGB.PNG" style="width: 226px; height: 52px;" class="hidden-xs">
			<img src="/portals/ui/_theme/digest/images/Logo_SE_White_Transparent_RGB.PNG" style="width: 170px; height: 39px; margin-top: 3px;" class="visible-xs">
            </a>

              <!-- <a href='/portals/ui/digest/'
	               class="header-logo-link">
	                <img src="/portals/ui/_theme/digest/images/se_logo.gif" class="header-logo">
	           	</a> -->
	            <!-- <a href='/portals/ui/digest/'>
	             Digest 177
	            </a> -->
			<!-- </span>  -->
		</div>

		<div class="navbar-collapse collapse" id="headerMenu">

				<form role="search" action='/portals/ui/digest/search' class="navbar-form navbar-right hidden-xs">
					<div class="form-group">
						<label class="sr-only" for="headerTerm">Search Term</label> <input
							type="text" placeholder="Search" class="form-control"
							id="headerTerm" name="term">
					</div>
                    <button type="submit" class="btn btn-primary">
                        <span class="glyphicon glyphicon-search"></span>
                    </button>
				</form>
				<form role="search" action='/portals/ui/digest/search' class="navbar-form navbar-right navbar-input-group visible-xs">
				    <div class="form-group">
				        <label class="sr-only" for="headerTerm">Search Term</label>
				        <div class="input-group">
				            <input type="text" placeholder="Search" class="form-control"
				                id="headerTerm" name="term">
				            <span class="input-group-btn">
				                <button type="submit" class="btn btn-primary">
				                    <span class="glyphicon glyphicon-search"></span>
				                </button>
				            </span>
				        </div>
				    </div>
				</form>

			<ul class="nav navbar-nav">
                <li><a href="http://www.digestplus-us.schneider-electric.com/" target="_blank">DigestPLUS</a></li>
              	<li><a href='/portals/ui/digest/pages/landingPages/digest177'>Digest 177</a></li>
                <li><a href='/portals/ui/digest/pages/landingPages/digest177_supplement'>Supplemental Digest 177</a></li>
			</ul>
		</div>
	</div>
</header>

<div id="docTitle" class="sectionColor2">
  <div class="container">
    <div class="row">
      <div class="col-xs-12">
        <h3>        <span class="context-title">
          Section 9: Panelboards
        </span>
</h3>
      </div>
    </div>
  </div>
</div>

  <div id="floatingDocTitle" class="sectionColor2">
    <div class="container">
      <div class="row">
        <div class="col-xs-12">
          <h3>        <span class="context-title">
          Section 9: Panelboards
        </span>
</h3>
        </div>
      </div>
    </div>
  </div>

<!-- END HEADER -->
	
	<div class="container" id="tocPage">
      

      <div class="row">
        <div class="col-sm-10 col-sm-offset-1 col-xs-12 content-container" id="viewerContent"
                 	data-portalKey="562794fee4b05736848a7cb4"
                    data-itemKey="561d5f9ae4b0c5c41a244812"
                    data-projectKey="561d5d65e4b0c5c41a243bf2">
              	
<div class="map bookmap" lang="English_en" data-xtrc="bookmap:1" data-xtrf="harp://561d5d65e4b0c5c41a243bf2/pr/ORIGINAL/Master%20Bookmap%20Content/17709_MAIN%20(bookmap)_0000061751.xml">
   <div class="topicmeta bookmeta" data-xtrc="bookmeta:1" lang="English_en">
      
      <div class="metadata" data-xtrc="metadata:1" lang="English_en">
         
         
      </div>
      
   </div>
   <ul id="toc">
      <li data-refid="_17709002_21971" class="topicref chapter brand:sd tocentry"><span class="topichead">Series Ratings</span><ul>
            <li data-refid="_17709002_122479" class="topicref tocentry"><span class="topichead">NQ Panelboards</span><ul>
                  <li class="topicref tocentry"><a href="/portals/ui/digest/viewer/561d5d65e4b0c5c41a243bf2/561d5f9ae4b0c5c41a244812/r/_17709002_122479#ConceptTitle-3DF177A62" data-refids=" ConceptTitle-3DF177A6">NQ Panelboards</a></li>
               </ul>
            </li>
            <li data-refid="_17709003_24002" class="topicref tocentry"><span class="topichead">NF and I-Line<sup class="ph sup" data-xtrc="sup:1" lang="English_en">™</sup> Panelboards</span><ul>
                  <li class="topicref tocentry"><a href="/portals/ui/digest/viewer/561d5d65e4b0c5c41a243bf2/561d5f9ae4b0c5c41a244812/r/_17709003_24002#NFAndI-LinePanelboards-3DF63E722" data-refids=" NFAndI-LinePanelboards-3DF63E72">NF and I-Line™ Panelboards</a></li>
               </ul>
            </li>
            <li data-refid="_17709004_88687" class="topicref tocentry"><span class="topichead">I-Line™ Panelboards</span><ul>
                  <li class="topicref tocentry"><a href="/portals/ui/digest/viewer/561d5d65e4b0c5c41a243bf2/561d5f9ae4b0c5c41a244812/r/_17709004_88687#I-LinePanelboards-3DF65F752" data-refids=" I-LinePanelboards-3DF65F75">I-Line Panelboards</a></li>
               </ul>
            </li>
         </ul>
      </li>
      <li data-refid="_17709006_122388" class="topicref chapter brand:sd tocentry"><span class="topichead">NQ Merchandised Panelboards</span><ul>
            <li data-refid="_17709006_76702" class="topicref tocentry"><span class="topichead">NQ Main Lug Interiors—240 Vac, 48 Vdc</span><ul>
                  <li class="topicref tocentry"><a href="/portals/ui/digest/viewer/561d5d65e4b0c5c41a243bf2/561d5f9ae4b0c5c41a244812/r/_17709006_76702#NQMerchandisedPanelboards-3E682FA82" data-refids=" NQMerchandisedPanelboards-3E682FA8">NQ Merchandised Panelboards</a></li>
               </ul>
            </li>
            <li data-refid="_17709007_97336" class="topicref tocentry"><span class="topichead">NQ Main Circuit Breaker Interiors—240 Vac, 48 Vdc</span><ul>
                  <li class="topicref tocentry"><a href="/portals/ui/digest/viewer/561d5d65e4b0c5c41a243bf2/561d5f9ae4b0c5c41a244812/r/_17709007_97336#NQMainCircuitBreakerInteriors240Vac-3E692DB22" data-refids=" NQMainCircuitBreakerInteriors240Vac-3E692DB2">NQ Main Circuit Breaker Interiors—240 Vac, 48 Vdc</a></li>
                  <li class="topicref tocentry"><a href="/portals/ui/digest/viewer/561d5d65e4b0c5c41a243bf2/561d5f9ae4b0c5c41a244812/r/_17709007_97336#_17709008_Heading5_82" data-refids=" _17709008_Heading5_8">NQ 14-inch-wide—240 Vac, 48 Vdc</a></li>
                  <li class="topicref tocentry"><a href="/portals/ui/digest/viewer/561d5d65e4b0c5c41a243bf2/561d5f9ae4b0c5c41a244812/r/_17709007_97336#_17709008_Heading5_102" data-refids=" _17709008_Heading5_10">Features</a></li>
               </ul>
            </li>
            <li data-refid="_17709009_19244" class="topicref tocentry"><span class="topichead">NQ Merchandised Accessories</span><ul>
                  <li class="topicref tocentry"><a href="/portals/ui/digest/viewer/561d5d65e4b0c5c41a243bf2/561d5f9ae4b0c5c41a244812/r/_17709009_19244#NQMerchandisedAccessories-3E6B20AC2" data-refids=" NQMerchandisedAccessories-3E6B20AC">NQ Merchandised Accessories</a></li>
               </ul>
            </li>
         </ul>
      </li>
      <li data-refid="_17709010_112002" class="topicref chapter brand:sd tocentry"><span class="topichead">QOB Bolt-On Circuit&nbsp;Breakers</span><ul>
            <li data-refid="_17709010_47025" class="topicref tocentry"><span class="topichead">With Visi-Trip™ Indicator for NQ Panelboards</span><ul>
                  <li class="topicref tocentry"><a href="/portals/ui/digest/viewer/561d5d65e4b0c5c41a243bf2/561d5f9ae4b0c5c41a244812/r/_17709010_47025#QOBBolt-OnCircuitBreakers-3E6C3AB22" data-refids=" QOBBolt-OnCircuitBreakers-3E6C3AB2">QOB Bolt-On Circuit&nbsp;Breakers <span class="ph" data-xtrc="ph:1" lang="English_en">
                           
                           </span>
                        </a></li>
               </ul>
            </li>
         </ul>
      </li>
      <li data-refid="_17709011_64956" class="topicref chapter brand:sd tocentry"><span class="topichead">NQ Factory Assembled Panelboards</span><ul>
            <li data-refid="_17709011_89312" class="topicref tocentry"><span class="topichead">240 Vac, 48 Vdc</span><ul>
                  <li class="topicref tocentry"><a href="/portals/ui/digest/viewer/561d5d65e4b0c5c41a243bf2/561d5f9ae4b0c5c41a244812/r/_17709011_89312#_17709011_Heading5_4772" data-refids=" _17709011_Heading5_477">Sub-feed Circuit Breakers</a></li>
               </ul>
            </li>
            <li data-refid="_17709012_34770" class="topicref tocentry"><span class="topichead">Common Features</span><ul>
                  <li class="topicref tocentry"><a href="/portals/ui/digest/viewer/561d5d65e4b0c5c41a243bf2/561d5f9ae4b0c5c41a244812/r/_17709012_34770#_17709012_Heading5_42" data-refids=" _17709012_Heading5_4">Sub-feed Lugs </a></li>
                  <li class="topicref tocentry"><a href="/portals/ui/digest/viewer/561d5d65e4b0c5c41a243bf2/561d5f9ae4b0c5c41a244812/r/_17709012_34770#_17709012_Heading5_572" data-refids=" _17709012_Heading5_57">Feed-through Lugs</a></li>
               </ul>
            </li>
         </ul>
      </li>
      <li data-refid="_17709013_105406" class="topicref chapter brand:sd tocentry"><span class="topichead">NF Merchandised Panelboards </span><ul>
            <li data-refid="_17709013_105567" class="topicref tocentry"><span class="topichead">20-inch Wide Enclosures 480Y/277 Vac Max.</span><ul>
                  <li class="topicref tocentry"><a href="/portals/ui/digest/viewer/561d5d65e4b0c5c41a243bf2/561d5f9ae4b0c5c41a244812/r/_17709013_105567#inchWideEnclosures480Y277VacMax.-3E6FF4E52" data-refids=" inchWideEnclosures480Y277VacMax.-3E6FF4E5">20-inch Wide Enclosures 480Y/277 Vac Max.</a></li>
               </ul>
            </li>
            <li data-refid="_17709014_78349" class="topicref tocentry"><span class="topichead">Accessories</span><ul>
                  <li class="topicref tocentry"><a href="/portals/ui/digest/viewer/561d5d65e4b0c5c41a243bf2/561d5f9ae4b0c5c41a244812/r/_17709014_78349#Accessories-3E707A402" data-refids=" Accessories-3E707A40">Accessories</a></li>
               </ul>
            </li>
         </ul>
      </li>
      <li data-refid="_17709015_60152" class="topicref chapter brand:sd tocentry"><span class="topichead">Circuit Breakers</span><ul>
            <li data-refid="_17709015_100436" class="topicref tocentry"><span class="topichead">For NF Merchandised Panelboards</span><ul>
                  <li class="topicref tocentry"><a href="/portals/ui/digest/viewer/561d5d65e4b0c5c41a243bf2/561d5f9ae4b0c5c41a244812/r/_17709015_100436#ForNFMerchandisedPanelboards-3E713DCF2" data-refids=" ForNFMerchandisedPanelboards-3E713DCF">For NF Merchandised Panelboards</a></li>
               </ul>
            </li>
         </ul>
      </li>
      <li data-refid="_17709016_81291" class="topicref chapter brand:sd tocentry"><span class="topichead">NF Factory Assembled Panelboards&nbsp;</span><ul>
            <li data-refid="_17709016_34452" class="topicref tocentry"><span class="topichead">Maximum 480Y/277 Vac</span><ul>
                  <li class="topicref tocentry"><a href="/portals/ui/digest/viewer/561d5d65e4b0c5c41a243bf2/561d5f9ae4b0c5c41a244812/r/_17709016_34452#_17709016_Heading5_2832" data-refids=" _17709016_Heading5_283">Sub-feed Circuit Breaker</a></li>
               </ul>
            </li>
            <li data-refid="_17709017_82136" class="topicref tocentry"><span class="topichead">Common Features</span><ul>
                  <li class="topicref tocentry"><a href="/portals/ui/digest/viewer/561d5d65e4b0c5c41a243bf2/561d5f9ae4b0c5c41a244812/r/_17709017_82136#CommonFeatures-3E7225882" data-refids=" CommonFeatures-3E722588">Common Features</a></li>
               </ul>
            </li>
         </ul>
      </li>
      <li data-refid="_17709018_90837" class="topicref chapter brand:sd tocentry"><span class="topichead">NQ/NF Merchandised Single Row (Column Width) Panelboards</span><ul>
            <li data-refid="_17709018_97307" class="topicref tocentry"><span class="topichead">NQ Single-Row (Column-width)—240 Vac Bolt-on</span><ul>
                  <li class="topicref tocentry"><a href="/portals/ui/digest/viewer/561d5d65e4b0c5c41a243bf2/561d5f9ae4b0c5c41a244812/r/_17709018_97307#_17709018_Heading5_42" data-refids=" _17709018_Heading5_4">(60 A Max. Branch Circuit Breaker)NQ Application
                        Data</a></li>
               </ul>
            </li>
            <li data-refid="_17709018_97295" class="topicref tocentry"><span class="topichead">NF Single-Row (Column-width)—480Y/277 Vac Bolt-on</span><ul>
                  <li class="topicref tocentry"><a href="/portals/ui/digest/viewer/561d5d65e4b0c5c41a243bf2/561d5f9ae4b0c5c41a244812/r/_17709018_97295#_17709018_Heading5_1302" data-refids=" _17709018_Heading5_130">(60 A Max. Branch Circuit Breaker)NF Application
                        Data</a></li>
               </ul>
            </li>
         </ul>
      </li>
      <li data-refid="_17705023_73818" class="topicref chapter brand:sd tocentry"><span class="topichead">Powerlink™ Lighting Control Systems</span><ul>
            <li data-refid="_17705023_10348" class="topicref tocentry"><span class="topichead">Gen 3 Products</span><ul>
                  <li class="topicref tocentry"><a href="/portals/ui/digest/viewer/561d5d65e4b0c5c41a243bf2/561d5f9ae4b0c5c41a244812/r/_17705023_10348#Class1210-EB99B2F92" data-refids=" Class1210-EB99B2F9">Powerlink™ G3 Systems</a></li>
                  <li class="topicref tocentry"><a href="/portals/ui/digest/viewer/561d5d65e4b0c5c41a243bf2/561d5f9ae4b0c5c41a244812/r/_17705023_10348#_17705024_777302" data-refids=" _17705024_77730">Powerlink™ ECB-G3 Circuit Breakers</a></li>
                  <li class="topicref tocentry"><a href="/portals/ui/digest/viewer/561d5d65e4b0c5c41a243bf2/561d5f9ae4b0c5c41a244812/r/_17705023_10348#PowerlinkTMAccessories-2865F5622" data-refids=" PowerlinkTMAccessories-2865F562">Powerlink™ Accessories</a></li>
                  <li class="topicref tocentry"><a href="/portals/ui/digest/viewer/561d5d65e4b0c5c41a243bf2/561d5f9ae4b0c5c41a244812/r/_17705023_10348#_17705025_753972" data-refids=" _17705025_75397">Remote Mount Controller</a></li>
                  <li class="topicref tocentry"><a href="/portals/ui/digest/viewer/561d5d65e4b0c5c41a243bf2/561d5f9ae4b0c5c41a244812/r/_17705023_10348#_17705025_Heading5_1402" data-refids=" _17705025_Heading5_140">Powerlink Network Accessories</a></li>
                  <li class="topicref tocentry"><a href="/portals/ui/digest/viewer/561d5d65e4b0c5c41a243bf2/561d5f9ae4b0c5c41a244812/r/_17705023_10348#_17705026_Factory_Assembled_Systems2" data-refids=" _17705026_Factory_Assembled_Systems">G3 NF Panelboards 240 V and 480Y/277 V Factory Assembled Systems—Max.
                        Voltage 480Y/277 Vac</a></li>
               </ul>
            </li>
         </ul>
      </li>
      <li data-refid="_17705027_76170" class="topicref chapter brand:sd tocentry"><span class="topichead">Powerlink™ Energy Management (EM)</span><ul>
            <li data-refid="_17705027_Heading2_3" class="topicref tocentry"><span class="topichead">Lighting Control System, Relay Panels, and Switches</span><ul>
                  <li class="topicref tocentry"><a href="/portals/ui/digest/viewer/561d5d65e4b0c5c41a243bf2/561d5f9ae4b0c5c41a244812/r/_17705027_Heading2_3#_17705027_Heading5_72" data-refids=" _17705027_Heading5_7">Energy Management (EM) Lighting Control System</a></li>
               </ul>
            </li>
         </ul>
      </li>
      <li data-refid="_17709021_103608" class="topicref chapter brand:sd tocentry"><span class="topichead">I-Line™ Merchandised Panelboards</span><ul>
            <li data-refid="_17709021_74198" class="topicref tocentry"><span class="topichead">I-Line Combo Panelboard</span><ul>
                  <li class="topicref tocentry"><a href="/portals/ui/digest/viewer/561d5d65e4b0c5c41a243bf2/561d5f9ae4b0c5c41a244812/r/_17709021_74198#Vac250Vdc-3F09B2B92" data-refids=" Vac250Vdc-3F09B2B9">I-Line Combo Panelboard</a></li>
                  <li class="topicref tocentry"><a href="/portals/ui/digest/viewer/561d5d65e4b0c5c41a243bf2/561d5f9ae4b0c5c41a244812/r/_17709021_74198#I-Line-7F660E702" data-refids=" I-Line-7F660E70">I-Line Panelboard</a></li>
               </ul>
            </li>
            <li data-refid="_17709023_87999" class="topicref tocentry"><span class="topichead">Accessories</span><ul>
                  <li class="topicref tocentry"><a href="/portals/ui/digest/viewer/561d5d65e4b0c5c41a243bf2/561d5f9ae4b0c5c41a244812/r/_17709023_87999#Accessories-3F785A9B2" data-refids=" Accessories-3F785A9B">Accessories</a></li>
               </ul>
            </li>
         </ul>
      </li>
      <li data-refid="_17709024_95432" class="topicref chapter brand:sd tocentry"><span class="topichead">Circuit Breakers F- and B-frame for I-Line Panelboards and
            Switchboards</span><ul>
            <li data-refid="_17709024_Heading5_185" class="topicref tocentry"><span class="topichead">F-frame</span><ul>
                  <li class="topicref tocentry"><a href="/portals/ui/digest/viewer/561d5d65e4b0c5c41a243bf2/561d5f9ae4b0c5c41a244812/r/_17709024_Heading5_185#F-frame-3F7911FC2" data-refids=" F-frame-3F7911FC">F-frame</a></li>
               </ul>
            </li>
            <li data-refid="PowerPactB-frame-8E425F52" class="topicref tocentry"><span class="topichead">PowerPact™ B-frame</span><ul>
                  <li class="topicref tocentry"><a href="/portals/ui/digest/viewer/561d5d65e4b0c5c41a243bf2/561d5f9ae4b0c5c41a244812/r/PowerPactB-frame-8E425F52#PowerPactB-frame-8E41A6B82" data-refids=" PowerPactB-frame-8E41A6B8">PowerPact™ B-frame</a></li>
               </ul>
            </li>
         </ul>
      </li>
      <li data-refid="_17709025_92733" class="topicref chapter brand:sd tocentry"><span class="topichead">Circuit Breakers</span><ul>
            <li data-refid="_17709025_44803" class="topicref tocentry"><span class="topichead">F-frame, PowerPact Q-frame for I-Line™ Panelboards and
                  Switchboards</span><ul>
                  <li class="topicref tocentry"><a href="/portals/ui/digest/viewer/561d5d65e4b0c5c41a243bf2/561d5f9ae4b0c5c41a244812/r/_17709025_44803#F-framePowerPactQ-frameForI-LinePan-3F79D5E92" data-refids=" F-framePowerPactQ-frameForI-LinePan-3F79D5E9">F-frame, PowerPact Q-frame for I-Line™ Panelboards and
                        Switchboards</a></li>
               </ul>
            </li>
            <li data-refid="_17709026_85758" class="topicref tocentry"><span class="topichead">H- and J-frame for I-Line™ Panelboards and Switchboards</span><ul>
                  <li class="topicref tocentry"><a href="/portals/ui/digest/viewer/561d5d65e4b0c5c41a243bf2/561d5f9ae4b0c5c41a244812/r/_17709026_85758#H-AndJ-frameForI-LinePanelboardsAnd-3F7D15BD2" data-refids=" H-AndJ-frameForI-LinePanelboardsAnd-3F7D15BD">H- and J-frame for I-Line™ Panelboards and Switchboards</a></li>
               </ul>
            </li>
            <li data-refid="_17709027_44944" class="topicref tocentry"><span class="topichead">K-, PowerPact H-, J-, L-frame for I-Line™ Panelboards
                  &amp; Switchboards</span><ul>
                  <li class="topicref tocentry"><a href="/portals/ui/digest/viewer/561d5d65e4b0c5c41a243bf2/561d5f9ae4b0c5c41a244812/r/_17709027_44944#_17709027_Heading5_952" data-refids=" _17709027_Heading5_95">J-Frame Mission Critical Circuit Breaker</a></li>
                  <li class="topicref tocentry"><a href="/portals/ui/digest/viewer/561d5d65e4b0c5c41a243bf2/561d5f9ae4b0c5c41a244812/r/_17709027_44944#_17709027_Heading5_1972" data-refids=" _17709027_Heading5_197">L-Frame Mission Critical Circuit Breaker</a></li>
               </ul>
            </li>
            <li data-refid="_17709028_68466" class="topicref tocentry"><span class="topichead">LA Mission Critical for I-Line<sup class="ph sup" data-xtrc="sup:1" lang="English_en">™</sup> Panelboards
                  and Switchboards</span><ul>
                  <li class="topicref tocentry"><a href="/portals/ui/digest/viewer/561d5d65e4b0c5c41a243bf2/561d5f9ae4b0c5c41a244812/r/_17709028_68466#_17709028_Heading5_42" data-refids=" _17709028_Heading5_4">LA Mission Critical Circuit Breakers</a></li>
               </ul>
            </li>
            <li data-refid="_17709029_74223" class="topicref tocentry"><span class="topichead">L- and PowerPact M-frame for I-Line<sup class="ph sup" data-xtrc="sup:1" lang="English_en">™</sup> Panelboards
                  and Switchboards</span><ul>
                  <li class="topicref tocentry"><a href="/portals/ui/digest/viewer/561d5d65e4b0c5c41a243bf2/561d5f9ae4b0c5c41a244812/r/_17709029_74223#L-AndPowerPactM-frameForI-LinePanel-3F7F0C292" data-refids=" L-AndPowerPactM-frameForI-LinePanel-3F7F0C29">L- and PowerPact M-frame for I-Line™ Panelboards and
                        Switchboards</a></li>
               </ul>
            </li>
            <li data-refid="_17709030_90756" class="topicref tocentry"><span class="topichead">PowerPact P- and R-frame for I-Line<sup class="ph sup" data-xtrc="sup:1" lang="English_en">™</sup> Panelboards
                  and Switchboards</span><ul>
                  <li class="topicref tocentry"><a href="/portals/ui/digest/viewer/561d5d65e4b0c5c41a243bf2/561d5f9ae4b0c5c41a244812/r/_17709030_90756#PowerPactP-AndR-frameForI-LinePanel-3F7F54CC2" data-refids=" PowerPactP-AndR-frameForI-LinePanel-3F7F54CC">PowerPact P- and R-frame for I-Line™ Panelboards and
                        Switchboards</a></li>
               </ul>
            </li>
         </ul>
      </li>
      <li data-refid="_17709031_111558" class="topicref chapter brand:sd tocentry"><span class="topichead">I-Line™ Factory Assembled Panelboards</span><ul>
            <li data-refid="_17709031_45712" class="topicref tocentry"><span class="topichead">600 Vac, 250 Vdc</span><ul>
                  <li class="topicref tocentry"><a href="/portals/ui/digest/viewer/561d5d65e4b0c5c41a243bf2/561d5f9ae4b0c5c41a244812/r/_17709031_45712#I-LineFactoryAssembledPanelboards-3F80D5432" data-refids=" I-LineFactoryAssembledPanelboards-3F80D543">I-Line™ Factory Assembled Panelboards</a></li>
               </ul>
            </li>
         </ul>
      </li>
      <li data-refid="_17709035_114003" class="topicref chapter brand:sd tocentry"><span class="topichead">QMB Fusible Branch Switches</span><ul>
            <li data-refid="Vac250Vdc-3F82F6CE" class="topicref tocentry"><span class="topichead">600 Vac, 250 Vdc</span><ul>
                  <li class="topicref tocentry"><a href="/portals/ui/digest/viewer/561d5d65e4b0c5c41a243bf2/561d5f9ae4b0c5c41a244812/r/Vac250Vdc-3F82F6CE#ForQMBQMJPanelboardsAndSwitchboards-3F8247742" data-refids=" ForQMBQMJPanelboardsAndSwitchboards-3F824774">For QMB/QMJ Panelboards and Switchboards</a></li>
                  <li class="topicref tocentry"><a href="/portals/ui/digest/viewer/561d5d65e4b0c5c41a243bf2/561d5f9ae4b0c5c41a244812/r/Vac250Vdc-3F82F6CE#_17709036_975912" data-refids=" _17709036_97591">Fusible—600 Vac, 250 Vdc <span class="ph" data-xtrc="ph:1" lang="English_en">
                           <a href="http://www.schneider-electric.com/downloads/us/en/document/4620CT9601" class="xref" target="_blank">
                              <b class="ph b" data-xtrc="b:1" lang="English_en">4620CT9601</b>
                              </a>
                           </span>
                        </a></li>
               </ul>
            </li>
            <li data-refid="_17709037_84114" class="topicref tocentry"><span class="topichead">Common Features</span><ul>
                  <li class="topicref tocentry"><a href="/portals/ui/digest/viewer/561d5d65e4b0c5c41a243bf2/561d5f9ae4b0c5c41a244812/r/_17709037_84114#_17709037_Heading5_1772" data-refids=" _17709037_Heading5_177">QMB Layout Information</a></li>
               </ul>
            </li>
         </ul>
      </li>
      <li data-refid="_17709038_38314" class="topicref chapter brand:sd tocentry"><span class="topichead">Modifications for Factory Assembled Panelboards</span><ul>
            <li data-refid="_17709038" class="topicref tocentry"><span class="topichead">Modifications For Factory Assembled Panelboards</span><ul>
                  <li class="topicref tocentry"><a href="/portals/ui/digest/viewer/561d5d65e4b0c5c41a243bf2/561d5f9ae4b0c5c41a244812/r/_17709038#_17709038_Heading5_2522" data-refids=" _17709038_Heading5_252">Main Circuit Breaker Without Overload Trip</a></li>
                  <li class="topicref tocentry"><a href="/portals/ui/digest/viewer/561d5d65e4b0c5c41a243bf2/561d5f9ae4b0c5c41a244812/r/_17709038#_17709038_Heading5_2562" data-refids=" _17709038_Heading5_256">Shunt Trip Circuit Breakers</a></li>
                  <li class="topicref tocentry"><a href="/portals/ui/digest/viewer/561d5d65e4b0c5c41a243bf2/561d5f9ae4b0c5c41a244812/r/_17709038#_17709038_Heading5_2592" data-refids=" _17709038_Heading5_259">Special Features</a></li>
               </ul>
            </li>
         </ul>
      </li>
      <li data-refid="_17709039_62073" class="topicref chapter brand:sd tocentry"><span class="topichead">Panelboards</span><ul>
            <li data-refid="_17709039_24002" class="topicref tocentry"><span class="topichead">NQ and NF Terminal Data</span><ul>
                  <li class="topicref tocentry"><a href="/portals/ui/digest/viewer/561d5d65e4b0c5c41a243bf2/561d5f9ae4b0c5c41a244812/r/_17709039_24002#NQAndNFTerminalData-3F8DD77C2" data-refids=" NQAndNFTerminalData-3F8DD77C">NQ and NF Terminal Data</a></li>
               </ul>
            </li>
         </ul>
      </li>
      <li data-refid="_17709040_84460" class="topicref chapter brand:sd tocentry"><span class="topichead">I-Line™ and QMB</span><ul>
            <li data-refid="_17709040_24002" class="topicref tocentry"><span class="topichead">Terminal Data</span><ul>
                  <li class="topicref tocentry"><a href="/portals/ui/digest/viewer/561d5d65e4b0c5c41a243bf2/561d5f9ae4b0c5c41a244812/r/_17709040_24002#TerminalData-3F8E1A6A2" data-refids=" TerminalData-3F8E1A6A">Terminal Data</a></li>
               </ul>
            </li>
         </ul>
      </li>
      <li data-refid="_17709044_110244" class="topicref chapter brand:sd tocentry"><span class="topichead">NQ Merchandised Panelboards</span><ul>
            <li data-refid="_17709044_110246" class="topicref tocentry"><span class="topichead">NQ Merchandised Accessories</span><ul>
                  <li class="topicref tocentry"><a href="/portals/ui/digest/viewer/561d5d65e4b0c5c41a243bf2/561d5f9ae4b0c5c41a244812/r/_17709044_110246#NQMerchandisedAccessories-3F900E5F2" data-refids=" NQMerchandisedAccessories-3F900E5F">NQ Merchandised Accessories</a></li>
               </ul>
            </li>
         </ul>
      </li>
   </ul>
</div>        </div>
              
      </div>
          
<script type="text/javascript">
  var refId = '';
  $(document).ready(function() {
    
    function sendFeedback(feedback, type) {
      $.ajax({
        url : HARPPortal.getPortalRpcUrl('feedback'),
        type : type,
        data : JSON.stringify(feedback),
        contentType : 'application/json',
      });
    }

    function confirmFeedback(fromNegative) {
      $('#feedbackComponent').children().fadeOut(500);
      if (fromNegative) {
        $('#feedbackContainer').removeClass('col-xs-12 col-sm-6').addClass('col-sm-3');    
      }
      $('#feedbackComponent').html($('#feedbackConfirm').fadeIn(500));
    }

    $('.feedbackButton').click(function(event) {
      var feedback = {}, contentElement = $("#viewerContent");

      feedback.id = $('body').attr('data-pageId');
      feedback.topicUseful = this.value;
      feedback.portalKey = contentElement.attr("data-portalKey");
      feedback.topicKey = contentElement.attr("data-itemKey");
      feedback.projectKey = contentElement.attr("data-projectKey");
      feedback.parentKey = contentElement.attr("data-parentKey");
      feedback.refId = refId;

      sendFeedback(feedback, 'POST');
      
      $('#feedbackCommentLabel').text(this.value === 'true' ? 'Why do you think this was helpful?' : 'Why do you think this was not helpful?');

      $('#feedbackComponent').children().fadeOut(500);
      $('#feedbackContainer').removeClass('col-sm-3').addClass('col-xs-12 col-sm-6');
      $('#feedbackComponent').html($('#feedbackComment').fadeIn(500));

      $('#commentButton').click(function() {
        $('#feedbackComponent').off('keypress');
        var comment = $("#feedbackInput").val().trim();
        if (comment !== "") {
          feedback.comment = comment;
          sendFeedback(feedback, 'PUT');
        }
        confirmFeedback(true);
      });

      $('#feedbackInput').focus();

      $('#feedbackComponent').on('keypress', function(e) {
        if (e.which === 13) {
          $('#commentButton').trigger('click');
        }
      });

    });
  });   
</script>

<div class="row">
  <div class="col-sm-3 pull-right" id="feedbackContainer">
    <div id="feedbackComponent">
      <div id="feedbackHelpful">
        <p>Was this helpful?</p>
        <div id="buttonDiv">
          <button class="btn btn-primary btn-xs feedbackButton" value="true">Yes</button>
          <button class="btn btn-primary btn-xs feedbackButton" value="false">No</button>
        </div>
      </div>
    </div>
  </div>
  <div id="feedbackConfirm" style="display: none">Thanks!</div>
  <div id="feedbackComment" style="display: none">
    <label for="feedbackInput" id="feedbackCommentLabel">Tell us why!</label><br>
    <textarea rows="4" id="feedbackInput"></textarea><br>
    <button class="btn btn-primary btn-xs" id="commentButton">Send</button>
  </div>
</div>
                        
        <div class="col-sm-10 col-sm-offset-1 col-xs-11">

         </div>
          
	</div>
<!-- BEGIN footer -->
<footer class="navbar navbar-default harp-portal-footer" style="width: 100%; margin: 20px 0 0 0;"> <!-- navbar-fixed-bottom  -->
	<div class="container">
  <p class="navbar-text navbar-left hidden-xs">
    <span class="glyphicon glyphicon-qrcode" id="qrcodeLink"
          title="Show QR code for this page"></span>
  </p>
  <img src="/portals/qrgen?url=http%3A%2F%2Fwww.productinfo.schneider-electric.com%2Fportals%2Fui%2Fdigest%2Fviewer%2F561d5d65e4b0c5c41a243bf2%2Fnocontext%2FMaster%2BBookmap%2BContent%2F17709_MAIN%2B(bookmap)_0000061751.xml&size=180"
       id="qrcode"
       style="width: 180px; height: 180px;"
       alt="QR code for this page"
       title="QR code for this page">
<script>
  $(function() {
    var $qr = $('#qrcode')
    , $link = $('#qrcodeLink')
    , on = $qr.is('visible')
    , shown = false;
    ;

    function show() {
      var pos = $link.position();
      $qr.css({
        left: pos.left + 'px',
        bottom: ($link.outerHeight() + 20) + 'px'
      });
      $qr.fadeIn();
      on = true;
      shown = true;
    }

    function toggle() {
      if (on) {
        $qr.fadeOut();
        on = false;
      } else {
        show();
      }
    }

    $link.click(toggle);
    $qr.click(toggle);
    $link.mouseover(function() {
      if (!shown) {
        show();
      }
    });
  });
</script>
<!--		<p class="navbar-text navbar-right">
			<a href="https://td-demo.titaniasoftware.com/portals/ui/website/pages/product/delivery"
				class="navbar-link harp-footer-link" target="_blank">Powered by Titania Delivery</a>
		      <a id="footerLogo" href="http://www.titaniasoftware.com"
                class="navbar-link harp-footer-link" target="_blank">
                <img src="/portals/ui/_theme/digest/images/titania-logo_128w.png"
                        style="width: 43px; height: 16px;" alt="Titania Delivery" title="Titania Delivery">
             </a>
		</p>-->
	</div>
</footer>
<!-- END footer --></body>
</html>