<!DOCTYPE html>
<html>
<head>
<link rel="shortcut icon" href="/portals/ui/_theme/digest/favicon.ico" mce_href="/portals/ui/_theme/digest/favicon.ico" type="image/x-icon"/>
<meta name="viewport" content="width=device-width, initial-scale=1.0">
<meta http-equiv="X-UA-Compatible" content="IE=11">
<!-- HTML5 Shim and Respond.js IE8 support of HTML5 elements and media queries -->
<!--[if lt IE 9]>
  <script src="https://oss.maxcdn.com/libs/html5shiv/3.7.0/html5shiv.js"></script>
  <script src="https://oss.maxcdn.com/libs/respond.js/1.3.0/respond.min.js"></script>
<![endif]-->

<title>Section 12: Busway - Digest 177</title>

<script type="text/javascript" src="/portals/resources/scripts/libs/jquery-1.11.0.min.js"></script>

<script type="text/javascript" src="/portals/ui/_theme/digest/scripts/bannerfix.js"></script>
<link rel="stylesheet" href="/portals/ui/_theme/digest/style/harp-portals.less"></link>
<script type="text/javascript" src="/portals/ui/_theme/digest/scripts/bootstrap.min.js"></script>
<script type="text/javascript" src="/portals/resources/scripts/harp-sdk.js"></script><link rel="stylesheet" href="/portals/resources/cm/cm.css"></link>
<script type="text/javascript" src="/portals/resources/scripts/libs/moment.min.js"></script>
<script type="text/javascript" src="/portals/resources/cm/cm.js"></script>

<script>
  (function(i,s,o,g,r,a,m){i['GoogleAnalyticsObject']=r;i[r]=i[r]||function(){
  (i[r].q=i[r].q||[]).push(arguments)},i[r].l=1*new Date();a=s.createElement(o),
  m=s.getElementsByTagName(o)[0];a.async=1;a.src=g;m.parentNode.insertBefore(a,m)
  })(window,document,'script','//www.google-analytics.com/analytics.js','ga');

  ga('create', 'UA-39869895-2', 'auto');
  ga('send', 'pageview');

</script>

<script>
$(function() {
    $('li.topicref.harp-portal-filter-exclude > a').click(function(e) {
        alert("This content is currently unavailable.");
        e.preventDefault();
        return false;
    });
});
</script>

</head>

<body class="readerPage" data-pageId=3887cf15-77ec-4b04-b8e3-8ac42886d2e1>


<!-- BEGIN HEADER -->
<header class="navbar navbar-default" id="harp-header-bar" role="navigation">
	<div class="container">
		<div class="navbar-header">
			<button type="button" class="navbar-toggle" data-toggle="collapse"
				data-target=".navbar-collapse">
				<span class="sr-only">Toggle navigation</span> <span
					class="icon-bar"></span> <span class="icon-bar"></span> <span
					class="icon-bar"></span>
			</button>
			<a class="navbar-brand" style="padding: 0 50px 0 0" href="http://www.schneider-electric.com/us/en" target="_blank">
  			<img src="/portals/ui/_theme/digest/images/Logo_SE_White_Transparent_RGB.PNG" style="width: 226px; height: 52px;" class="hidden-xs">
			<img src="/portals/ui/_theme/digest/images/Logo_SE_White_Transparent_RGB.PNG" style="width: 170px; height: 39px; margin-top: 3px;" class="visible-xs">
            </a>

              <!-- <a href='/portals/ui/digest/'
	               class="header-logo-link">
	                <img src="/portals/ui/_theme/digest/images/se_logo.gif" class="header-logo">
	           	</a> -->
	            <!-- <a href='/portals/ui/digest/'>
	             Digest 177
	            </a> -->
			<!-- </span>  -->
		</div>

		<div class="navbar-collapse collapse" id="headerMenu">

				<form role="search" action='/portals/ui/digest/search' class="navbar-form navbar-right hidden-xs">
					<div class="form-group">
						<label class="sr-only" for="headerTerm">Search Term</label> <input
							type="text" placeholder="Search" class="form-control"
							id="headerTerm" name="term">
					</div>
                    <button type="submit" class="btn btn-primary">
                        <span class="glyphicon glyphicon-search"></span>
                    </button>
				</form>
				<form role="search" action='/portals/ui/digest/search' class="navbar-form navbar-right navbar-input-group visible-xs">
				    <div class="form-group">
				        <label class="sr-only" for="headerTerm">Search Term</label>
				        <div class="input-group">
				            <input type="text" placeholder="Search" class="form-control"
				                id="headerTerm" name="term">
				            <span class="input-group-btn">
				                <button type="submit" class="btn btn-primary">
				                    <span class="glyphicon glyphicon-search"></span>
				                </button>
				            </span>
				        </div>
				    </div>
				</form>

			<ul class="nav navbar-nav">
                <li><a href="http://www.digestplus-us.schneider-electric.com/" target="_blank">DigestPLUS</a></li>
              	<li><a href='/portals/ui/digest/pages/landingPages/digest177'>Digest 177</a></li>
                <li><a href='/portals/ui/digest/pages/landingPages/digest177_supplement'>Supplemental Digest 177</a></li>
			</ul>
		</div>
	</div>
</header>

<div id="docTitle" class="sectionColor5">
  <div class="container">
    <div class="row">
      <div class="col-xs-12">
        <h3>        <span class="context-title">
          Section 12: Busway
        </span>
</h3>
      </div>
    </div>
  </div>
</div>

  <div id="floatingDocTitle" class="sectionColor5">
    <div class="container">
      <div class="row">
        <div class="col-xs-12">
          <h3>        <span class="context-title">
          Section 12: Busway
        </span>
</h3>
        </div>
      </div>
    </div>
  </div>

<!-- END HEADER -->
	
	<div class="container" id="tocPage">
      

      <div class="row">
        <div class="col-sm-10 col-sm-offset-1 col-xs-12 content-container" id="viewerContent"
                 	data-portalKey="562794fee4b05736848a7cb4"
                    data-itemKey="561d5f9ae4b0c5c41a24481b"
                    data-projectKey="561d5d65e4b0c5c41a243bf2">
              	
<div class="map bookmap" lang="English_en" data-xtrc="bookmap:1" data-xtrf="harp://561d5d65e4b0c5c41a243bf2/pr/ORIGINAL/Master%20Bookmap%20Content/17712_MAIN%20(bookmap)_0000056938.xml">
   <div class="topicmeta bookmeta" data-xtrc="bookmeta:1" lang="English_en">
      
      <div class="metadata" data-xtrc="metadata:1" lang="English_en">
         
         
      </div>
      
   </div>
   <ul id="toc">
      <li data-refid="_17712001_Heading1_96" class="topicref chapter brand:sd tocentry"><span class="topichead">Busway</span><ul>
            <li data-refid="_17712001_Heading2_96" class="topicref tocentry"><span class="topichead">Busway</span><ul>
                  <li class="topicref tocentry"><a href="/portals/ui/digest/viewer/561d5d65e4b0c5c41a243bf2/561d5f9ae4b0c5c41a24481b/r/_17712001_Heading2_96#_17712001_Heading5_962" data-refids=" _17712001_Heading5_96">Distinct service advantages make your Busway installation “hassle-free”</a></li>
               </ul>
            </li>
         </ul>
      </li>
      <li data-refid="_17712002_44930" class="topicref chapter tocentry"><span class="topichead">Powerbus™ Busway</span><ul>
            <li data-refid="_17712002_Heading2_2" class="topicref tocentry"><span class="topichead">Powerbus™ Busway</span><ul>
                  <li class="topicref tocentry"><a href="/portals/ui/digest/viewer/561d5d65e4b0c5c41a243bf2/561d5f9ae4b0c5c41a24481b/r/_17712002_Heading2_2#_17712002_924842" data-refids=" _17712002_92484">Powerbus Busway</a><ul>
                        <li class="topicref tocentry"><a href="/portals/ui/digest/viewer/561d5d65e4b0c5c41a243bf2/561d5f9ae4b0c5c41a24481b/r/_17712002_Heading2_2#_17712002_Heading5_42" data-refids=" _17712002_Heading5_4">Construction</a></li>
                        <li class="topicref tocentry"><a href="/portals/ui/digest/viewer/561d5d65e4b0c5c41a243bf2/561d5f9ae4b0c5c41a24481b/r/_17712002_Heading2_2#_17712002_Heading5_62" data-refids=" _17712002_Heading5_6">Straight Sections</a></li>
                        <li class="topicref tocentry"><a href="/portals/ui/digest/viewer/561d5d65e4b0c5c41a243bf2/561d5f9ae4b0c5c41a24481b/r/_17712002_Heading2_2#_17712002_Heading5_82" data-refids=" _17712002_Heading5_8">Metering and Communications Options</a></li>
                     </ul>
                  </li>
               </ul>
            </li>
            <li data-refid="_17712003_69552" class="topicref tocentry"><span class="topichead">Powerbus Plug-In Units</span><ul>
                  <li class="topicref tocentry"><a href="/portals/ui/digest/viewer/561d5d65e4b0c5c41a243bf2/561d5f9ae4b0c5c41a24481b/r/_17712003_69552#_17712003_Heading5_42" data-refids=" _17712003_Heading5_4">Powerbus Plug-In Units</a></li>
                  <li class="topicref tocentry"><a href="/portals/ui/digest/viewer/561d5d65e4b0c5c41a243bf2/561d5f9ae4b0c5c41a24481b/r/_17712003_69552#_17712019_Heading5_42" data-refids=" _17712019_Heading5_4">Powerbus Plug-in Units with Metering</a></li>
               </ul>
            </li>
         </ul>
      </li>
      <li data-refid="_17712004_84063" class="topicref chapter brand:sd tocentry"><span class="topichead">I-Line™ Busway</span><ul>
            <li data-refid="_17712004_73112" class="topicref tocentry"><span class="topichead">Standard Components</span><ul>
                  <li class="topicref tocentry"><a href="/portals/ui/digest/viewer/561d5d65e4b0c5c41a243bf2/561d5f9ae4b0c5c41a24481b/r/_17712004_73112#_17712004_825314" data-refids=" _17712004_825312">I-Line™ Standard Components and
                        Accessories</a></li>
               </ul>
            </li>
         </ul>
      </li>
      <li data-refid="_17712005_58201" class="topicref chapter brand:sd tocentry"><span class="topichead"> I-Line™ II Busway</span><ul>
            <li data-refid="_17712005_89282" class="topicref tocentry"><span class="topichead">800 A–5000 A Busway</span><ul>
                  <li class="topicref tocentry"><a href="/portals/ui/digest/viewer/561d5d65e4b0c5c41a243bf2/561d5f9ae4b0c5c41a24481b/r/_17712005_89282#_17712005_969804" data-refids=" _17712005_969802">I-Line™ II Straight Lengths, Fittings, and Accessories</a></li>
               </ul>
            </li>
            <li data-refid="_17712006_74886" class="topicref tocentry"><span class="topichead">800 A to 5000 A “Factory Assembled" Busway Systems (or
                  Components)</span><ul>
                  <li class="topicref tocentry"><a href="/portals/ui/digest/viewer/561d5d65e4b0c5c41a243bf2/561d5f9ae4b0c5c41a24481b/r/_17712006_74886#_17712006_Heading5_3752" data-refids=" _17712006_Heading5_375">Standard Straight Lengths</a></li>
                  <li class="topicref tocentry"><a href="/portals/ui/digest/viewer/561d5d65e4b0c5c41a243bf2/561d5f9ae4b0c5c41a24481b/r/_17712006_74886#_17712006_Heading5_3772" data-refids=" _17712006_Heading5_377">Riser Busway</a></li>
                  <li class="topicref tocentry"><a href="/portals/ui/digest/viewer/561d5d65e4b0c5c41a243bf2/561d5f9ae4b0c5c41a24481b/r/_17712006_74886#_17712006_Heading5_3792" data-refids=" _17712006_Heading5_379">Indoor Drip Resistant and IP54 Splash Resistant Busway</a></li>
                  <li class="topicref tocentry"><a href="/portals/ui/digest/viewer/561d5d65e4b0c5c41a243bf2/561d5f9ae4b0c5c41a24481b/r/_17712006_74886#_17712006_Heading5_3812" data-refids=" _17712006_Heading5_381">Outdoor Construction</a></li>
                  <li class="topicref tocentry"><a href="/portals/ui/digest/viewer/561d5d65e4b0c5c41a243bf2/561d5f9ae4b0c5c41a24481b/r/_17712006_74886#_17712006_Heading5_3832" data-refids=" _17712006_Heading5_383">High Short Circuit Bracing</a></li>
                  <li class="topicref tocentry"><a href="/portals/ui/digest/viewer/561d5d65e4b0c5c41a243bf2/561d5f9ae4b0c5c41a24481b/r/_17712006_74886#_17712006_Heading5_3952" data-refids=" _17712006_Heading5_395">Hangers</a></li>
                  <li class="topicref tocentry"><a href="/portals/ui/digest/viewer/561d5d65e4b0c5c41a243bf2/561d5f9ae4b0c5c41a24481b/r/_17712006_74886#_17712006_Heading5_3972" data-refids=" _17712006_Heading5_397">Elbows</a></li>
                  <li class="topicref tocentry"><a href="/portals/ui/digest/viewer/561d5d65e4b0c5c41a243bf2/561d5f9ae4b0c5c41a24481b/r/_17712006_74886#_17712006_Heading5_3992" data-refids=" _17712006_Heading5_399">Tee</a></li>
                  <li class="topicref tocentry"><a href="/portals/ui/digest/viewer/561d5d65e4b0c5c41a243bf2/561d5f9ae4b0c5c41a24481b/r/_17712006_74886#_17712007_Heading5_3412" data-refids=" _17712007_Heading5_341">Indoor Tap Boxes</a></li>
                  <li class="topicref tocentry"><a href="/portals/ui/digest/viewer/561d5d65e4b0c5c41a243bf2/561d5f9ae4b0c5c41a24481b/r/_17712006_74886#_17712007_Heading5_3452" data-refids=" _17712007_Heading5_345">Service Heads</a></li>
                  <li class="topicref tocentry"><a href="/portals/ui/digest/viewer/561d5d65e4b0c5c41a243bf2/561d5f9ae4b0c5c41a24481b/r/_17712006_74886#_17712007_Heading5_3472" data-refids=" _17712007_Heading5_347">Unfused Reducer</a></li>
                  <li class="topicref tocentry"><a href="/portals/ui/digest/viewer/561d5d65e4b0c5c41a243bf2/561d5f9ae4b0c5c41a24481b/r/_17712006_74886#_17712007_Heading5_3502" data-refids=" _17712007_Heading5_350">Fused or Circuit Breaker Cubicle</a></li>
                  <li class="topicref tocentry"><a href="/portals/ui/digest/viewer/561d5d65e4b0c5c41a243bf2/561d5f9ae4b0c5c41a24481b/r/_17712006_74886#_17712007_Heading5_3522" data-refids=" _17712007_Heading5_352">I-Line to I-Line II Adapter</a></li>
                  <li class="topicref tocentry"><a href="/portals/ui/digest/viewer/561d5d65e4b0c5c41a243bf2/561d5f9ae4b0c5c41a24481b/r/_17712006_74886#_17712007_Heading5_3542" data-refids=" _17712007_Heading5_354">Expansion Fittings</a></li>
                  <li class="topicref tocentry"><a href="/portals/ui/digest/viewer/561d5d65e4b0c5c41a243bf2/561d5f9ae4b0c5c41a24481b/r/_17712006_74886#_17712007_Heading5_3562" data-refids=" _17712007_Heading5_356">Bussed Transformer Connection</a></li>
                  <li class="topicref tocentry"><a href="/portals/ui/digest/viewer/561d5d65e4b0c5c41a243bf2/561d5f9ae4b0c5c41a24481b/r/_17712006_74886#_17712007_Heading5_3582" data-refids=" _17712007_Heading5_358">Transformer Taps</a></li>
                  <li class="topicref tocentry"><a href="/portals/ui/digest/viewer/561d5d65e4b0c5c41a243bf2/561d5f9ae4b0c5c41a24481b/r/_17712006_74886#_17712007_Heading5_3602" data-refids=" _17712007_Heading5_360">Finger Protection to IP2X</a></li>
                  <li class="topicref tocentry"><a href="/portals/ui/digest/viewer/561d5d65e4b0c5c41a243bf2/561d5f9ae4b0c5c41a24481b/r/_17712006_74886#_17712007_Heading5_3622" data-refids=" _17712007_Heading5_362">Connection to Competitive Busway</a></li>
               </ul>
            </li>
            <li data-refid="_17712008_83374" class="topicref tocentry"><span class="topichead">Additions, Accessories, and Electrical Data</span><ul>
                  <li class="topicref tocentry"><a href="/portals/ui/digest/viewer/561d5d65e4b0c5c41a243bf2/561d5f9ae4b0c5c41a24481b/r/_17712008_83374#_17712008_Heading5_1002" data-refids=" _17712008_Heading5_100">Electrical Data for I-Line II Busway</a></li>
               </ul>
            </li>
            <li data-refid="_17712009_38392" class="topicref tocentry"><span class="topichead">Plug-In Units</span><ul>
                  <li class="topicref tocentry"><a href="/portals/ui/digest/viewer/561d5d65e4b0c5c41a243bf2/561d5f9ae4b0c5c41a24481b/r/_17712009_38392#_17712009_602994" data-refids=" _17712009_602992">Fusible Plug-In Units, Class R Fuse Kits, and Hooksticks</a></li>
                  <li class="topicref tocentry"><a href="/portals/ui/digest/viewer/561d5d65e4b0c5c41a243bf2/561d5f9ae4b0c5c41a24481b/r/_17712009_38392#_17712009_842192" data-refids=" _17712009_84219">Surge Protective Device Plug-In Units</a></li>
               </ul>
            </li>
            <li data-refid="_17712010_89282" class="topicref tocentry"><span class="topichead">PowerPact<sup class="ph sup" data-xtrc="sup:1" lang="English_en">TM</sup> H-, and J-Frame Plug-in Units</span><ul>
                  <li class="topicref tocentry"><a href="/portals/ui/digest/viewer/561d5d65e4b0c5c41a243bf2/561d5f9ae4b0c5c41a24481b/r/_17712010_89282#_17712010_1077185" data-refids=" _17712010_1077182">H- and J-Frame Plug-In Units</a></li>
               </ul>
            </li>
            <li data-refid="_17712011_84016" class="topicref tocentry"><span class="topichead">PowerPact<sup class="ph sup" data-xtrc="sup:1" lang="English_en">TM</sup> H-, J-, and L-Frame Plug-in Units with
                  Electronic Trip</span><ul>
                  <li class="topicref tocentry"><a href="/portals/ui/digest/viewer/561d5d65e4b0c5c41a243bf2/561d5f9ae4b0c5c41a24481b/r/_17712011_84016#_17712011_1160464" data-refids=" _17712011_1160462">H-, J-, and L-Frame Plug-In Units with Electronic Trip</a></li>
                  <li class="topicref tocentry"><a href="/portals/ui/digest/viewer/561d5d65e4b0c5c41a243bf2/561d5f9ae4b0c5c41a24481b/r/_17712011_84016#_17712010_1077186" data-refids=" _17712010_1077183">H- , J-, and L-Frame Plug-In Units with Electronic Trip and
                        Communication</a></li>
               </ul>
            </li>
            <li data-refid="_17712012_84016" class="topicref tocentry"><span class="topichead">PowerPact<sup class="ph sup" data-xtrc="sup:1" lang="English_en">TM</sup> M-Frame Plug-in Units with Basic Electronic
                  Trip</span><ul>
                  <li class="topicref tocentry"><a href="/portals/ui/digest/viewer/561d5d65e4b0c5c41a243bf2/561d5f9ae4b0c5c41a24481b/r/_17712012_84016#_17712012_1540264" data-refids=" _17712012_1540262">M-Frame Plug-In Units</a></li>
               </ul>
            </li>
            <li data-refid="_17712013_PowerPactTM_P-Frame_Plug-in_Units" class="topicref tocentry"><span class="topichead">PowerPact<sup class="ph sup" data-xtrc="sup:1" lang="English_en">TM </sup>P-Frame Plug-in Units </span><ul>
                  <li class="topicref tocentry"><a href="/portals/ui/digest/viewer/561d5d65e4b0c5c41a243bf2/561d5f9ae4b0c5c41a24481b/r/_17712013_PowerPactTM_P-Frame_Plug-in_Units#_17712013_897624" data-refids=" _17712013_897622">P-Frame Plug-In Units</a></li>
               </ul>
            </li>
            <li data-refid="_17712014_R-frame_Circuit_Breakers" class="topicref tocentry"><span class="topichead">PowerPact<sup class="ph sup" data-xtrc="sup:1" lang="English_en">TM </sup>R-Frame Plug-in Units</span><ul>
                  <li class="topicref tocentry"><a href="/portals/ui/digest/viewer/561d5d65e4b0c5c41a243bf2/561d5f9ae4b0c5c41a24481b/r/_17712014_R-frame_Circuit_Breakers#_17712014_823104" data-refids=" _17712014_823102">R-Frame Plug-In Units</a></li>
               </ul>
            </li>
         </ul>
      </li>
      <li data-refid="_17712015_67076" class="topicref chapter brand:sd tocentry"><span class="topichead">Power-Zone™ Busway</span><ul>
            <li data-refid="_17712015_75577" class="topicref tocentry"><span class="topichead">Non-Segregated Bus</span><ul>
                  <li class="topicref tocentry"><a href="/portals/ui/digest/viewer/561d5d65e4b0c5c41a243bf2/561d5f9ae4b0c5c41a24481b/r/_17712015_75577#_17712015_983304" data-refids=" _17712015_983302">Non-Segregated Bus</a></li>
               </ul>
            </li>
         </ul>
      </li>
   </ul>
</div>        </div>
              
      </div>
          
<script type="text/javascript">
  var refId = '';
  $(document).ready(function() {
    
    function sendFeedback(feedback, type) {
      $.ajax({
        url : HARPPortal.getPortalRpcUrl('feedback'),
        type : type,
        data : JSON.stringify(feedback),
        contentType : 'application/json',
      });
    }

    function confirmFeedback(fromNegative) {
      $('#feedbackComponent').children().fadeOut(500);
      if (fromNegative) {
        $('#feedbackContainer').removeClass('col-xs-12 col-sm-6').addClass('col-sm-3');    
      }
      $('#feedbackComponent').html($('#feedbackConfirm').fadeIn(500));
    }

    $('.feedbackButton').click(function(event) {
      var feedback = {}, contentElement = $("#viewerContent");

      feedback.id = $('body').attr('data-pageId');
      feedback.topicUseful = this.value;
      feedback.portalKey = contentElement.attr("data-portalKey");
      feedback.topicKey = contentElement.attr("data-itemKey");
      feedback.projectKey = contentElement.attr("data-projectKey");
      feedback.parentKey = contentElement.attr("data-parentKey");
      feedback.refId = refId;

      sendFeedback(feedback, 'POST');
      
      $('#feedbackCommentLabel').text(this.value === 'true' ? 'Why do you think this was helpful?' : 'Why do you think this was not helpful?');

      $('#feedbackComponent').children().fadeOut(500);
      $('#feedbackContainer').removeClass('col-sm-3').addClass('col-xs-12 col-sm-6');
      $('#feedbackComponent').html($('#feedbackComment').fadeIn(500));

      $('#commentButton').click(function() {
        $('#feedbackComponent').off('keypress');
        var comment = $("#feedbackInput").val().trim();
        if (comment !== "") {
          feedback.comment = comment;
          sendFeedback(feedback, 'PUT');
        }
        confirmFeedback(true);
      });

      $('#feedbackInput').focus();

      $('#feedbackComponent').on('keypress', function(e) {
        if (e.which === 13) {
          $('#commentButton').trigger('click');
        }
      });

    });
  });   
</script>

<div class="row">
  <div class="col-sm-3 pull-right" id="feedbackContainer">
    <div id="feedbackComponent">
      <div id="feedbackHelpful">
        <p>Was this helpful?</p>
        <div id="buttonDiv">
          <button class="btn btn-primary btn-xs feedbackButton" value="true">Yes</button>
          <button class="btn btn-primary btn-xs feedbackButton" value="false">No</button>
        </div>
      </div>
    </div>
  </div>
  <div id="feedbackConfirm" style="display: none">Thanks!</div>
  <div id="feedbackComment" style="display: none">
    <label for="feedbackInput" id="feedbackCommentLabel">Tell us why!</label><br>
    <textarea rows="4" id="feedbackInput"></textarea><br>
    <button class="btn btn-primary btn-xs" id="commentButton">Send</button>
  </div>
</div>
                        
        <div class="col-sm-10 col-sm-offset-1 col-xs-11">

         </div>
          
	</div>
<!-- BEGIN footer -->
<footer class="navbar navbar-default harp-portal-footer" style="width: 100%; margin: 20px 0 0 0;"> <!-- navbar-fixed-bottom  -->
	<div class="container">
  <p class="navbar-text navbar-left hidden-xs">
    <span class="glyphicon glyphicon-qrcode" id="qrcodeLink"
          title="Show QR code for this page"></span>
  </p>
  <img src="/portals/qrgen?url=http%3A%2F%2Fwww.productinfo.schneider-electric.com%2Fportals%2Fui%2Fdigest%2Fviewer%2F561d5d65e4b0c5c41a243bf2%2Fnocontext%2FMaster%2BBookmap%2BContent%2F17712_MAIN%2B(bookmap)_0000056938.xml&size=180"
       id="qrcode"
       style="width: 180px; height: 180px;"
       alt="QR code for this page"
       title="QR code for this page">
<script>
  $(function() {
    var $qr = $('#qrcode')
    , $link = $('#qrcodeLink')
    , on = $qr.is('visible')
    , shown = false;
    ;

    function show() {
      var pos = $link.position();
      $qr.css({
        left: pos.left + 'px',
        bottom: ($link.outerHeight() + 20) + 'px'
      });
      $qr.fadeIn();
      on = true;
      shown = true;
    }

    function toggle() {
      if (on) {
        $qr.fadeOut();
        on = false;
      } else {
        show();
      }
    }

    $link.click(toggle);
    $qr.click(toggle);
    $link.mouseover(function() {
      if (!shown) {
        show();
      }
    });
  });
</script>
<!--		<p class="navbar-text navbar-right">
			<a href="https://td-demo.titaniasoftware.com/portals/ui/website/pages/product/delivery"
				class="navbar-link harp-footer-link" target="_blank">Powered by Titania Delivery</a>
		      <a id="footerLogo" href="http://www.titaniasoftware.com"
                class="navbar-link harp-footer-link" target="_blank">
                <img src="/portals/ui/_theme/digest/images/titania-logo_128w.png"
                        style="width: 43px; height: 16px;" alt="Titania Delivery" title="Titania Delivery">
             </a>
		</p>-->
	</div>
</footer>
<!-- END footer --></body>
</html>