<!DOCTYPE html>
<html>
<head>
<link rel="shortcut icon" href="/portals/ui/_theme/digest/favicon.ico" mce_href="/portals/ui/_theme/digest/favicon.ico" type="image/x-icon"/>
<meta name="viewport" content="width=device-width, initial-scale=1.0">
<meta http-equiv="X-UA-Compatible" content="IE=11">
<!-- HTML5 Shim and Respond.js IE8 support of HTML5 elements and media queries -->
<!--[if lt IE 9]>
  <script src="https://oss.maxcdn.com/libs/html5shiv/3.7.0/html5shiv.js"></script>
  <script src="https://oss.maxcdn.com/libs/respond.js/1.3.0/respond.min.js"></script>
<![endif]-->

<title>Section 26: AC Drives and Soft Starters - Digest 177</title>

<script type="text/javascript" src="/portals/resources/scripts/libs/jquery-1.11.0.min.js"></script>

<script type="text/javascript" src="/portals/ui/_theme/digest/scripts/bannerfix.js"></script>
<link rel="stylesheet" href="/portals/ui/_theme/digest/style/harp-portals.less"></link>
<script type="text/javascript" src="/portals/ui/_theme/digest/scripts/bootstrap.min.js"></script>
<script type="text/javascript" src="/portals/resources/scripts/harp-sdk.js"></script><link rel="stylesheet" href="/portals/resources/cm/cm.css"></link>
<script type="text/javascript" src="/portals/resources/scripts/libs/moment.min.js"></script>
<script type="text/javascript" src="/portals/resources/cm/cm.js"></script>

<script>
  (function(i,s,o,g,r,a,m){i['GoogleAnalyticsObject']=r;i[r]=i[r]||function(){
  (i[r].q=i[r].q||[]).push(arguments)},i[r].l=1*new Date();a=s.createElement(o),
  m=s.getElementsByTagName(o)[0];a.async=1;a.src=g;m.parentNode.insertBefore(a,m)
  })(window,document,'script','//www.google-analytics.com/analytics.js','ga');

  ga('create', 'UA-39869895-2', 'auto');
  ga('send', 'pageview');

</script>

<script>
$(function() {
    $('li.topicref.harp-portal-filter-exclude > a').click(function(e) {
        alert("This content is currently unavailable.");
        e.preventDefault();
        return false;
    });
});
</script>

</head>

<body class="readerPage" data-pageId=e06bbe81-d8c9-4112-9563-8793821934bb>


<!-- BEGIN HEADER -->
<header class="navbar navbar-default" id="harp-header-bar" role="navigation">
	<div class="container">
		<div class="navbar-header">
			<button type="button" class="navbar-toggle" data-toggle="collapse"
				data-target=".navbar-collapse">
				<span class="sr-only">Toggle navigation</span> <span
					class="icon-bar"></span> <span class="icon-bar"></span> <span
					class="icon-bar"></span>
			</button>
			<a class="navbar-brand" style="padding: 0 50px 0 0" href="http://www.schneider-electric.com/us/en" target="_blank">
  			<img src="/portals/ui/_theme/digest/images/Logo_SE_White_Transparent_RGB.PNG" style="width: 226px; height: 52px;" class="hidden-xs">
			<img src="/portals/ui/_theme/digest/images/Logo_SE_White_Transparent_RGB.PNG" style="width: 170px; height: 39px; margin-top: 3px;" class="visible-xs">
            </a>

              <!-- <a href='/portals/ui/digest/'
	               class="header-logo-link">
	                <img src="/portals/ui/_theme/digest/images/se_logo.gif" class="header-logo">
	           	</a> -->
	            <!-- <a href='/portals/ui/digest/'>
	             Digest 177
	            </a> -->
			<!-- </span>  -->
		</div>

		<div class="navbar-collapse collapse" id="headerMenu">

				<form role="search" action='/portals/ui/digest/search' class="navbar-form navbar-right hidden-xs">
					<div class="form-group">
						<label class="sr-only" for="headerTerm">Search Term</label> <input
							type="text" placeholder="Search" class="form-control"
							id="headerTerm" name="term">
					</div>
                    <button type="submit" class="btn btn-primary">
                        <span class="glyphicon glyphicon-search"></span>
                    </button>
				</form>
				<form role="search" action='/portals/ui/digest/search' class="navbar-form navbar-right navbar-input-group visible-xs">
				    <div class="form-group">
				        <label class="sr-only" for="headerTerm">Search Term</label>
				        <div class="input-group">
				            <input type="text" placeholder="Search" class="form-control"
				                id="headerTerm" name="term">
				            <span class="input-group-btn">
				                <button type="submit" class="btn btn-primary">
				                    <span class="glyphicon glyphicon-search"></span>
				                </button>
				            </span>
				        </div>
				    </div>
				</form>

			<ul class="nav navbar-nav">
                <li><a href="http://www.digestplus-us.schneider-electric.com/" target="_blank">DigestPLUS</a></li>
              	<li><a href='/portals/ui/digest/pages/landingPages/digest177'>Digest 177</a></li>
                <li><a href='/portals/ui/digest/pages/landingPages/digest177_supplement'>Supplemental Digest 177</a></li>
			</ul>
		</div>
	</div>
</header>

<div id="docTitle" class="sectionColor5">
  <div class="container">
    <div class="row">
      <div class="col-xs-12">
        <h3>        <span class="context-title">
          Section 26: AC Drives and Soft Starters
        </span>
</h3>
      </div>
    </div>
  </div>
</div>

  <div id="floatingDocTitle" class="sectionColor5">
    <div class="container">
      <div class="row">
        <div class="col-xs-12">
          <h3>        <span class="context-title">
          Section 26: AC Drives and Soft Starters
        </span>
</h3>
        </div>
      </div>
    </div>
  </div>

<!-- END HEADER -->
	
	<div class="container" id="tocPage">
      

      <div class="row">
        <div class="col-sm-10 col-sm-offset-1 col-xs-12 content-container" id="viewerContent"
                 	data-portalKey="562794fee4b05736848a7cb4"
                    data-itemKey="561d5f9ae4b0c5c41a244850"
                    data-projectKey="561d5d65e4b0c5c41a243bf2">
              	
<div class="map bookmap" lang="English_en" data-xtrc="bookmap:1" data-xtrf="harp://561d5d65e4b0c5c41a243bf2/pr/ORIGINAL/Master%20Bookmap%20Content/17726_MAIN%20(bookmap)_0000049666.xml">
   <div class="topicmeta bookmeta" data-xtrc="bookmeta:1" lang="English_en">
      
      <div class="metadata" data-xtrc="metadata:1" lang="English_en">
         
         
      </div>
      
   </div>
   <ul id="toc">
      <li data-refid="ACDrivesAndSoftStartsOverview-234986D2" class="topicref chapter tocentry"><span class="topichead">Overview</span><ul>
            <li data-refid="_17726002_77082" class="topicref tocentry"><span class="topichead">Open AC Drives</span><ul>
                  <li class="topicref tocentry"><a href="/portals/ui/digest/viewer/561d5d65e4b0c5c41a243bf2/561d5f9ae4b0c5c41a244850/r/_17726002_77082#PanelMountedOpenACDriveSolutions-2349E4A92" data-refids=" PanelMountedOpenACDriveSolutions-2349E4A9">Overview of Altivar™ 12 / 312 / 32</a></li>
                  <li class="topicref tocentry"><a href="/portals/ui/digest/viewer/561d5d65e4b0c5c41a243bf2/561d5f9ae4b0c5c41a244850/r/_17726002_77082#_17726003_710412" data-refids=" _17726003_71041">Overview of Altivar™ 71 / 212 / 61 / 630</a></li>
               </ul>
            </li>
            <li data-refid="SoftStartSolutions-234A6E9C" class="topicref tocentry"><span class="topichead">Open AC Soft Starters</span><ul>
                  <li class="topicref tocentry"><a href="/portals/ui/digest/viewer/561d5d65e4b0c5c41a243bf2/561d5f9ae4b0c5c41a244850/r/SoftStartSolutions-234A6E9C#SoftStartSolutions-234A7D272" data-refids=" SoftStartSolutions-234A7D27">Overview of Altistart™ 01 / 22 / 48</a></li>
               </ul>
            </li>
            <li data-refid="EnclosedProducts-234AFB6D" class="topicref tocentry"><span class="topichead">Enclosed AC Drives and Soft Starters</span><ul>
                  <li class="topicref tocentry"><a href="/portals/ui/digest/viewer/561d5d65e4b0c5c41a243bf2/561d5f9ae4b0c5c41a244850/r/EnclosedProducts-234AFB6D#_17726005_1112032" data-refids=" _17726005_111203">Overview of SFlex, Enclosed 22, Enclosed 48</a></li>
               </ul>
            </li>
            <li data-refid="NorthAmericanDriveSystems-408937B3" class="topicref tocentry"><span class="topichead">North American Drive Systems</span><ul>
                  <li class="topicref tocentry"><a href="/portals/ui/digest/viewer/561d5d65e4b0c5c41a243bf2/561d5f9ae4b0c5c41a244850/r/NorthAmericanDriveSystems-408937B3#NorthAmericanDriveSystems-40A097272" data-refids=" NorthAmericanDriveSystems-40A09727">Eflex, Altivar Outdoor 61/71, PowerGard 61/71</a></li>
                  <li class="topicref tocentry"><a href="/portals/ui/digest/viewer/561d5d65e4b0c5c41a243bf2/561d5f9ae4b0c5c41a244850/r/NorthAmericanDriveSystems-408937B3#NorthAmericanDriveSystems-4089C2052" data-refids=" NorthAmericanDriveSystems-4089C205">Altivar Plus 61/71, Altivar 660 Process, Altivar 1260</a></li>
               </ul>
            </li>
         </ul>
      </li>
      <li data-refid="_17726006_93718" class="topicref chapter tocentry"><span class="topichead">AC Drives</span><ul>
            <li data-refid="_17726006_Heading2_7" class="topicref tocentry"><span class="topichead">Altivar<sup class="ph sup" data-xtrc="sup:1" lang="English_en">TM</sup> 212</span><ul>
                  <li class="topicref tocentry"><a href="/portals/ui/digest/viewer/561d5d65e4b0c5c41a243bf2/561d5f9ae4b0c5c41a244850/r/_17726006_Heading2_7#AltivarTM212Drives-234C30712" data-refids=" AltivarTM212Drives-234C3071">Altivar™ 212 Drives</a></li>
                  <li class="topicref tocentry"><a href="/portals/ui/digest/viewer/561d5d65e4b0c5c41a243bf2/561d5f9ae4b0c5c41a244850/r/_17726006_Heading2_7#AltivarTM212Drives-23C47CCF2" data-refids=" AltivarTM212Drives-23C47CCF">Altivar™ 212 Accessories</a></li>
               </ul>
            </li>
            <li data-refid="_17726008_Heading2_3" class="topicref tocentry"><span class="topichead">Altivar<sup class="ph sup" data-xtrc="sup:1" lang="English_en">TM</sup> 312</span><ul>
                  <li class="topicref tocentry"><a href="/portals/ui/digest/viewer/561d5d65e4b0c5c41a243bf2/561d5f9ae4b0c5c41a244850/r/_17726008_Heading2_3#AltivarTM31231CSelection-235017FA2" data-refids=" AltivarTM31231CSelection-235017FA">Altivar™ 312 Drives</a></li>
                  <li class="topicref tocentry"><a href="/portals/ui/digest/viewer/561d5d65e4b0c5c41a243bf2/561d5f9ae4b0c5c41a244850/r/_17726008_Heading2_3#AltivarTM312OptionsAndAccessories-2350DD002" data-refids=" AltivarTM312OptionsAndAccessories-2350DD00">Altivar™ 312 Options and Accessories</a></li>
               </ul>
            </li>
            <li data-refid="_17726010_Heading2_3" class="topicref tocentry"><span class="topichead">Altivar<sup class="ph sup" data-xtrc="sup:1" lang="English_en">TM</sup> 61</span><ul>
                  <li class="topicref tocentry"><a href="/portals/ui/digest/viewer/561d5d65e4b0c5c41a243bf2/561d5f9ae4b0c5c41a244850/r/_17726010_Heading2_3#AltivarTM61Three-PhaseDrives-2351C2642" data-refids=" AltivarTM61Three-PhaseDrives-2351C264">Altivar™ 61 Three-Phase Drives</a></li>
                  <li class="topicref tocentry"><a href="/portals/ui/digest/viewer/561d5d65e4b0c5c41a243bf2/561d5f9ae4b0c5c41a244850/r/_17726010_Heading2_3#_17726011_Heading5_1462" data-refids=" _17726011_Heading5_146">Altivar™ 61 Single-Phase Drives</a></li>
               </ul>
            </li>
            <li data-refid="_17726012_Heading2_3" class="topicref tocentry"><span class="topichead">Altivar<sup class="ph sup" data-xtrc="sup:1" lang="English_en">TM</sup> 71</span><ul>
                  <li class="topicref tocentry"><a href="/portals/ui/digest/viewer/561d5d65e4b0c5c41a243bf2/561d5f9ae4b0c5c41a244850/r/_17726012_Heading2_3#_17726012_Heading5_32" data-refids=" _17726012_Heading5_3">Altivar 71 Single-Phase</a></li>
                  <li class="topicref tocentry"><a href="/portals/ui/digest/viewer/561d5d65e4b0c5c41a243bf2/561d5f9ae4b0c5c41a244850/r/_17726012_Heading2_3#_17726012_Heading5_2092" data-refids=" _17726012_Heading5_209">Altivar 71 Three-Phase</a></li>
               </ul>
            </li>
            <li data-refid="AltivarTM6171Options-2353CC5D" class="topicref tocentry"><span class="topichead">Altivar<sup class="ph sup" data-xtrc="sup:1" lang="English_en">TM</sup> 61 / 71 Options</span><ul>
                  <li class="topicref tocentry"><a href="/portals/ui/digest/viewer/561d5d65e4b0c5c41a243bf2/561d5f9ae4b0c5c41a244850/r/AltivarTM6171Options-2353CC5D#_17726014_235872" data-refids=" _17726014_23587">Altivar™ 61 / 71 Options</a></li>
               </ul>
            </li>
            <li data-refid="AltivarTMProcess630-4080DDDF" class="topicref tocentry"><span class="topichead">Altivar<sup class="ph sup" data-xtrc="sup:1" lang="English_en">TM</sup> Process 630</span><ul>
                  <li class="topicref tocentry"><a href="/portals/ui/digest/viewer/561d5d65e4b0c5c41a243bf2/561d5f9ae4b0c5c41a244850/r/AltivarTMProcess630-4080DDDF#AltivarTMProcess630-408109052" data-refids=" AltivarTMProcess630-40810905">Altivar™ Process 630</a></li>
               </ul>
            </li>
         </ul>
      </li>
      <li data-refid="_17726016_23587" class="topicref chapter tocentry"><span class="topichead">Enclosed Drives</span><ul>
            <li data-refid="_17726016_Heading2_7" class="topicref tocentry"><span class="topichead">S–Flex<sup class="ph sup" data-xtrc="sup:1" lang="English_en">TM</sup> 212 AC Drives</span><ul>
                  <li class="topicref tocentry"><a href="/portals/ui/digest/viewer/561d5d65e4b0c5c41a243bf2/561d5f9ae4b0c5c41a244850/r/_17726016_Heading2_7#_17726016_Heading5_82" data-refids=" _17726016_Heading5_8">Variable Torque AC Drive—208 V, 230 V, and 460 V Ratings</a></li>
               </ul>
            </li>
         </ul>
      </li>
      <li data-refid="_17726017_70962" class="topicref chapter tocentry"><span class="topichead">AC Soft Starters</span><ul>
            <li data-refid="_17726017_Heading2_3" class="topicref tocentry"><span class="topichead">Altistart<sup class="ph sup" data-xtrc="sup:1" lang="English_en">TM</sup> Soft Starters</span><ul>
                  <li class="topicref tocentry"><a href="/portals/ui/digest/viewer/561d5d65e4b0c5c41a243bf2/561d5f9ae4b0c5c41a244850/r/_17726017_Heading2_3#_17726018_Heading5_42" data-refids=" _17726018_Heading5_4">Altistart<sup class="ph sup" data-xtrc="sup:1" lang="English_en">TM</sup> 22 Soft Starters</a></li>
                  <li class="topicref tocentry"><a href="/portals/ui/digest/viewer/561d5d65e4b0c5c41a243bf2/561d5f9ae4b0c5c41a244850/r/_17726017_Heading2_3#_17726017_Heading5_42" data-refids=" _17726017_Heading5_4">Altistart™ 48 Soft Starters</a></li>
               </ul>
            </li>
         </ul>
      </li>
      <li data-refid="_17726019_23587" class="topicref chapter tocentry"><span class="topichead">Enclosed Soft Starter</span><ul>
            <li data-refid="_17726019_Heading2_3" class="topicref tocentry"><span class="topichead">AC Soft Starter Products</span><ul>
                  <li class="topicref tocentry"><a href="/portals/ui/digest/viewer/561d5d65e4b0c5c41a243bf2/561d5f9ae4b0c5c41a244850/r/_17726019_Heading2_3#_17726019_Heading5_42" data-refids=" _17726019_Heading5_4">Enclosed Altistart™ 22 Motor Controllers</a></li>
               </ul>
            </li>
         </ul>
      </li>
      <li data-refid="_17726020_77286" class="topicref chapter tocentry"><span class="topichead">AC Drives and Soft Starter Support</span><ul>
            <li data-refid="_17726020_68404" class="topicref tocentry"><span class="topichead">Support, Training, and Documentation</span><ul>
                  <li class="topicref tocentry"><a href="/portals/ui/digest/viewer/561d5d65e4b0c5c41a243bf2/561d5f9ae4b0c5c41a244850/r/_17726020_68404#_17726020_Heading5_32" data-refids=" _17726020_Heading5_3">Information and Selection of AC Drives</a></li>
                  <li class="topicref tocentry"><a href="/portals/ui/digest/viewer/561d5d65e4b0c5c41a243bf2/561d5f9ae4b0c5c41a244850/r/_17726020_68404#_17726020_Heading5_62" data-refids=" _17726020_Heading5_6">Technical Support for AC Drives</a></li>
                  <li class="topicref tocentry"><a href="/portals/ui/digest/viewer/561d5d65e4b0c5c41a243bf2/561d5f9ae4b0c5c41a244850/r/_17726020_68404#_17726020_Heading5_262" data-refids=" _17726020_Heading5_26">Customer Training for AC Drives</a></li>
                  <li class="topicref tocentry"><a href="/portals/ui/digest/viewer/561d5d65e4b0c5c41a243bf2/561d5f9ae4b0c5c41a244850/r/_17726020_68404#_17726020_Heading5_352" data-refids=" _17726020_Heading5_35">Packaged Product Documentation for AC Drives</a></li>
                  <li class="topicref tocentry"><a href="/portals/ui/digest/viewer/561d5d65e4b0c5c41a243bf2/561d5f9ae4b0c5c41a244850/r/_17726020_68404#_17726020_Heading5_452" data-refids=" _17726020_Heading5_45">Product Literature</a></li>
               </ul>
            </li>
         </ul>
      </li>
   </ul>
</div>        </div>
              
      </div>
          
<script type="text/javascript">
  var refId = '';
  $(document).ready(function() {
    
    function sendFeedback(feedback, type) {
      $.ajax({
        url : HARPPortal.getPortalRpcUrl('feedback'),
        type : type,
        data : JSON.stringify(feedback),
        contentType : 'application/json',
      });
    }

    function confirmFeedback(fromNegative) {
      $('#feedbackComponent').children().fadeOut(500);
      if (fromNegative) {
        $('#feedbackContainer').removeClass('col-xs-12 col-sm-6').addClass('col-sm-3');    
      }
      $('#feedbackComponent').html($('#feedbackConfirm').fadeIn(500));
    }

    $('.feedbackButton').click(function(event) {
      var feedback = {}, contentElement = $("#viewerContent");

      feedback.id = $('body').attr('data-pageId');
      feedback.topicUseful = this.value;
      feedback.portalKey = contentElement.attr("data-portalKey");
      feedback.topicKey = contentElement.attr("data-itemKey");
      feedback.projectKey = contentElement.attr("data-projectKey");
      feedback.parentKey = contentElement.attr("data-parentKey");
      feedback.refId = refId;

      sendFeedback(feedback, 'POST');
      
      $('#feedbackCommentLabel').text(this.value === 'true' ? 'Why do you think this was helpful?' : 'Why do you think this was not helpful?');

      $('#feedbackComponent').children().fadeOut(500);
      $('#feedbackContainer').removeClass('col-sm-3').addClass('col-xs-12 col-sm-6');
      $('#feedbackComponent').html($('#feedbackComment').fadeIn(500));

      $('#commentButton').click(function() {
        $('#feedbackComponent').off('keypress');
        var comment = $("#feedbackInput").val().trim();
        if (comment !== "") {
          feedback.comment = comment;
          sendFeedback(feedback, 'PUT');
        }
        confirmFeedback(true);
      });

      $('#feedbackInput').focus();

      $('#feedbackComponent').on('keypress', function(e) {
        if (e.which === 13) {
          $('#commentButton').trigger('click');
        }
      });

    });
  });   
</script>

<div class="row">
  <div class="col-sm-3 pull-right" id="feedbackContainer">
    <div id="feedbackComponent">
      <div id="feedbackHelpful">
        <p>Was this helpful?</p>
        <div id="buttonDiv">
          <button class="btn btn-primary btn-xs feedbackButton" value="true">Yes</button>
          <button class="btn btn-primary btn-xs feedbackButton" value="false">No</button>
        </div>
      </div>
    </div>
  </div>
  <div id="feedbackConfirm" style="display: none">Thanks!</div>
  <div id="feedbackComment" style="display: none">
    <label for="feedbackInput" id="feedbackCommentLabel">Tell us why!</label><br>
    <textarea rows="4" id="feedbackInput"></textarea><br>
    <button class="btn btn-primary btn-xs" id="commentButton">Send</button>
  </div>
</div>
                        
        <div class="col-sm-10 col-sm-offset-1 col-xs-11">

         </div>
          
	</div>
<!-- BEGIN footer -->
<footer class="navbar navbar-default harp-portal-footer" style="width: 100%; margin: 20px 0 0 0;"> <!-- navbar-fixed-bottom  -->
	<div class="container">
  <p class="navbar-text navbar-left hidden-xs">
    <span class="glyphicon glyphicon-qrcode" id="qrcodeLink"
          title="Show QR code for this page"></span>
  </p>
  <img src="/portals/qrgen?url=http%3A%2F%2Fwww.productinfo.schneider-electric.com%2Fportals%2Fui%2Fdigest%2Fviewer%2F561d5d65e4b0c5c41a243bf2%2Fnocontext%2FMaster%2BBookmap%2BContent%2F17726_MAIN%2B(bookmap)_0000049666.xml&size=180"
       id="qrcode"
       style="width: 180px; height: 180px;"
       alt="QR code for this page"
       title="QR code for this page">
<script>
  $(function() {
    var $qr = $('#qrcode')
    , $link = $('#qrcodeLink')
    , on = $qr.is('visible')
    , shown = false;
    ;

    function show() {
      var pos = $link.position();
      $qr.css({
        left: pos.left + 'px',
        bottom: ($link.outerHeight() + 20) + 'px'
      });
      $qr.fadeIn();
      on = true;
      shown = true;
    }

    function toggle() {
      if (on) {
        $qr.fadeOut();
        on = false;
      } else {
        show();
      }
    }

    $link.click(toggle);
    $qr.click(toggle);
    $link.mouseover(function() {
      if (!shown) {
        show();
      }
    });
  });
</script>
<!--		<p class="navbar-text navbar-right">
			<a href="https://td-demo.titaniasoftware.com/portals/ui/website/pages/product/delivery"
				class="navbar-link harp-footer-link" target="_blank">Powered by Titania Delivery</a>
		      <a id="footerLogo" href="http://www.titaniasoftware.com"
                class="navbar-link harp-footer-link" target="_blank">
                <img src="/portals/ui/_theme/digest/images/titania-logo_128w.png"
                        style="width: 43px; height: 16px;" alt="Titania Delivery" title="Titania Delivery">
             </a>
		</p>-->
	</div>
</footer>
<!-- END footer --></body>
</html>