<!DOCTYPE html>
<html>
<head>
<link rel="shortcut icon" href="/portals/ui/_theme/digest/favicon.ico" mce_href="/portals/ui/_theme/digest/favicon.ico" type="image/x-icon"/>
<meta name="viewport" content="width=device-width, initial-scale=1.0">
<meta http-equiv="X-UA-Compatible" content="IE=11">
<!-- HTML5 Shim and Respond.js IE8 support of HTML5 elements and media queries -->
<!--[if lt IE 9]>
  <script src="https://oss.maxcdn.com/libs/html5shiv/3.7.0/html5shiv.js"></script>
  <script src="https://oss.maxcdn.com/libs/respond.js/1.3.0/respond.min.js"></script>
<![endif]-->

<title>Section 24: Terminal Blocks - Digest 177</title>

<script type="text/javascript" src="/portals/resources/scripts/libs/jquery-1.11.0.min.js"></script>

<script type="text/javascript" src="/portals/ui/_theme/digest/scripts/bannerfix.js"></script>
<link rel="stylesheet" href="/portals/ui/_theme/digest/style/harp-portals.less"></link>
<script type="text/javascript" src="/portals/ui/_theme/digest/scripts/bootstrap.min.js"></script>
<script type="text/javascript" src="/portals/resources/scripts/harp-sdk.js"></script><link rel="stylesheet" href="/portals/resources/cm/cm.css"></link>
<script type="text/javascript" src="/portals/resources/scripts/libs/moment.min.js"></script>
<script type="text/javascript" src="/portals/resources/cm/cm.js"></script>

<script>
  (function(i,s,o,g,r,a,m){i['GoogleAnalyticsObject']=r;i[r]=i[r]||function(){
  (i[r].q=i[r].q||[]).push(arguments)},i[r].l=1*new Date();a=s.createElement(o),
  m=s.getElementsByTagName(o)[0];a.async=1;a.src=g;m.parentNode.insertBefore(a,m)
  })(window,document,'script','//www.google-analytics.com/analytics.js','ga');

  ga('create', 'UA-39869895-2', 'auto');
  ga('send', 'pageview');

</script>

<script>
$(function() {
    $('li.topicref.harp-portal-filter-exclude > a').click(function(e) {
        alert("This content is currently unavailable.");
        e.preventDefault();
        return false;
    });
});
</script>

</head>

<body class="readerPage" data-pageId=608d98a5-4c57-42b8-9aa2-eafb5c366113>


<!-- BEGIN HEADER -->
<header class="navbar navbar-default" id="harp-header-bar" role="navigation">
	<div class="container">
		<div class="navbar-header">
			<button type="button" class="navbar-toggle" data-toggle="collapse"
				data-target=".navbar-collapse">
				<span class="sr-only">Toggle navigation</span> <span
					class="icon-bar"></span> <span class="icon-bar"></span> <span
					class="icon-bar"></span>
			</button>
			<a class="navbar-brand" style="padding: 0 50px 0 0" href="http://www.schneider-electric.com/us/en" target="_blank">
  			<img src="/portals/ui/_theme/digest/images/Logo_SE_White_Transparent_RGB.PNG" style="width: 226px; height: 52px;" class="hidden-xs">
			<img src="/portals/ui/_theme/digest/images/Logo_SE_White_Transparent_RGB.PNG" style="width: 170px; height: 39px; margin-top: 3px;" class="visible-xs">
            </a>

              <!-- <a href='/portals/ui/digest/'
	               class="header-logo-link">
	                <img src="/portals/ui/_theme/digest/images/se_logo.gif" class="header-logo">
	           	</a> -->
	            <!-- <a href='/portals/ui/digest/'>
	             Digest 177
	            </a> -->
			<!-- </span>  -->
		</div>

		<div class="navbar-collapse collapse" id="headerMenu">

				<form role="search" action='/portals/ui/digest/search' class="navbar-form navbar-right hidden-xs">
					<div class="form-group">
						<label class="sr-only" for="headerTerm">Search Term</label> <input
							type="text" placeholder="Search" class="form-control"
							id="headerTerm" name="term">
					</div>
                    <button type="submit" class="btn btn-primary">
                        <span class="glyphicon glyphicon-search"></span>
                    </button>
				</form>
				<form role="search" action='/portals/ui/digest/search' class="navbar-form navbar-right navbar-input-group visible-xs">
				    <div class="form-group">
				        <label class="sr-only" for="headerTerm">Search Term</label>
				        <div class="input-group">
				            <input type="text" placeholder="Search" class="form-control"
				                id="headerTerm" name="term">
				            <span class="input-group-btn">
				                <button type="submit" class="btn btn-primary">
				                    <span class="glyphicon glyphicon-search"></span>
				                </button>
				            </span>
				        </div>
				    </div>
				</form>

			<ul class="nav navbar-nav">
                <li><a href="http://www.digestplus-us.schneider-electric.com/" target="_blank">DigestPLUS</a></li>
              	<li><a href='/portals/ui/digest/pages/landingPages/digest177'>Digest 177</a></li>
                <li><a href='/portals/ui/digest/pages/landingPages/digest177_supplement'>Supplemental Digest 177</a></li>
			</ul>
		</div>
	</div>
</header>

<div id="docTitle" class="sectionColor3">
  <div class="container">
    <div class="row">
      <div class="col-xs-12">
        <h3>        <span class="context-title">
          Section 24: Terminal Blocks
        </span>
</h3>
      </div>
    </div>
  </div>
</div>

  <div id="floatingDocTitle" class="sectionColor3">
    <div class="container">
      <div class="row">
        <div class="col-xs-12">
          <h3>        <span class="context-title">
          Section 24: Terminal Blocks
        </span>
</h3>
        </div>
      </div>
    </div>
  </div>

<!-- END HEADER -->
	
	<div class="container" id="tocPage">
      

      <div class="row">
        <div class="col-sm-10 col-sm-offset-1 col-xs-12 content-container" id="viewerContent"
                 	data-portalKey="562794fee4b05736848a7cb4"
                    data-itemKey="561d5f9ae4b0c5c41a24484a"
                    data-projectKey="561d5d65e4b0c5c41a243bf2">
              	
<div class="map bookmap" lang="English_en" data-xtrc="bookmap:1" data-xtrf="harp://561d5d65e4b0c5c41a243bf2/pr/ORIGINAL/Master%20Bookmap%20Content/17724_MAIN%20(bookmap)_0000063623.xml">
   <div class="topicmeta bookmeta" data-xtrc="bookmeta:1" lang="English_en">
      
      <div class="metadata" data-xtrc="metadata:1" lang="English_en">
         
         
      </div>
      
   </div>
   <ul id="toc">
      <li data-refid="_17724002_69505" class="topicref chapter tocentry"><span class="topichead">Selection Guide</span><ul>
            <li data-refid="_17724002_64228" class="topicref tocentry"><span class="topichead">Terminal&nbsp;Block Selection Guide</span><ul>
                  <li class="topicref tocentry"><a href="/portals/ui/digest/viewer/561d5d65e4b0c5c41a243bf2/561d5f9ae4b0c5c41a24484a/r/_17724002_64228#_17724002_680764" data-refids=" _17724002_680762">Terminal Block Panorama</a></li>
               </ul>
            </li>
         </ul>
      </li>
      <li data-refid="_17724003_69505" class="topicref chapter tocentry"><span class="topichead">IEC Style Terminal&nbsp;Blocks</span><ul>
            <li data-refid="_17724003_64228" class="topicref tocentry"><span class="topichead">Spring Terminal Blocks</span><ul>
                  <li class="topicref tocentry"><a href="/portals/ui/digest/viewer/561d5d65e4b0c5c41a243bf2/561d5f9ae4b0c5c41a24484a/r/_17724003_64228#_17724003_581884" data-refids=" _17724003_581882">Passthrough</a></li>
                  <li class="topicref tocentry"><a href="/portals/ui/digest/viewer/561d5d65e4b0c5c41a243bf2/561d5f9ae4b0c5c41a24484a/r/_17724003_64228#_17724004_618543" data-refids=" _17724004_61854">Grounding</a></li>
                  <li class="topicref tocentry"><a href="/portals/ui/digest/viewer/561d5d65e4b0c5c41a243bf2/561d5f9ae4b0c5c41a24484a/r/_17724003_64228#_17724005_602152" data-refids=" _17724005_60215">Double and Triple Deck, Grounding, Component Carriers, Blade
                        Isolators</a></li>
                  <li class="topicref tocentry"><a href="/portals/ui/digest/viewer/561d5d65e4b0c5c41a243bf2/561d5f9ae4b0c5c41a24484a/r/_17724003_64228#_17724006_570073" data-refids=" _17724006_57007">Miniature Spring Passthrough and Grounding</a></li>
               </ul>
            </li>
            <li data-refid="_17724009_67570" class="topicref tocentry"><span class="topichead">Screw Terminal Blocks</span><ul>
                  <li class="topicref tocentry"><a href="/portals/ui/digest/viewer/561d5d65e4b0c5c41a243bf2/561d5f9ae4b0c5c41a24484a/r/_17724009_67570#_17724007_604412" data-refids=" _17724007_60441">Passthrough and Grounding</a></li>
                  <li class="topicref tocentry"><a href="/portals/ui/digest/viewer/561d5d65e4b0c5c41a243bf2/561d5f9ae4b0c5c41a24484a/r/_17724009_67570#_17724008_683282" data-refids=" _17724008_68328">Lug/Lug, Double and Triple Deck Passthrough, Grounding</a></li>
                  <li class="topicref tocentry"><a href="/portals/ui/digest/viewer/561d5d65e4b0c5c41a243bf2/561d5f9ae4b0c5c41a24484a/r/_17724009_67570#_17724009_682934" data-refids=" _17724009_682932">Blade Isolators, Component Carriers, Fused, Measuring, Grounding</a></li>
                  <li class="topicref tocentry"><a href="/portals/ui/digest/viewer/561d5d65e4b0c5c41a243bf2/561d5f9ae4b0c5c41a24484a/r/_17724009_67570#_17724010_619702" data-refids=" _17724010_61970">Miniature Passthrough and Hybrid Passthrough</a></li>
               </ul>
            </li>
            <li data-refid="_17724011_57404" class="topicref tocentry"><span class="topichead">Push-in Terminal Blocks</span><ul>
                  <li class="topicref tocentry"><a href="/portals/ui/digest/viewer/561d5d65e4b0c5c41a243bf2/561d5f9ae4b0c5c41a24484a/r/_17724011_57404#_17724011_574084" data-refids=" _17724011_574082">Passthrough and Grounding</a></li>
                  <li class="topicref tocentry"><a href="/portals/ui/digest/viewer/561d5d65e4b0c5c41a243bf2/561d5f9ae4b0c5c41a24484a/r/_17724011_57404#_17724012_619402" data-refids=" _17724012_61940">Double Deck Passthrough, Blade Isolators, Component Carriers</a></li>
               </ul>
            </li>
            <li data-refid="_17724013_67576" class="topicref tocentry"><span class="topichead">Accessories</span><ul>
                  <li class="topicref tocentry"><a href="/portals/ui/digest/viewer/561d5d65e4b0c5c41a243bf2/561d5f9ae4b0c5c41a24484a/r/_17724013_67576#_17724013_675795" data-refids=" _17724013_675792">Linergy Marking Accessories</a></li>
                  <li class="topicref tocentry"><a href="/portals/ui/digest/viewer/561d5d65e4b0c5c41a243bf2/561d5f9ae4b0c5c41a24484a/r/_17724013_67576#_17724013_675796" data-refids=" _17724013_675793">Linergy Labeling System</a></li>
               </ul>
            </li>
         </ul>
      </li>
      <li data-refid="_17724015_36201" class="topicref chapter tocentry"><span class="topichead">
            <b class="ph b" data-xtrc="b:1" lang="English_en">NEMA and IEC
               Style Accessories</b>
            </span><ul>
            <li data-refid="_17724014_Heading2_3" class="topicref tocentry"><span class="topichead">Accessories</span><ul>
                  <li class="topicref tocentry"><a href="/portals/ui/digest/viewer/561d5d65e4b0c5c41a243bf2/561d5f9ae4b0c5c41a24484a/r/_17724014_Heading2_3#_17724014_614113" data-refids=" _17724014_614112">Mounting Track and End Clamps</a></li>
               </ul>
            </li>
         </ul>
      </li>
      <li data-refid="_17724015_362012" class="topicref chapter tocentry"><span class="topichead">
            <b class="ph b" data-xtrc="b:1" lang="English_en">NEMA Style Terminal&nbsp;Blocks</b>
            </span><ul>
            <li data-refid="_17724015_Heading2_3" class="topicref tocentry"><span class="topichead">Type G Terminal Blocks</span><ul>
                  <li class="topicref tocentry"><a href="/portals/ui/digest/viewer/561d5d65e4b0c5c41a243bf2/561d5f9ae4b0c5c41a24484a/r/_17724015_Heading2_3#TypeGSelectionGuide-36B7562C2" data-refids=" TypeGSelectionGuide-36B7562C">Selection Guide</a></li>
                  <li class="topicref tocentry"><a href="/portals/ui/digest/viewer/561d5d65e4b0c5c41a243bf2/561d5f9ae4b0c5c41a24484a/r/_17724015_Heading2_3#TypeGSelectionGuide-36BB83A32" data-refids=" TypeGSelectionGuide-36BB83A3">Selection Guide</a></li>
                  <li class="topicref tocentry"><a href="/portals/ui/digest/viewer/561d5d65e4b0c5c41a243bf2/561d5f9ae4b0c5c41a24484a/r/_17724015_Heading2_3#_17724015_916712" data-refids=" _17724015_91671">Terminal Block Assemblies</a></li>
               </ul>
            </li>
            <li data-refid="TypeGTerminalBlockAccessories-6590ED19" class="topicref tocentry"><span class="topichead">Type G Terminal Block Accessories</span><ul>
                  <li class="topicref tocentry"><a href="/portals/ui/digest/viewer/561d5d65e4b0c5c41a243bf2/561d5f9ae4b0c5c41a24484a/r/TypeGTerminalBlockAccessories-6590ED19#_17724016_602193" data-refids=" _17724016_60219">Mounting Track, End Clamps, Jumpers, Fanning Strips</a></li>
                  <li class="topicref tocentry"><a href="/portals/ui/digest/viewer/561d5d65e4b0c5c41a243bf2/561d5f9ae4b0c5c41a24484a/r/TypeGTerminalBlockAccessories-6590ED19#_17724016_602194" data-refids=" _17724016_602192">Marking Accessories</a></li>
               </ul>
            </li>
         </ul>
      </li>
      <li data-refid="_17724017_58178" class="topicref chapter tocentry"><span class="topichead">Thermal-Magnetic Circuit Protectors</span><ul>
            <li data-refid="_17724017_18994" class="topicref tocentry"><span class="topichead">Type GCB Circuit Protectors</span><ul>
                  <li class="topicref tocentry"><a href="/portals/ui/digest/viewer/561d5d65e4b0c5c41a243bf2/561d5f9ae4b0c5c41a24484a/r/_17724017_18994#_17724017_625475" data-refids=" _17724017_625472">Thermal-Magnetic Circuit Protectors</a></li>
               </ul>
            </li>
         </ul>
      </li>
      <li data-refid="_17724017_581782" class="topicref chapter tocentry"><span class="topichead">Thermal-Magnetic Circuit Protectors</span><ul>
            <li data-refid="TypeGB2-22B27632" class="topicref tocentry"><span class="topichead">Type GB2 Circuit Protectors</span><ul>
                  <li class="topicref tocentry"><a href="/portals/ui/digest/viewer/561d5d65e4b0c5c41a243bf2/561d5f9ae4b0c5c41a24484a/r/TypeGB2-22B27632#_17724017_Heading5_1662" data-refids=" _17724017_Heading5_166">Thermal-Magnetic Circuit Protectors</a></li>
               </ul>
            </li>
         </ul>
      </li>
      <li data-refid="_17724018_40735" class="topicref chapter tocentry"><span class="topichead">NEMA Power Distribution Blocks</span><ul>
            <li data-refid="_17724018_99477" class="topicref tocentry"><span class="topichead">Type LB Power Distribution Blocks</span><ul>
                  <li class="topicref tocentry"><a href="/portals/ui/digest/viewer/561d5d65e4b0c5c41a243bf2/561d5f9ae4b0c5c41a24484a/r/_17724018_99477#_17724018_1136644" data-refids=" _17724018_1136642">Standard, Miniature, and Copper Power
                        Distribution Blocks</a></li>
               </ul>
            </li>
         </ul>
      </li>
      <li data-refid="_17724019_37659" class="topicref chapter tocentry"><span class="topichead">Fuseholders</span><ul>
            <li data-refid="_17724019_71348" class="topicref tocentry"><span class="topichead">Type FB Fuseholders</span><ul>
                  <li class="topicref tocentry"><a href="/portals/ui/digest/viewer/561d5d65e4b0c5c41a243bf2/561d5f9ae4b0c5c41a24484a/r/_17724019_71348#_17724019_668884" data-refids=" _17724019_668882">Fuseholders and Track Adapter</a></li>
               </ul>
            </li>
         </ul>
      </li>
      <li data-refid="_17724019_376592" class="topicref chapter tocentry"><span class="topichead">Fuseholders</span><ul>
            <li data-refid="_17724019_713482" class="topicref tocentry"><span class="topichead">TeSys DF Fuseholders</span><ul>
                  <li class="topicref tocentry"><a href="/portals/ui/digest/viewer/561d5d65e4b0c5c41a243bf2/561d5f9ae4b0c5c41a24484a/r/_17724019_713482#_17724006_570074" data-refids=" _17724006_570072">Modular Fuseholders</a></li>
               </ul>
            </li>
         </ul>
      </li>
      <li data-refid="_17724020_30622" class="topicref chapter tocentry"><span class="topichead">Cable Ends</span><ul>
            <li data-refid="_17724020_57878" class="topicref tocentry"><span class="topichead">DZ5 and AZ5 Cable Ends</span><ul>
                  <li class="topicref tocentry"><a href="/portals/ui/digest/viewer/561d5d65e4b0c5c41a243bf2/561d5f9ae4b0c5c41a24484a/r/_17724020_57878#_17724020_641604" data-refids=" _17724020_641602">With and Without Marking Flags, Dual Wire</a></li>
               </ul>
            </li>
            <li data-refid="_17724021_96850" class="topicref tocentry"><span class="topichead">AR1 and AT1 Cable End Accessories</span><ul>
                  <li class="topicref tocentry"><a href="/portals/ui/digest/viewer/561d5d65e4b0c5c41a243bf2/561d5f9ae4b0c5c41a24484a/r/_17724021_96850#_17724021_608524" data-refids=" _17724021_608522">Cable End Markers and Tools</a></li>
               </ul>
            </li>
         </ul>
      </li>
      <li data-refid="_17724022_79286" class="topicref chapter tocentry"><span class="topichead">Advantys TELEFAST™ 2</span><ul>
            <li data-refid="PrewiredConnectionSystem-6593C2B2" class="topicref tocentry"><span class="topichead">Prewired Connection System</span><ul>
                  <li class="topicref tocentry"><a href="/portals/ui/digest/viewer/561d5d65e4b0c5c41a243bf2/561d5f9ae4b0c5c41a24484a/r/PrewiredConnectionSystem-6593C2B2#_17724022_327922" data-refids=" _17724022_32792">TELEFAST™ 2 Prewired Connection System</a></li>
               </ul>
            </li>
         </ul>
      </li>
   </ul>
</div>        </div>
              
      </div>
          
<script type="text/javascript">
  var refId = '';
  $(document).ready(function() {
    
    function sendFeedback(feedback, type) {
      $.ajax({
        url : HARPPortal.getPortalRpcUrl('feedback'),
        type : type,
        data : JSON.stringify(feedback),
        contentType : 'application/json',
      });
    }

    function confirmFeedback(fromNegative) {
      $('#feedbackComponent').children().fadeOut(500);
      if (fromNegative) {
        $('#feedbackContainer').removeClass('col-xs-12 col-sm-6').addClass('col-sm-3');    
      }
      $('#feedbackComponent').html($('#feedbackConfirm').fadeIn(500));
    }

    $('.feedbackButton').click(function(event) {
      var feedback = {}, contentElement = $("#viewerContent");

      feedback.id = $('body').attr('data-pageId');
      feedback.topicUseful = this.value;
      feedback.portalKey = contentElement.attr("data-portalKey");
      feedback.topicKey = contentElement.attr("data-itemKey");
      feedback.projectKey = contentElement.attr("data-projectKey");
      feedback.parentKey = contentElement.attr("data-parentKey");
      feedback.refId = refId;

      sendFeedback(feedback, 'POST');
      
      $('#feedbackCommentLabel').text(this.value === 'true' ? 'Why do you think this was helpful?' : 'Why do you think this was not helpful?');

      $('#feedbackComponent').children().fadeOut(500);
      $('#feedbackContainer').removeClass('col-sm-3').addClass('col-xs-12 col-sm-6');
      $('#feedbackComponent').html($('#feedbackComment').fadeIn(500));

      $('#commentButton').click(function() {
        $('#feedbackComponent').off('keypress');
        var comment = $("#feedbackInput").val().trim();
        if (comment !== "") {
          feedback.comment = comment;
          sendFeedback(feedback, 'PUT');
        }
        confirmFeedback(true);
      });

      $('#feedbackInput').focus();

      $('#feedbackComponent').on('keypress', function(e) {
        if (e.which === 13) {
          $('#commentButton').trigger('click');
        }
      });

    });
  });   
</script>

<div class="row">
  <div class="col-sm-3 pull-right" id="feedbackContainer">
    <div id="feedbackComponent">
      <div id="feedbackHelpful">
        <p>Was this helpful?</p>
        <div id="buttonDiv">
          <button class="btn btn-primary btn-xs feedbackButton" value="true">Yes</button>
          <button class="btn btn-primary btn-xs feedbackButton" value="false">No</button>
        </div>
      </div>
    </div>
  </div>
  <div id="feedbackConfirm" style="display: none">Thanks!</div>
  <div id="feedbackComment" style="display: none">
    <label for="feedbackInput" id="feedbackCommentLabel">Tell us why!</label><br>
    <textarea rows="4" id="feedbackInput"></textarea><br>
    <button class="btn btn-primary btn-xs" id="commentButton">Send</button>
  </div>
</div>
                        
        <div class="col-sm-10 col-sm-offset-1 col-xs-11">

         </div>
          
	</div>
<!-- BEGIN footer -->
<footer class="navbar navbar-default harp-portal-footer" style="width: 100%; margin: 20px 0 0 0;"> <!-- navbar-fixed-bottom  -->
	<div class="container">
  <p class="navbar-text navbar-left hidden-xs">
    <span class="glyphicon glyphicon-qrcode" id="qrcodeLink"
          title="Show QR code for this page"></span>
  </p>
  <img src="/portals/qrgen?url=http%3A%2F%2Fwww.productinfo.schneider-electric.com%2Fportals%2Fui%2Fdigest%2Fviewer%2F561d5d65e4b0c5c41a243bf2%2Fnocontext%2FMaster%2BBookmap%2BContent%2F17724_MAIN%2B(bookmap)_0000063623.xml&size=180"
       id="qrcode"
       style="width: 180px; height: 180px;"
       alt="QR code for this page"
       title="QR code for this page">
<script>
  $(function() {
    var $qr = $('#qrcode')
    , $link = $('#qrcodeLink')
    , on = $qr.is('visible')
    , shown = false;
    ;

    function show() {
      var pos = $link.position();
      $qr.css({
        left: pos.left + 'px',
        bottom: ($link.outerHeight() + 20) + 'px'
      });
      $qr.fadeIn();
      on = true;
      shown = true;
    }

    function toggle() {
      if (on) {
        $qr.fadeOut();
        on = false;
      } else {
        show();
      }
    }

    $link.click(toggle);
    $qr.click(toggle);
    $link.mouseover(function() {
      if (!shown) {
        show();
      }
    });
  });
</script>
<!--		<p class="navbar-text navbar-right">
			<a href="https://td-demo.titaniasoftware.com/portals/ui/website/pages/product/delivery"
				class="navbar-link harp-footer-link" target="_blank">Powered by Titania Delivery</a>
		      <a id="footerLogo" href="http://www.titaniasoftware.com"
                class="navbar-link harp-footer-link" target="_blank">
                <img src="/portals/ui/_theme/digest/images/titania-logo_128w.png"
                        style="width: 43px; height: 16px;" alt="Titania Delivery" title="Titania Delivery">
             </a>
		</p>-->
	</div>
</footer>
<!-- END footer --></body>
</html>