<!DOCTYPE html>
<html>
<head>
<link rel="shortcut icon" href="/portals/ui/_theme/digest/favicon.ico" mce_href="/portals/ui/_theme/digest/favicon.ico" type="image/x-icon"/>
<meta name="viewport" content="width=device-width, initial-scale=1.0">
<meta http-equiv="X-UA-Compatible" content="IE=11">
<!-- HTML5 Shim and Respond.js IE8 support of HTML5 elements and media queries -->
<!--[if lt IE 9]>
  <script src="https://oss.maxcdn.com/libs/html5shiv/3.7.0/html5shiv.js"></script>
  <script src="https://oss.maxcdn.com/libs/respond.js/1.3.0/respond.min.js"></script>
<![endif]-->

<title>Section 25: Machine Safety Products - Digest 177</title>

<script type="text/javascript" src="/portals/resources/scripts/libs/jquery-1.11.0.min.js"></script>

<script type="text/javascript" src="/portals/ui/_theme/digest/scripts/bannerfix.js"></script>
<link rel="stylesheet" href="/portals/ui/_theme/digest/style/harp-portals.less"></link>
<script type="text/javascript" src="/portals/ui/_theme/digest/scripts/bootstrap.min.js"></script>
<script type="text/javascript" src="/portals/resources/scripts/harp-sdk.js"></script><link rel="stylesheet" href="/portals/resources/cm/cm.css"></link>
<script type="text/javascript" src="/portals/resources/scripts/libs/moment.min.js"></script>
<script type="text/javascript" src="/portals/resources/cm/cm.js"></script>

<script>
  (function(i,s,o,g,r,a,m){i['GoogleAnalyticsObject']=r;i[r]=i[r]||function(){
  (i[r].q=i[r].q||[]).push(arguments)},i[r].l=1*new Date();a=s.createElement(o),
  m=s.getElementsByTagName(o)[0];a.async=1;a.src=g;m.parentNode.insertBefore(a,m)
  })(window,document,'script','//www.google-analytics.com/analytics.js','ga');

  ga('create', 'UA-39869895-2', 'auto');
  ga('send', 'pageview');

</script>

<script>
$(function() {
    $('li.topicref.harp-portal-filter-exclude > a').click(function(e) {
        alert("This content is currently unavailable.");
        e.preventDefault();
        return false;
    });
});
</script>

</head>

<body class="readerPage" data-pageId=2a02240f-afea-4cfd-b42d-6f209d686c36>


<!-- BEGIN HEADER -->
<header class="navbar navbar-default" id="harp-header-bar" role="navigation">
	<div class="container">
		<div class="navbar-header">
			<button type="button" class="navbar-toggle" data-toggle="collapse"
				data-target=".navbar-collapse">
				<span class="sr-only">Toggle navigation</span> <span
					class="icon-bar"></span> <span class="icon-bar"></span> <span
					class="icon-bar"></span>
			</button>
			<a class="navbar-brand" style="padding: 0 50px 0 0" href="http://www.schneider-electric.com/us/en" target="_blank">
  			<img src="/portals/ui/_theme/digest/images/Logo_SE_White_Transparent_RGB.PNG" style="width: 226px; height: 52px;" class="hidden-xs">
			<img src="/portals/ui/_theme/digest/images/Logo_SE_White_Transparent_RGB.PNG" style="width: 170px; height: 39px; margin-top: 3px;" class="visible-xs">
            </a>

              <!-- <a href='/portals/ui/digest/'
	               class="header-logo-link">
	                <img src="/portals/ui/_theme/digest/images/se_logo.gif" class="header-logo">
	           	</a> -->
	            <!-- <a href='/portals/ui/digest/'>
	             Digest 177
	            </a> -->
			<!-- </span>  -->
		</div>

		<div class="navbar-collapse collapse" id="headerMenu">

				<form role="search" action='/portals/ui/digest/search' class="navbar-form navbar-right hidden-xs">
					<div class="form-group">
						<label class="sr-only" for="headerTerm">Search Term</label> <input
							type="text" placeholder="Search" class="form-control"
							id="headerTerm" name="term">
					</div>
                    <button type="submit" class="btn btn-primary">
                        <span class="glyphicon glyphicon-search"></span>
                    </button>
				</form>
				<form role="search" action='/portals/ui/digest/search' class="navbar-form navbar-right navbar-input-group visible-xs">
				    <div class="form-group">
				        <label class="sr-only" for="headerTerm">Search Term</label>
				        <div class="input-group">
				            <input type="text" placeholder="Search" class="form-control"
				                id="headerTerm" name="term">
				            <span class="input-group-btn">
				                <button type="submit" class="btn btn-primary">
				                    <span class="glyphicon glyphicon-search"></span>
				                </button>
				            </span>
				        </div>
				    </div>
				</form>

			<ul class="nav navbar-nav">
                <li><a href="http://www.digestplus-us.schneider-electric.com/" target="_blank">DigestPLUS</a></li>
              	<li><a href='/portals/ui/digest/pages/landingPages/digest177'>Digest 177</a></li>
                <li><a href='/portals/ui/digest/pages/landingPages/digest177_supplement'>Supplemental Digest 177</a></li>
			</ul>
		</div>
	</div>
</header>

<div id="docTitle" class="sectionColor4">
  <div class="container">
    <div class="row">
      <div class="col-xs-12">
        <h3>        <span class="context-title">
          Section 25: Machine Safety Products
        </span>
</h3>
      </div>
    </div>
  </div>
</div>

  <div id="floatingDocTitle" class="sectionColor4">
    <div class="container">
      <div class="row">
        <div class="col-xs-12">
          <h3>        <span class="context-title">
          Section 25: Machine Safety Products
        </span>
</h3>
        </div>
      </div>
    </div>
  </div>

<!-- END HEADER -->
	
	<div class="container" id="tocPage">
      

      <div class="row">
        <div class="col-sm-10 col-sm-offset-1 col-xs-12 content-container" id="viewerContent"
                 	data-portalKey="562794fee4b05736848a7cb4"
                    data-itemKey="561d5f9ae4b0c5c41a24484d"
                    data-projectKey="561d5d65e4b0c5c41a243bf2">
              	
<div class="map bookmap" lang="English_en" data-xtrc="bookmap:1" data-xtrf="harp://561d5d65e4b0c5c41a243bf2/pr/ORIGINAL/Master%20Bookmap%20Content/17725_MAIN%20(bookmap)_0000056022.xml">
   <div class="topicmeta bookmeta" data-xtrc="bookmeta:1" lang="English_en">
      
      <div class="metadata" data-xtrc="metadata:1" lang="English_en">
         
         
      </div>
      
   </div>
   <ul id="toc">
      <li data-refid="_17725002_32790" class="topicref chapter tocentry"><span class="topichead">Preventa™ Machine Safety Products</span><ul>
            <li data-refid="_17725002_32792" class="topicref tocentry"><span class="topichead">Introduction</span><ul>
                  <li class="topicref tocentry"><a href="/portals/ui/digest/viewer/561d5d65e4b0c5c41a243bf2/561d5f9ae4b0c5c41a24484d/r/_17725002_32792#_17725002_Heading4_52" data-refids=" _17725002_Heading4_5">Introduction</a></li>
                  <li class="topicref tocentry"><a href="/portals/ui/digest/viewer/561d5d65e4b0c5c41a243bf2/561d5f9ae4b0c5c41a24484d/r/_17725002_32792#_17725002_Heading5_92" data-refids=" _17725002_Heading5_9">Safety Relays—XPS</a></li>
                  <li class="topicref tocentry"><a href="/portals/ui/digest/viewer/561d5d65e4b0c5c41a243bf2/561d5f9ae4b0c5c41a24484d/r/_17725002_32792#_17725002_Heading5_72" data-refids=" _17725002_Heading5_7">Safety Controllers—XPSMC</a></li>
                  <li class="topicref tocentry"><a href="/portals/ui/digest/viewer/561d5d65e4b0c5c41a243bf2/561d5f9ae4b0c5c41a24484d/r/_17725002_32792#_17725002_Heading5_52" data-refids=" _17725002_Heading5_5">Safety PLCs—XPSMF</a></li>
                  <li class="topicref tocentry"><a href="/portals/ui/digest/viewer/561d5d65e4b0c5c41a243bf2/561d5f9ae4b0c5c41a24484d/r/_17725002_32792#_17725002_Heading5_132" data-refids=" _17725002_Heading5_13">Light Curtains—XUSL</a></li>
                  <li class="topicref tocentry"><a href="/portals/ui/digest/viewer/561d5d65e4b0c5c41a243bf2/561d5f9ae4b0c5c41a24484d/r/_17725002_32792#_17725002_Heading5_152" data-refids=" _17725002_Heading5_15">Safety Interlock Switches—XCS</a></li>
                  <li class="topicref tocentry"><a href="/portals/ui/digest/viewer/561d5d65e4b0c5c41a243bf2/561d5f9ae4b0c5c41a24484d/r/_17725002_32792#_17725002_Heading5_172" data-refids=" _17725002_Heading5_17">Non-Contact Safety Interlock Switches—XCSDM</a></li>
                  <li class="topicref tocentry"><a href="/portals/ui/digest/viewer/561d5d65e4b0c5c41a243bf2/561d5f9ae4b0c5c41a24484d/r/_17725002_32792#_17725002_Heading5_192" data-refids=" _17725002_Heading5_19">Safety Limit Switches—XCS</a></li>
                  <li class="topicref tocentry"><a href="/portals/ui/digest/viewer/561d5d65e4b0c5c41a243bf2/561d5f9ae4b0c5c41a24484d/r/_17725002_32792#_17725002_Heading5_212" data-refids=" _17725002_Heading5_21">Cable Pull Switches—XY2</a></li>
                  <li class="topicref tocentry"><a href="/portals/ui/digest/viewer/561d5d65e4b0c5c41a243bf2/561d5f9ae4b0c5c41a24484d/r/_17725002_32792#_17725002_Heading5_272" data-refids=" _17725002_Heading5_27">Other products for use in safety-related systems</a></li>
               </ul>
            </li>
         </ul>
      </li>
      <li data-refid="_17725003_65527" class="topicref chapter tocentry"><span class="topichead">Architectures for Safety Related Solutions</span><ul>
            <li data-refid="_17725003_Heading2_2" class="topicref tocentry"><span class="topichead">Machine Safety Products</span><ul>
                  <li class="topicref tocentry"><a href="/portals/ui/digest/viewer/561d5d65e4b0c5c41a243bf2/561d5f9ae4b0c5c41a24484d/r/_17725003_Heading2_2#_17725003_Heading5_42" data-refids=" _17725003_Heading5_4">XPS Safety Relays</a></li>
                  <li class="topicref tocentry"><a href="/portals/ui/digest/viewer/561d5d65e4b0c5c41a243bf2/561d5f9ae4b0c5c41a24484d/r/_17725003_Heading2_2#_17725003_Heading5_152" data-refids=" _17725003_Heading5_15">XPSMC Safety Controllers </a></li>
                  <li class="topicref tocentry"><a href="/portals/ui/digest/viewer/561d5d65e4b0c5c41a243bf2/561d5f9ae4b0c5c41a24484d/r/_17725003_Heading2_2#_17725003_Heading5_262" data-refids=" _17725003_Heading5_26">XPSMF Safety PLCs </a></li>
               </ul>
            </li>
         </ul>
      </li>
      <li data-refid="_17725004_36153" class="topicref chapter tocentry"><span class="topichead">Preventa™ XPS Safety Relays</span><ul>
            <li data-refid="_17725004_36226" class="topicref tocentry"><span class="topichead">For Monitoring Safety Functions</span><ul>
                  <li class="topicref tocentry"><a href="/portals/ui/digest/viewer/561d5d65e4b0c5c41a243bf2/561d5f9ae4b0c5c41a24484d/r/_17725004_36226#_17725004_Heading5_42" data-refids=" _17725004_Heading5_4">XPS Safety Relays</a></li>
                  <li class="topicref tocentry"><a href="/portals/ui/digest/viewer/561d5d65e4b0c5c41a243bf2/561d5f9ae4b0c5c41a24484d/r/_17725004_36226#_17725004_Heading5_252" data-refids=" _17725004_Heading5_25">XPSMC Safety Controllers</a></li>
               </ul>
            </li>
         </ul>
      </li>
      <li data-refid="_17725005_55525" class="topicref chapter tocentry"><span class="topichead">Preventa™ XPS Safety PLCs</span><ul>
            <li data-refid="_17725005_63118" class="topicref tocentry"><span class="topichead">For Monitoring Safety Functions</span><ul>
                  <li class="topicref tocentry"><a href="/portals/ui/digest/viewer/561d5d65e4b0c5c41a243bf2/561d5f9ae4b0c5c41a24484d/r/_17725005_63118#_17725005_Heading5_52" data-refids=" _17725005_Heading5_5">XPSMF Safety PLCs</a></li>
               </ul>
            </li>
         </ul>
      </li>
      <li data-refid="_17725006_42195" class="topicref chapter tocentry"><span class="topichead">Light Curtains</span><ul>
            <li data-refid="_17725006_42197" class="topicref tocentry"><span class="topichead">For point of operation or perimeter guarding</span><ul>
                  <li class="topicref tocentry"><a href="/portals/ui/digest/viewer/561d5d65e4b0c5c41a243bf2/561d5f9ae4b0c5c41a24484d/r/_17725006_42197#_17725006_Heading5_72" data-refids=" _17725006_Heading5_7">XUSL Light Curtains</a></li>
                  <li class="topicref tocentry"><a href="/portals/ui/digest/viewer/561d5d65e4b0c5c41a243bf2/561d5f9ae4b0c5c41a24484d/r/_17725006_42197#_17725006_Heading5_152" data-refids=" _17725006_Heading5_15">XUSL2E and XUSL4E 2-Box Light Curtains</a></li>
               </ul>
            </li>
         </ul>
      </li>
      <li data-refid="_17725007_42195" class="topicref chapter &#34;brand:ts&#34; tocentry"><span class="topichead">Safety Interlock Switches</span><ul>
            <li data-refid="_17725007_64924" class="topicref tocentry"><span class="topichead">Safety Interlock Switch Products</span><ul>
                  <li class="topicref tocentry"><a href="/portals/ui/digest/viewer/561d5d65e4b0c5c41a243bf2/561d5f9ae4b0c5c41a24484d/r/_17725007_64924#_17725007_Heading5_42" data-refids=" _17725007_Heading5_4">XCS Safety Interlock Switches</a></li>
                  <li class="topicref tocentry"><a href="/portals/ui/digest/viewer/561d5d65e4b0c5c41a243bf2/561d5f9ae4b0c5c41a24484d/r/_17725007_64924#_17725007_Heading5_262" data-refids=" _17725007_Heading5_26">XCSDM Non-Contact Safety Interlock Switches</a></li>
               </ul>
            </li>
         </ul>
      </li>
      <li data-refid="_17725008_32790" class="topicref chapter &#34;brand:ts&#34; tocentry"><span class="topichead">Safety Switches</span><ul>
            <li data-refid="_17725008_32792" class="topicref tocentry"><span class="topichead">Safety Limit and Cable Pull Switches</span><ul>
                  <li class="topicref tocentry"><a href="/portals/ui/digest/viewer/561d5d65e4b0c5c41a243bf2/561d5f9ae4b0c5c41a24484d/r/_17725008_32792#_17725008_657362" data-refids=" _17725008_65736">Safety Limit Switches</a><ul>
                        <li class="topicref tocentry"><a href="/portals/ui/digest/viewer/561d5d65e4b0c5c41a243bf2/561d5f9ae4b0c5c41a24484d/r/_17725008_32792#_17725008_Heading5_72" data-refids=" _17725008_Heading5_7">XCS Safety Limit Switches</a></li>
                        <li class="topicref tocentry"><a href="/portals/ui/digest/viewer/561d5d65e4b0c5c41a243bf2/561d5f9ae4b0c5c41a24484d/r/_17725008_32792#_17725008_Heading5_162" data-refids=" _17725008_Heading5_16">XCSP/XCSD Safety Limit Switches</a></li>
                        <li class="topicref tocentry"><a href="/portals/ui/digest/viewer/561d5d65e4b0c5c41a243bf2/561d5f9ae4b0c5c41a24484d/r/_17725008_32792#_17725008_Heading5_262" data-refids=" _17725008_Heading5_26">XCSM Safety Limit Switches</a></li>
                     </ul>
                  </li>
                  <li class="topicref tocentry"><a href="/portals/ui/digest/viewer/561d5d65e4b0c5c41a243bf2/561d5f9ae4b0c5c41a24484d/r/_17725008_32792#_17725008_666022" data-refids=" _17725008_66602">Cable Pull Switches For Emergency Stop Operation</a><ul>
                        <li class="topicref tocentry"><a href="/portals/ui/digest/viewer/561d5d65e4b0c5c41a243bf2/561d5f9ae4b0c5c41a24484d/r/_17725008_32792#_17725008_Heading5_392" data-refids=" _17725008_Heading5_39">XY2 Cable Pull Switches</a></li>
                     </ul>
                  </li>
               </ul>
            </li>
         </ul>
      </li>
   </ul>
</div>        </div>
              
      </div>
          
<script type="text/javascript">
  var refId = '';
  $(document).ready(function() {
    
    function sendFeedback(feedback, type) {
      $.ajax({
        url : HARPPortal.getPortalRpcUrl('feedback'),
        type : type,
        data : JSON.stringify(feedback),
        contentType : 'application/json',
      });
    }

    function confirmFeedback(fromNegative) {
      $('#feedbackComponent').children().fadeOut(500);
      if (fromNegative) {
        $('#feedbackContainer').removeClass('col-xs-12 col-sm-6').addClass('col-sm-3');    
      }
      $('#feedbackComponent').html($('#feedbackConfirm').fadeIn(500));
    }

    $('.feedbackButton').click(function(event) {
      var feedback = {}, contentElement = $("#viewerContent");

      feedback.id = $('body').attr('data-pageId');
      feedback.topicUseful = this.value;
      feedback.portalKey = contentElement.attr("data-portalKey");
      feedback.topicKey = contentElement.attr("data-itemKey");
      feedback.projectKey = contentElement.attr("data-projectKey");
      feedback.parentKey = contentElement.attr("data-parentKey");
      feedback.refId = refId;

      sendFeedback(feedback, 'POST');
      
      $('#feedbackCommentLabel').text(this.value === 'true' ? 'Why do you think this was helpful?' : 'Why do you think this was not helpful?');

      $('#feedbackComponent').children().fadeOut(500);
      $('#feedbackContainer').removeClass('col-sm-3').addClass('col-xs-12 col-sm-6');
      $('#feedbackComponent').html($('#feedbackComment').fadeIn(500));

      $('#commentButton').click(function() {
        $('#feedbackComponent').off('keypress');
        var comment = $("#feedbackInput").val().trim();
        if (comment !== "") {
          feedback.comment = comment;
          sendFeedback(feedback, 'PUT');
        }
        confirmFeedback(true);
      });

      $('#feedbackInput').focus();

      $('#feedbackComponent').on('keypress', function(e) {
        if (e.which === 13) {
          $('#commentButton').trigger('click');
        }
      });

    });
  });   
</script>

<div class="row">
  <div class="col-sm-3 pull-right" id="feedbackContainer">
    <div id="feedbackComponent">
      <div id="feedbackHelpful">
        <p>Was this helpful?</p>
        <div id="buttonDiv">
          <button class="btn btn-primary btn-xs feedbackButton" value="true">Yes</button>
          <button class="btn btn-primary btn-xs feedbackButton" value="false">No</button>
        </div>
      </div>
    </div>
  </div>
  <div id="feedbackConfirm" style="display: none">Thanks!</div>
  <div id="feedbackComment" style="display: none">
    <label for="feedbackInput" id="feedbackCommentLabel">Tell us why!</label><br>
    <textarea rows="4" id="feedbackInput"></textarea><br>
    <button class="btn btn-primary btn-xs" id="commentButton">Send</button>
  </div>
</div>
                        
        <div class="col-sm-10 col-sm-offset-1 col-xs-11">

         </div>
          
	</div>
<!-- BEGIN footer -->
<footer class="navbar navbar-default harp-portal-footer" style="width: 100%; margin: 20px 0 0 0;"> <!-- navbar-fixed-bottom  -->
	<div class="container">
  <p class="navbar-text navbar-left hidden-xs">
    <span class="glyphicon glyphicon-qrcode" id="qrcodeLink"
          title="Show QR code for this page"></span>
  </p>
  <img src="/portals/qrgen?url=http%3A%2F%2Fwww.productinfo.schneider-electric.com%2Fportals%2Fui%2Fdigest%2Fviewer%2F561d5d65e4b0c5c41a243bf2%2Fnocontext%2FMaster%2BBookmap%2BContent%2F17725_MAIN%2B(bookmap)_0000056022.xml&size=180"
       id="qrcode"
       style="width: 180px; height: 180px;"
       alt="QR code for this page"
       title="QR code for this page">
<script>
  $(function() {
    var $qr = $('#qrcode')
    , $link = $('#qrcodeLink')
    , on = $qr.is('visible')
    , shown = false;
    ;

    function show() {
      var pos = $link.position();
      $qr.css({
        left: pos.left + 'px',
        bottom: ($link.outerHeight() + 20) + 'px'
      });
      $qr.fadeIn();
      on = true;
      shown = true;
    }

    function toggle() {
      if (on) {
        $qr.fadeOut();
        on = false;
      } else {
        show();
      }
    }

    $link.click(toggle);
    $qr.click(toggle);
    $link.mouseover(function() {
      if (!shown) {
        show();
      }
    });
  });
</script>
<!--		<p class="navbar-text navbar-right">
			<a href="https://td-demo.titaniasoftware.com/portals/ui/website/pages/product/delivery"
				class="navbar-link harp-footer-link" target="_blank">Powered by Titania Delivery</a>
		      <a id="footerLogo" href="http://www.titaniasoftware.com"
                class="navbar-link harp-footer-link" target="_blank">
                <img src="/portals/ui/_theme/digest/images/titania-logo_128w.png"
                        style="width: 43px; height: 16px;" alt="Titania Delivery" title="Titania Delivery">
             </a>
		</p>-->
	</div>
</footer>
<!-- END footer --></body>
</html>