<!DOCTYPE html>
<html>
<head>
<link rel="shortcut icon" href="/portals/ui/_theme/digest/favicon.ico" mce_href="/portals/ui/_theme/digest/favicon.ico" type="image/x-icon"/>
<meta name="viewport" content="width=device-width, initial-scale=1.0">
<meta http-equiv="X-UA-Compatible" content="IE=11">
<!-- HTML5 Shim and Respond.js IE8 support of HTML5 elements and media queries -->
<!--[if lt IE 9]>
  <script src="https://oss.maxcdn.com/libs/html5shiv/3.7.0/html5shiv.js"></script>
  <script src="https://oss.maxcdn.com/libs/respond.js/1.3.0/respond.min.js"></script>
<![endif]-->

<title>Section 23: Relays and Timers - Digest 177</title>

<script type="text/javascript" src="/portals/resources/scripts/libs/jquery-1.11.0.min.js"></script>

<script type="text/javascript" src="/portals/ui/_theme/digest/scripts/bannerfix.js"></script>
<link rel="stylesheet" href="/portals/ui/_theme/digest/style/harp-portals.less"></link>
<script type="text/javascript" src="/portals/ui/_theme/digest/scripts/bootstrap.min.js"></script>
<script type="text/javascript" src="/portals/resources/scripts/harp-sdk.js"></script><link rel="stylesheet" href="/portals/resources/cm/cm.css"></link>
<script type="text/javascript" src="/portals/resources/scripts/libs/moment.min.js"></script>
<script type="text/javascript" src="/portals/resources/cm/cm.js"></script>

<script>
  (function(i,s,o,g,r,a,m){i['GoogleAnalyticsObject']=r;i[r]=i[r]||function(){
  (i[r].q=i[r].q||[]).push(arguments)},i[r].l=1*new Date();a=s.createElement(o),
  m=s.getElementsByTagName(o)[0];a.async=1;a.src=g;m.parentNode.insertBefore(a,m)
  })(window,document,'script','//www.google-analytics.com/analytics.js','ga');

  ga('create', 'UA-39869895-2', 'auto');
  ga('send', 'pageview');

</script>

<script>
$(function() {
    $('li.topicref.harp-portal-filter-exclude > a').click(function(e) {
        alert("This content is currently unavailable.");
        e.preventDefault();
        return false;
    });
});
</script>

</head>

<body class="readerPage" data-pageId=a410fd05-cf7e-4740-a3e6-5f2e4e5708d7>


<!-- BEGIN HEADER -->
<header class="navbar navbar-default" id="harp-header-bar" role="navigation">
	<div class="container">
		<div class="navbar-header">
			<button type="button" class="navbar-toggle" data-toggle="collapse"
				data-target=".navbar-collapse">
				<span class="sr-only">Toggle navigation</span> <span
					class="icon-bar"></span> <span class="icon-bar"></span> <span
					class="icon-bar"></span>
			</button>
			<a class="navbar-brand" style="padding: 0 50px 0 0" href="http://www.schneider-electric.com/us/en" target="_blank">
  			<img src="/portals/ui/_theme/digest/images/Logo_SE_White_Transparent_RGB.PNG" style="width: 226px; height: 52px;" class="hidden-xs">
			<img src="/portals/ui/_theme/digest/images/Logo_SE_White_Transparent_RGB.PNG" style="width: 170px; height: 39px; margin-top: 3px;" class="visible-xs">
            </a>

              <!-- <a href='/portals/ui/digest/'
	               class="header-logo-link">
	                <img src="/portals/ui/_theme/digest/images/se_logo.gif" class="header-logo">
	           	</a> -->
	            <!-- <a href='/portals/ui/digest/'>
	             Digest 177
	            </a> -->
			<!-- </span>  -->
		</div>

		<div class="navbar-collapse collapse" id="headerMenu">

				<form role="search" action='/portals/ui/digest/search' class="navbar-form navbar-right hidden-xs">
					<div class="form-group">
						<label class="sr-only" for="headerTerm">Search Term</label> <input
							type="text" placeholder="Search" class="form-control"
							id="headerTerm" name="term">
					</div>
                    <button type="submit" class="btn btn-primary">
                        <span class="glyphicon glyphicon-search"></span>
                    </button>
				</form>
				<form role="search" action='/portals/ui/digest/search' class="navbar-form navbar-right navbar-input-group visible-xs">
				    <div class="form-group">
				        <label class="sr-only" for="headerTerm">Search Term</label>
				        <div class="input-group">
				            <input type="text" placeholder="Search" class="form-control"
				                id="headerTerm" name="term">
				            <span class="input-group-btn">
				                <button type="submit" class="btn btn-primary">
				                    <span class="glyphicon glyphicon-search"></span>
				                </button>
				            </span>
				        </div>
				    </div>
				</form>

			<ul class="nav navbar-nav">
                <li><a href="http://www.digestplus-us.schneider-electric.com/" target="_blank">DigestPLUS</a></li>
              	<li><a href='/portals/ui/digest/pages/landingPages/digest177'>Digest 177</a></li>
                <li><a href='/portals/ui/digest/pages/landingPages/digest177_supplement'>Supplemental Digest 177</a></li>
			</ul>
		</div>
	</div>
</header>

<div id="docTitle" class="sectionColor2">
  <div class="container">
    <div class="row">
      <div class="col-xs-12">
        <h3>        <span class="context-title">
          Section 23: Relays and Timers
        </span>
</h3>
      </div>
    </div>
  </div>
</div>

  <div id="floatingDocTitle" class="sectionColor2">
    <div class="container">
      <div class="row">
        <div class="col-xs-12">
          <h3>        <span class="context-title">
          Section 23: Relays and Timers
        </span>
</h3>
        </div>
      </div>
    </div>
  </div>

<!-- END HEADER -->
	
	<div class="container" id="tocPage">
      

      <div class="row">
        <div class="col-sm-10 col-sm-offset-1 col-xs-12 content-container" id="viewerContent"
                 	data-portalKey="562794fee4b05736848a7cb4"
                    data-itemKey="561d5f9ae4b0c5c41a244847"
                    data-projectKey="561d5d65e4b0c5c41a243bf2">
              	
<div class="map bookmap" lang="English_en" data-xtrc="bookmap:1" data-xtrf="harp://561d5d65e4b0c5c41a243bf2/pr/ORIGINAL/Master%20Bookmap%20Content/17723_MAIN%20(bookmap)_0000064354.xml">
   <div class="topicmeta bookmeta" data-xtrc="bookmeta:1" lang="English_en">
      
      <div class="metadata" data-xtrc="metadata:1" lang="English_en">
         
         
      </div>
      
   </div>
   <ul id="toc">
      <li data-refid="_17723002_71953" class="topicref chapter tocentry"><span class="topichead">
            <b class="ph b" data-xtrc="b:1" lang="English_en">General Purpose Relays</b>
            </span><ul>
            <li data-refid="GeneralPurposeRelays-F03B7436" class="topicref tocentry"><span class="topichead">RSL</span><ul>
                  <li class="topicref tocentry"><a href="/portals/ui/digest/viewer/561d5d65e4b0c5c41a243bf2/561d5f9ae4b0c5c41a244847/r/GeneralPurposeRelays-F03B7436#_17723002_Heading2_32" data-refids=" _17723002_Heading2_3">Zelio™ RSL Interface Relays</a></li>
               </ul>
            </li>
            <li data-refid="GeneralPurposeRelays-F03B74362" class="topicref tocentry"><span class="topichead">RSB</span><ul>
                  <li class="topicref tocentry"><a href="/portals/ui/digest/viewer/561d5d65e4b0c5c41a243bf2/561d5f9ae4b0c5c41a244847/r/GeneralPurposeRelays-F03B74362#_17723003_Heading4_1893" data-refids=" _17723003_Heading4_189">Zelio™ RSB Interface Relays</a></li>
               </ul>
            </li>
            <li data-refid="RSB-3A518B01" class="topicref tocentry"><span class="topichead">RXG</span><ul>
                  <li class="topicref tocentry"><a href="/portals/ui/digest/viewer/561d5d65e4b0c5c41a243bf2/561d5f9ae4b0c5c41a244847/r/RSB-3A518B01#_17723003_Heading4_1894" data-refids=" _17723003_Heading4_1892">Zelio™ RXG Interface
                        Relays</a></li>
               </ul>
            </li>
            <li data-refid="_17723004_77624" class="topicref tocentry"><span class="topichead">RXM</span><ul>
                  <li class="topicref tocentry"><a href="/portals/ui/digest/viewer/561d5d65e4b0c5c41a243bf2/561d5f9ae4b0c5c41a244847/r/_17723004_77624#_17723004_721282" data-refids=" _17723004_72128">Zelio™ RXM Plug-In Relays</a></li>
                  <li class="topicref tocentry"><a href="/portals/ui/digest/viewer/561d5d65e4b0c5c41a243bf2/561d5f9ae4b0c5c41a244847/r/_17723004_77624#_17723005_702362" data-refids=" _17723005_70236">Sockets and Accessories for Zelio™ RXM Relays</a></li>
               </ul>
            </li>
            <li data-refid="RXM-F0BD8871" class="topicref tocentry"><span class="topichead">RPM </span><ul>
                  <li class="topicref tocentry"><a href="/portals/ui/digest/viewer/561d5d65e4b0c5c41a243bf2/561d5f9ae4b0c5c41a244847/r/RXM-F0BD8871#ReferToCatalogDIA3ED2090304EN-US-F0C1A2082" data-refids=" ReferToCatalogDIA3ED2090304EN-US-F0C1A208">Zelio™ RPM Plug-In Relays</a></li>
                  <li class="topicref tocentry"><a href="/portals/ui/digest/viewer/561d5d65e4b0c5c41a243bf2/561d5f9ae4b0c5c41a244847/r/RXM-F0BD8871#_17723007_625602" data-refids=" _17723007_62560">Sockets and Accessories for Zelio™ RPM Relays</a></li>
               </ul>
            </li>
            <li data-refid="RXM-F0BD88712" class="topicref tocentry"><span class="topichead">RUM</span><ul>
                  <li class="topicref tocentry"><a href="/portals/ui/digest/viewer/561d5d65e4b0c5c41a243bf2/561d5f9ae4b0c5c41a244847/r/RXM-F0BD88712#_17723008_695245" data-refids=" _17723008_695242">Zelio™ RUM Plug-In Relays</a></li>
                  <li class="topicref tocentry"><a href="/portals/ui/digest/viewer/561d5d65e4b0c5c41a243bf2/561d5f9ae4b0c5c41a244847/r/RXM-F0BD88712#_17723009_696232" data-refids=" _17723009_69623">Sockets and Accessories for Zelio™ RUM Relays</a></li>
               </ul>
            </li>
            <li data-refid="_17723009_Heading2_3" class="topicref tocentry"><span class="topichead">RPF</span><ul>
                  <li class="topicref tocentry"><a href="/portals/ui/digest/viewer/561d5d65e4b0c5c41a243bf2/561d5f9ae4b0c5c41a244847/r/_17723009_Heading2_3#_17723009_613252" data-refids=" _17723009_61325">Zelio™ RPF Power Relays</a></li>
               </ul>
            </li>
         </ul>
      </li>
      <li data-refid="_17723002_719532" class="topicref chapter tocentry"><span class="topichead">
            <b class="ph b" data-xtrc="b:1" lang="English_en">General Purpose Relays</b>
            </span><ul>
            <li data-refid="_17723010_80839" class="topicref tocentry"><span class="topichead">Type K</span><ul>
                  <li class="topicref tocentry"><a href="/portals/ui/digest/viewer/561d5d65e4b0c5c41a243bf2/561d5f9ae4b0c5c41a244847/r/_17723010_80839#_17723010_Heading5_12" data-refids=" _17723010_Heading5_1">Square D™ Universal Relays</a></li>
               </ul>
            </li>
            <li data-refid="_17723011_Heading2_17" class="topicref tocentry"><span class="topichead">Type R</span><ul>
                  <li class="topicref tocentry"><a href="/portals/ui/digest/viewer/561d5d65e4b0c5c41a243bf2/561d5f9ae4b0c5c41a244847/r/_17723011_Heading2_17#_17723012_809102" data-refids=" _17723012_80910">Square D™ Plug-in Relays</a></li>
                  <li class="topicref tocentry"><a href="/portals/ui/digest/viewer/561d5d65e4b0c5c41a243bf2/561d5f9ae4b0c5c41a244847/r/_17723011_Heading2_17#_17723013_684452" data-refids=" _17723013_68445">Square D™ Miniature Control Relays</a></li>
               </ul>
            </li>
            <li data-refid="_17723015_Heading2_3" class="topicref tocentry"><span class="topichead">Type C</span><ul>
                  <li class="topicref tocentry"><a href="/portals/ui/digest/viewer/561d5d65e4b0c5c41a243bf2/561d5f9ae4b0c5c41a244847/r/_17723015_Heading2_3#_17723015_727892" data-refids=" _17723015_72789">Square D™ Power Relays</a></li>
               </ul>
            </li>
         </ul>
      </li>
      <li data-refid="_17723016_11894" class="topicref chapter tocentry"><span class="topichead"> Industrial Relays</span><ul>
            <li data-refid="_17723016_76844" class="topicref tocentry"><span class="topichead">CAD</span><ul>
                  <li class="topicref tocentry"><a href="/portals/ui/digest/viewer/561d5d65e4b0c5c41a243bf2/561d5f9ae4b0c5c41a244847/r/_17723016_76844#_17723016_683092" data-refids=" _17723016_68309">TeSys™ D IEC Style Instantaneous Control Relays</a></li>
                  <li class="topicref tocentry"><a href="/portals/ui/digest/viewer/561d5d65e4b0c5c41a243bf2/561d5f9ae4b0c5c41a244847/r/_17723016_76844#_17723017_589912" data-refids=" _17723017_58991">TeSys™ D IEC Style Contact Blocks and Accessories</a></li>
                  <li class="topicref tocentry"><a href="/portals/ui/digest/viewer/561d5d65e4b0c5c41a243bf2/561d5f9ae4b0c5c41a244847/r/_17723016_76844#_17723018_602362" data-refids=" _17723018_60236">TeSys™ D IEC Style Accessories</a></li>
               </ul>
            </li>
            <li data-refid="_17723019_Heading2_3" class="topicref tocentry"><span class="topichead">CA2K and CA3K</span><ul>
                  <li class="topicref tocentry"><a href="/portals/ui/digest/viewer/561d5d65e4b0c5c41a243bf2/561d5f9ae4b0c5c41a244847/r/_17723019_Heading2_3#_17723019_662702" data-refids=" _17723019_66270">TeSys™ K IEC Style Control Relays</a></li>
                  <li class="topicref tocentry"><a href="/portals/ui/digest/viewer/561d5d65e4b0c5c41a243bf2/561d5f9ae4b0c5c41a244847/r/_17723019_Heading2_3#_17723020_615022" data-refids=" _17723020_61502">TeSys™ K IEC Style Contact Blocks and Accessories</a></li>
               </ul>
            </li>
            <li data-refid="_17723021_Heading2_3" class="topicref tocentry"><span class="topichead">CA2SK, CA3SK, and CA2SKE</span><ul>
                  <li class="topicref tocentry"><a href="/portals/ui/digest/viewer/561d5d65e4b0c5c41a243bf2/561d5f9ae4b0c5c41a244847/r/_17723021_Heading2_3#_17723021_588842" data-refids=" _17723021_58884">TeSys™ SK IEC Style Control Relays</a></li>
               </ul>
            </li>
         </ul>
      </li>
      <li data-refid="IndustrialRelays-630D6A3C" class="topicref chapter tocentry"><span class="topichead"> Industrial Relays</span><ul>
            <li data-refid="_17723022_95105" class="topicref tocentry"><span class="topichead">Type X</span><ul>
                  <li class="topicref tocentry"><a href="/portals/ui/digest/viewer/561d5d65e4b0c5c41a243bf2/561d5f9ae4b0c5c41a244847/r/_17723022_95105#_17723022_Heading5_52" data-refids=" _17723022_Heading5_5">Square D™ NEMA Style AC Relays</a></li>
                  <li class="topicref tocentry"><a href="/portals/ui/digest/viewer/561d5d65e4b0c5c41a243bf2/561d5f9ae4b0c5c41a244847/r/_17723022_95105#_17723023_Heading5_52" data-refids=" _17723023_Heading5_5">Square D™ NEMA Style DC Relays</a></li>
                  <li class="topicref tocentry"><a href="/portals/ui/digest/viewer/561d5d65e4b0c5c41a243bf2/561d5f9ae4b0c5c41a244847/r/_17723022_95105#_17723024_644402" data-refids=" _17723024_64440">Attachments and Accessories for Square D™ NEMA Style
                        Relays</a></li>
               </ul>
            </li>
         </ul>
      </li>
      <li data-refid="_17723025_15431" class="topicref chapter tocentry"><span class="topichead">Solid State Relays</span><ul>
            <li data-refid="_17723025_Heading2_3" class="topicref tocentry"><span class="topichead">Type SSL</span><ul>
                  <li class="topicref tocentry"><a href="/portals/ui/digest/viewer/561d5d65e4b0c5c41a243bf2/561d5f9ae4b0c5c41a244847/r/_17723025_Heading2_3#_17723025_Heading5_86" data-refids=" _17723025_Heading5_8">Zelio™ SSL Relays</a></li>
               </ul>
            </li>
            <li data-refid="_17723025_Heading2_32" class="topicref tocentry"><span class="topichead">Type SSM</span><ul>
                  <li class="topicref tocentry"><a href="/portals/ui/digest/viewer/561d5d65e4b0c5c41a243bf2/561d5f9ae4b0c5c41a244847/r/_17723025_Heading2_32#_17723025_Heading5_87" data-refids=" _17723025_Heading5_82">Zelio™ SSM Relays</a></li>
               </ul>
            </li>
            <li data-refid="_17723025_Heading2_33" class="topicref tocentry"><span class="topichead">Type SSRP and SSRD</span><ul>
                  <li class="topicref tocentry"><a href="/portals/ui/digest/viewer/561d5d65e4b0c5c41a243bf2/561d5f9ae4b0c5c41a244847/r/_17723025_Heading2_33#_17723025_Heading5_88" data-refids=" _17723025_Heading5_83">Zelio™ SSRP and SSRD Relays</a></li>
               </ul>
            </li>
            <li data-refid="_17723025_Heading2_34" class="topicref tocentry"><span class="topichead">Type SSP</span><ul>
                  <li class="topicref tocentry"><a href="/portals/ui/digest/viewer/561d5d65e4b0c5c41a243bf2/561d5f9ae4b0c5c41a244847/r/_17723025_Heading2_34#_17723025_Heading5_89" data-refids=" _17723025_Heading5_84">Zelio™ SSP Relays</a></li>
               </ul>
            </li>
         </ul>
      </li>
      <li data-refid="_17723026_50881" class="topicref chapter tocentry"><span class="topichead">
            <b class="ph b" data-xtrc="b:1" lang="English_en">Timers</b>
            </span><ul>
            <li data-refid="_17723030_Heading3_1" class="topicref tocentry"><span class="topichead">RE17</span><ul>
                  <li class="topicref tocentry"><a href="/portals/ui/digest/viewer/561d5d65e4b0c5c41a243bf2/561d5f9ae4b0c5c41a244847/r/_17723030_Heading3_1#ZelioSSMRelays-49C09F924" data-refids=" ZelioSSMRelays-49C09F92">Zelio™ RE17 Modular Timers</a></li>
               </ul>
            </li>
            <li data-refid="ZelioRE48-49C8B6E5" class="topicref tocentry"><span class="topichead">RE48</span><ul>
                  <li class="topicref tocentry"><a href="/portals/ui/digest/viewer/561d5d65e4b0c5c41a243bf2/561d5f9ae4b0c5c41a244847/r/ZelioRE48-49C8B6E5#ZelioSSMRelays-49C09F925" data-refids=" ZelioSSMRelays-49C09F922">Zelio™ RE48 Panel
                        Mount Timers</a></li>
               </ul>
            </li>
            <li data-refid="ZelioRE17-49CD1A2E" class="topicref tocentry"><span class="topichead">REXL</span><ul>
                  <li class="topicref tocentry"><a href="/portals/ui/digest/viewer/561d5d65e4b0c5c41a243bf2/561d5f9ae4b0c5c41a244847/r/ZelioRE17-49CD1A2E#ZelioSSMRelays-49C09F926" data-refids=" ZelioSSMRelays-49C09F923">Zelio™ REXL Miniature Plug-In
                        Timers</a></li>
               </ul>
            </li>
         </ul>
      </li>
      <li data-refid="Timers-630FB17C" class="topicref chapter tocentry"><span class="topichead">
            <b class="ph b" data-xtrc="b:1" lang="English_en">Timers</b>
            </span><ul>
            <li data-refid="_17723030_Heading3_12" class="topicref tocentry"><span class="topichead">Type JCK</span><ul>
                  <li class="topicref tocentry"><a href="/portals/ui/digest/viewer/561d5d65e4b0c5c41a243bf2/561d5f9ae4b0c5c41a244847/r/_17723030_Heading3_12#_17723030_717862" data-refids=" _17723030_71786">Square D™ JCK General Purpose Plug-In Timers</a></li>
                  <li class="topicref tocentry"><a href="/portals/ui/digest/viewer/561d5d65e4b0c5c41a243bf2/561d5f9ae4b0c5c41a244847/r/_17723030_Heading3_12#_17723030_705882" data-refids=" _17723030_70588">Type JCK60 and JCK70 Timers</a></li>
               </ul>
            </li>
         </ul>
      </li>
      <li data-refid="_17723031_44503" class="topicref chapter tocentry"><span class="topichead">
            <b class="ph b" data-xtrc="b:1" lang="English_en">Control and Measurement Relays</b>
            </span><ul>
            <li data-refid="TypeREG-3F0061CF" class="topicref tocentry"><span class="topichead">Type RTC48</span><ul>
                  <li class="topicref tocentry"><a href="/portals/ui/digest/viewer/561d5d65e4b0c5c41a243bf2/561d5f9ae4b0c5c41a244847/r/TypeREG-3F0061CF#_17723025_Heading5_810" data-refids=" _17723025_Heading5_85">Zelio™ RTC48 Temperature
                        Controllers</a></li>
               </ul>
            </li>
            <li data-refid="_17723031_67370" class="topicref tocentry"><span class="topichead">Type REG</span><ul>
                  <li class="topicref tocentry"><a href="/portals/ui/digest/viewer/561d5d65e4b0c5c41a243bf2/561d5f9ae4b0c5c41a244847/r/_17723031_67370#_17723031_581392" data-refids=" _17723031_58139">Zelio™ REG Temperature Controllers</a></li>
               </ul>
            </li>
            <li data-refid="_17723032_Heading2_3" class="topicref tocentry"><span class="topichead">RM17JC and RM35JA</span><ul>
                  <li class="topicref tocentry"><a href="/portals/ui/digest/viewer/561d5d65e4b0c5c41a243bf2/561d5f9ae4b0c5c41a244847/r/_17723032_Heading2_3#_17723032_687682" data-refids=" _17723032_68768">Zelio™ Current Measurement Relays </a></li>
               </ul>
            </li>
            <li data-refid="_17723033_Heading2_3" class="topicref tocentry"><span class="topichead">RM17T•00</span><ul>
                  <li class="topicref tocentry"><a href="/portals/ui/digest/viewer/561d5d65e4b0c5c41a243bf2/561d5f9ae4b0c5c41a244847/r/_17723033_Heading2_3#_17723033_606702" data-refids=" _17723033_60670">Zelio™ Phase Measurement Relays</a></li>
               </ul>
            </li>
            <li data-refid="_17723034_Heading2_3" class="topicref tocentry"><span class="topichead">RM17UB, RM35UB, RM17UAS, RM17UBE, RM35UA1•MW</span><ul>
                  <li class="topicref tocentry"><a href="/portals/ui/digest/viewer/561d5d65e4b0c5c41a243bf2/561d5f9ae4b0c5c41a244847/r/_17723034_Heading2_3#_17723034_587692" data-refids=" _17723034_58769">Zelio™ Voltage Measurement Relays</a></li>
               </ul>
            </li>
            <li data-refid="_17723035_Heading2_3" class="topicref tocentry"><span class="topichead">RM35L•••MW, RM35BA10</span><ul>
                  <li class="topicref tocentry"><a href="/portals/ui/digest/viewer/561d5d65e4b0c5c41a243bf2/561d5f9ae4b0c5c41a244847/r/_17723035_Heading2_3#_17723035_581392" data-refids=" _17723035_58139">Zelio™ Level Control Relays and Zelio™ Pump Control
                        Relays</a></li>
               </ul>
            </li>
            <li data-refid="_17723036_Heading2_3" class="topicref tocentry"><span class="topichead">RM35S, RM35HZ, RM35AT</span><ul>
                  <li class="topicref tocentry"><a href="/portals/ui/digest/viewer/561d5d65e4b0c5c41a243bf2/561d5f9ae4b0c5c41a244847/r/_17723036_Heading2_3#_17723036_585852" data-refids=" _17723036_58585">Zelio™ Speed Control Relays, Frequency Control Relays,
                        and Temperature Control Relays</a></li>
               </ul>
            </li>
         </ul>
      </li>
      <li data-refid="_17723037_84591" class="topicref chapter tocentry"><span class="topichead">Power Supplies</span><ul>
            <li data-refid="_17723037_Heading2_3" class="topicref tocentry"><span class="topichead">ABL8, ABL7, ABL1</span><ul>
                  <li class="topicref tocentry"><a href="/portals/ui/digest/viewer/561d5d65e4b0c5c41a243bf2/561d5f9ae4b0c5c41a244847/r/_17723037_Heading2_3#_17723037_710362" data-refids=" _17723037_71036">Phaseo™ DC Power Supply</a></li>
               </ul>
            </li>
         </ul>
      </li>
      <li data-refid="_17723038_39100" class="topicref chapter tocentry"><span class="topichead">Interface Modules</span><ul>
            <li data-refid="_17723038_Heading2_3" class="topicref tocentry"><span class="topichead">RMT, RMP, RMC</span><ul>
                  <li class="topicref tocentry"><a href="/portals/ui/digest/viewer/561d5d65e4b0c5c41a243bf2/561d5f9ae4b0c5c41a244847/r/_17723038_Heading2_3#_17723038_Heading5_42" data-refids=" _17723038_Heading5_4">Zelio™ Analog Interface Modules</a></li>
               </ul>
            </li>
            <li data-refid="_17723041_Heading2_3" class="topicref tocentry"><span class="topichead">ABS</span><ul>
                  <li class="topicref tocentry"><a href="/portals/ui/digest/viewer/561d5d65e4b0c5c41a243bf2/561d5f9ae4b0c5c41a244847/r/_17723041_Heading2_3#_17723041_Heading5_42" data-refids=" _17723041_Heading5_4">Solid State Interface Modules</a></li>
               </ul>
            </li>
            <li data-refid="_17723042_Heading2_3" class="topicref tocentry"><span class="topichead">ABR</span><ul>
                  <li class="topicref tocentry"><a href="/portals/ui/digest/viewer/561d5d65e4b0c5c41a243bf2/561d5f9ae4b0c5c41a244847/r/_17723042_Heading2_3#_17723042_Heading5_42" data-refids=" _17723042_Heading5_4">Electromechanical Interface Modules</a></li>
               </ul>
            </li>
         </ul>
      </li>
   </ul>
</div>        </div>
              
      </div>
          
<script type="text/javascript">
  var refId = '';
  $(document).ready(function() {
    
    function sendFeedback(feedback, type) {
      $.ajax({
        url : HARPPortal.getPortalRpcUrl('feedback'),
        type : type,
        data : JSON.stringify(feedback),
        contentType : 'application/json',
      });
    }

    function confirmFeedback(fromNegative) {
      $('#feedbackComponent').children().fadeOut(500);
      if (fromNegative) {
        $('#feedbackContainer').removeClass('col-xs-12 col-sm-6').addClass('col-sm-3');    
      }
      $('#feedbackComponent').html($('#feedbackConfirm').fadeIn(500));
    }

    $('.feedbackButton').click(function(event) {
      var feedback = {}, contentElement = $("#viewerContent");

      feedback.id = $('body').attr('data-pageId');
      feedback.topicUseful = this.value;
      feedback.portalKey = contentElement.attr("data-portalKey");
      feedback.topicKey = contentElement.attr("data-itemKey");
      feedback.projectKey = contentElement.attr("data-projectKey");
      feedback.parentKey = contentElement.attr("data-parentKey");
      feedback.refId = refId;

      sendFeedback(feedback, 'POST');
      
      $('#feedbackCommentLabel').text(this.value === 'true' ? 'Why do you think this was helpful?' : 'Why do you think this was not helpful?');

      $('#feedbackComponent').children().fadeOut(500);
      $('#feedbackContainer').removeClass('col-sm-3').addClass('col-xs-12 col-sm-6');
      $('#feedbackComponent').html($('#feedbackComment').fadeIn(500));

      $('#commentButton').click(function() {
        $('#feedbackComponent').off('keypress');
        var comment = $("#feedbackInput").val().trim();
        if (comment !== "") {
          feedback.comment = comment;
          sendFeedback(feedback, 'PUT');
        }
        confirmFeedback(true);
      });

      $('#feedbackInput').focus();

      $('#feedbackComponent').on('keypress', function(e) {
        if (e.which === 13) {
          $('#commentButton').trigger('click');
        }
      });

    });
  });   
</script>

<div class="row">
  <div class="col-sm-3 pull-right" id="feedbackContainer">
    <div id="feedbackComponent">
      <div id="feedbackHelpful">
        <p>Was this helpful?</p>
        <div id="buttonDiv">
          <button class="btn btn-primary btn-xs feedbackButton" value="true">Yes</button>
          <button class="btn btn-primary btn-xs feedbackButton" value="false">No</button>
        </div>
      </div>
    </div>
  </div>
  <div id="feedbackConfirm" style="display: none">Thanks!</div>
  <div id="feedbackComment" style="display: none">
    <label for="feedbackInput" id="feedbackCommentLabel">Tell us why!</label><br>
    <textarea rows="4" id="feedbackInput"></textarea><br>
    <button class="btn btn-primary btn-xs" id="commentButton">Send</button>
  </div>
</div>
                        
        <div class="col-sm-10 col-sm-offset-1 col-xs-11">

         </div>
          
	</div>
<!-- BEGIN footer -->
<footer class="navbar navbar-default harp-portal-footer" style="width: 100%; margin: 20px 0 0 0;"> <!-- navbar-fixed-bottom  -->
	<div class="container">
  <p class="navbar-text navbar-left hidden-xs">
    <span class="glyphicon glyphicon-qrcode" id="qrcodeLink"
          title="Show QR code for this page"></span>
  </p>
  <img src="/portals/qrgen?url=http%3A%2F%2Fwww.productinfo.schneider-electric.com%2Fportals%2Fui%2Fdigest%2Fviewer%2F561d5d65e4b0c5c41a243bf2%2Fnocontext%2FMaster%2BBookmap%2BContent%2F17723_MAIN%2B(bookmap)_0000064354.xml&size=180"
       id="qrcode"
       style="width: 180px; height: 180px;"
       alt="QR code for this page"
       title="QR code for this page">
<script>
  $(function() {
    var $qr = $('#qrcode')
    , $link = $('#qrcodeLink')
    , on = $qr.is('visible')
    , shown = false;
    ;

    function show() {
      var pos = $link.position();
      $qr.css({
        left: pos.left + 'px',
        bottom: ($link.outerHeight() + 20) + 'px'
      });
      $qr.fadeIn();
      on = true;
      shown = true;
    }

    function toggle() {
      if (on) {
        $qr.fadeOut();
        on = false;
      } else {
        show();
      }
    }

    $link.click(toggle);
    $qr.click(toggle);
    $link.mouseover(function() {
      if (!shown) {
        show();
      }
    });
  });
</script>
<!--		<p class="navbar-text navbar-right">
			<a href="https://td-demo.titaniasoftware.com/portals/ui/website/pages/product/delivery"
				class="navbar-link harp-footer-link" target="_blank">Powered by Titania Delivery</a>
		      <a id="footerLogo" href="http://www.titaniasoftware.com"
                class="navbar-link harp-footer-link" target="_blank">
                <img src="/portals/ui/_theme/digest/images/titania-logo_128w.png"
                        style="width: 43px; height: 16px;" alt="Titania Delivery" title="Titania Delivery">
             </a>
		</p>-->
	</div>
</footer>
<!-- END footer --></body>
</html>