<!DOCTYPE html>
<html>
<head>
<link rel="shortcut icon" href="/portals/ui/_theme/digest/favicon.ico" mce_href="/portals/ui/_theme/digest/favicon.ico" type="image/x-icon"/>
<meta name="viewport" content="width=device-width, initial-scale=1.0">
<meta http-equiv="X-UA-Compatible" content="IE=11">
<!-- HTML5 Shim and Respond.js IE8 support of HTML5 elements and media queries -->
<!--[if lt IE 9]>
  <script src="https://oss.maxcdn.com/libs/html5shiv/3.7.0/html5shiv.js"></script>
  <script src="https://oss.maxcdn.com/libs/respond.js/1.3.0/respond.min.js"></script>
<![endif]-->

<title>Section 27: Automation Products - Digest 177</title>

<script type="text/javascript" src="/portals/resources/scripts/libs/jquery-1.11.0.min.js"></script>

<script type="text/javascript" src="/portals/ui/_theme/digest/scripts/bannerfix.js"></script>
<link rel="stylesheet" href="/portals/ui/_theme/digest/style/harp-portals.less"></link>
<script type="text/javascript" src="/portals/ui/_theme/digest/scripts/bootstrap.min.js"></script>
<script type="text/javascript" src="/portals/resources/scripts/harp-sdk.js"></script><link rel="stylesheet" href="/portals/resources/cm/cm.css"></link>
<script type="text/javascript" src="/portals/resources/scripts/libs/moment.min.js"></script>
<script type="text/javascript" src="/portals/resources/cm/cm.js"></script>

<script>
  (function(i,s,o,g,r,a,m){i['GoogleAnalyticsObject']=r;i[r]=i[r]||function(){
  (i[r].q=i[r].q||[]).push(arguments)},i[r].l=1*new Date();a=s.createElement(o),
  m=s.getElementsByTagName(o)[0];a.async=1;a.src=g;m.parentNode.insertBefore(a,m)
  })(window,document,'script','//www.google-analytics.com/analytics.js','ga');

  ga('create', 'UA-39869895-2', 'auto');
  ga('send', 'pageview');

</script>

<script>
$(function() {
    $('li.topicref.harp-portal-filter-exclude > a').click(function(e) {
        alert("This content is currently unavailable.");
        e.preventDefault();
        return false;
    });
});
</script>

</head>

<body class="readerPage" data-pageId=463980a4-c201-42fe-99de-87ed7114e786>


<!-- BEGIN HEADER -->
<header class="navbar navbar-default" id="harp-header-bar" role="navigation">
	<div class="container">
		<div class="navbar-header">
			<button type="button" class="navbar-toggle" data-toggle="collapse"
				data-target=".navbar-collapse">
				<span class="sr-only">Toggle navigation</span> <span
					class="icon-bar"></span> <span class="icon-bar"></span> <span
					class="icon-bar"></span>
			</button>
			<a class="navbar-brand" style="padding: 0 50px 0 0" href="http://www.schneider-electric.com/us/en" target="_blank">
  			<img src="/portals/ui/_theme/digest/images/Logo_SE_White_Transparent_RGB.PNG" style="width: 226px; height: 52px;" class="hidden-xs">
			<img src="/portals/ui/_theme/digest/images/Logo_SE_White_Transparent_RGB.PNG" style="width: 170px; height: 39px; margin-top: 3px;" class="visible-xs">
            </a>

              <!-- <a href='/portals/ui/digest/'
	               class="header-logo-link">
	                <img src="/portals/ui/_theme/digest/images/se_logo.gif" class="header-logo">
	           	</a> -->
	            <!-- <a href='/portals/ui/digest/'>
	             Digest 177
	            </a> -->
			<!-- </span>  -->
		</div>

		<div class="navbar-collapse collapse" id="headerMenu">

				<form role="search" action='/portals/ui/digest/search' class="navbar-form navbar-right hidden-xs">
					<div class="form-group">
						<label class="sr-only" for="headerTerm">Search Term</label> <input
							type="text" placeholder="Search" class="form-control"
							id="headerTerm" name="term">
					</div>
                    <button type="submit" class="btn btn-primary">
                        <span class="glyphicon glyphicon-search"></span>
                    </button>
				</form>
				<form role="search" action='/portals/ui/digest/search' class="navbar-form navbar-right navbar-input-group visible-xs">
				    <div class="form-group">
				        <label class="sr-only" for="headerTerm">Search Term</label>
				        <div class="input-group">
				            <input type="text" placeholder="Search" class="form-control"
				                id="headerTerm" name="term">
				            <span class="input-group-btn">
				                <button type="submit" class="btn btn-primary">
				                    <span class="glyphicon glyphicon-search"></span>
				                </button>
				            </span>
				        </div>
				    </div>
				</form>

			<ul class="nav navbar-nav">
                <li><a href="http://www.digestplus-us.schneider-electric.com/" target="_blank">DigestPLUS</a></li>
              	<li><a href='/portals/ui/digest/pages/landingPages/digest177'>Digest 177</a></li>
                <li><a href='/portals/ui/digest/pages/landingPages/digest177_supplement'>Supplemental Digest 177</a></li>
			</ul>
		</div>
	</div>
</header>

<div id="docTitle" class="sectionColor6">
  <div class="container">
    <div class="row">
      <div class="col-xs-12">
        <h3>        <span class="context-title">
          Section 27: Automation Products
        </span>
</h3>
      </div>
    </div>
  </div>
</div>

  <div id="floatingDocTitle" class="sectionColor6">
    <div class="container">
      <div class="row">
        <div class="col-xs-12">
          <h3>        <span class="context-title">
          Section 27: Automation Products
        </span>
</h3>
        </div>
      </div>
    </div>
  </div>

<!-- END HEADER -->
	
	<div class="container" id="tocPage">
      

      <div class="row">
        <div class="col-sm-10 col-sm-offset-1 col-xs-12 content-container" id="viewerContent"
                 	data-portalKey="562794fee4b05736848a7cb4"
                    data-itemKey="561d5f9ae4b0c5c41a244853"
                    data-projectKey="561d5d65e4b0c5c41a243bf2">
              	
<div class="map bookmap" lang="English_en" data-xtrc="bookmap:1" data-xtrf="harp://561d5d65e4b0c5c41a243bf2/pr/ORIGINAL/Master%20Bookmap%20Content/17727_MAIN%20(bookmap)_0000053412.xml">
   <div class="topicmeta bookmeta" data-xtrc="bookmeta:1" lang="English_en">
      
      <div class="metadata" data-xtrc="metadata:1" lang="English_en">
         
         
      </div>
      
   </div>
   <ul id="toc">
      <li data-refid="_17727002_27220" class="topicref chapter tocentry"><span class="topichead">Programmable Controllers</span><ul>
            <li data-refid="concept-1-573C76EE" class="topicref tocentry"><span class="topichead">Automation Products</span><ul>
                  <li class="topicref tocentry"><a href="/portals/ui/digest/viewer/561d5d65e4b0c5c41a243bf2/561d5f9ae4b0c5c41a244853/r/concept-1-573C76EE#_17727010_Heading5_172" data-refids=" _17727010_Heading5_17">Modicon™ Zelio™ Logic Controller</a></li>
                  <li class="topicref tocentry"><a href="/portals/ui/digest/viewer/561d5d65e4b0c5c41a243bf2/561d5f9ae4b0c5c41a244853/r/concept-1-573C76EE#ModiconM221PLC-573C2B382" data-refids=" ModiconM221PLC-573C2B38">Modicon M221 PLC</a></li>
                  <li class="topicref tocentry"><a href="/portals/ui/digest/viewer/561d5d65e4b0c5c41a243bf2/561d5f9ae4b0c5c41a244853/r/concept-1-573C76EE#ModiconM241LogicController-54A55BBF2" data-refids=" ModiconM241LogicController-54A55BBF">Modicon M241 PLC</a></li>
                  <li class="topicref tocentry"><a href="/portals/ui/digest/viewer/561d5d65e4b0c5c41a243bf2/561d5f9ae4b0c5c41a244853/r/concept-1-573C76EE#_17727008_Heading5_172" data-refids=" _17727008_Heading5_17">Modicon™ M251 PLC</a></li>
                  <li class="topicref tocentry"><a href="/portals/ui/digest/viewer/561d5d65e4b0c5c41a243bf2/561d5f9ae4b0c5c41a244853/r/concept-1-573C76EE#missing-topic-id" data-refids=" ModiconM258LogicControllerCPT_0000066582">Modicon™ M258 PLC</a></li>
                  <li class="topicref tocentry"><a href="/portals/ui/digest/viewer/561d5d65e4b0c5c41a243bf2/561d5f9ae4b0c5c41a244853/r/concept-1-573C76EE#_17727009_Heading5_52" data-refids=" _17727009_Heading5_5">Altivar™ IMC Integrated Controller Card</a></li>
                  <li class="topicref tocentry"><a href="/portals/ui/digest/viewer/561d5d65e4b0c5c41a243bf2/561d5f9ae4b0c5c41a244853/r/concept-1-573C76EE#_17727010_Heading5_22" data-refids=" _17727010_Heading5_2">SoMachine™ Software Suite</a></li>
                  <li class="topicref tocentry"><a href="/portals/ui/digest/viewer/561d5d65e4b0c5c41a243bf2/561d5f9ae4b0c5c41a244853/r/concept-1-573C76EE#_17727002_Heading5_32" data-refids=" _17727002_Heading5_3">Modicon™ TSX Micro™ PLC</a></li>
                  <li class="topicref tocentry"><a href="/portals/ui/digest/viewer/561d5d65e4b0c5c41a243bf2/561d5f9ae4b0c5c41a244853/r/concept-1-573C76EE#_17727002_Heading5_212" data-refids=" _17727002_Heading5_21">PL7™ Application Software</a></li>
                  <li class="topicref tocentry"><a href="/portals/ui/digest/viewer/561d5d65e4b0c5c41a243bf2/561d5f9ae4b0c5c41a244853/r/concept-1-573C76EE#ModiconUnityMomentum-549AF8072" data-refids=" ModiconUnityMomentum-549AF807">Modicon™ Unity Momentum PLC</a></li>
                  <li class="topicref tocentry"><a href="/portals/ui/digest/viewer/561d5d65e4b0c5c41a243bf2/561d5f9ae4b0c5c41a244853/r/concept-1-573C76EE#missing-topic-id2" data-refids=" Twido™Nano™CPT_0000066579">Twido™ Nano™</a></li>
                  <li class="topicref tocentry"><a href="/portals/ui/digest/viewer/561d5d65e4b0c5c41a243bf2/561d5f9ae4b0c5c41a244853/r/concept-1-573C76EE#ModiconM340PAC-72B06B452" data-refids=" ModiconM340PAC-72B06B45">Modicon M340™ PAC</a></li>
                  <li class="topicref tocentry"><a href="/portals/ui/digest/viewer/561d5d65e4b0c5c41a243bf2/561d5f9ae4b0c5c41a244853/r/concept-1-573C76EE#ModiconM580EPAC-549C03532" data-refids=" ModiconM580EPAC-549C0353">Modicon M580™ ePAC</a></li>
                  <li class="topicref tocentry"><a href="/portals/ui/digest/viewer/561d5d65e4b0c5c41a243bf2/561d5f9ae4b0c5c41a244853/r/concept-1-573C76EE#_17727002_Heading5_92" data-refids=" _17727002_Heading5_9">Modicon Premium™ PAC</a></li>
                  <li class="topicref tocentry"><a href="/portals/ui/digest/viewer/561d5d65e4b0c5c41a243bf2/561d5f9ae4b0c5c41a244853/r/concept-1-573C76EE#_17727002_Heading5_132" data-refids=" _17727002_Heading5_13">Modicon Quantum™ PAC</a></li>
                  <li class="topicref tocentry"><a href="/portals/ui/digest/viewer/561d5d65e4b0c5c41a243bf2/561d5f9ae4b0c5c41a244853/r/concept-1-573C76EE#_17727002_Heading5_162" data-refids=" _17727002_Heading5_16">Unity™ Pro Application Software</a></li>
               </ul>
            </li>
         </ul>
      </li>
      <li data-refid="_17727003_64438" class="topicref chapter tocentry"><span class="topichead">HMI Products</span><ul>
            <li data-refid="concept-1-573C76EE2" class="topicref tocentry"><span class="topichead">Automation Products</span><ul>
                  <li class="topicref tocentry"><a href="/portals/ui/digest/viewer/561d5d65e4b0c5c41a243bf2/561d5f9ae4b0c5c41a244853/r/concept-1-573C76EE2#_17727003_645982" data-refids=" _17727003_64598">Magelis™ Small Panels HMI Products</a><ul>
                        <li class="topicref tocentry"><a href="/portals/ui/digest/viewer/561d5d65e4b0c5c41a243bf2/561d5f9ae4b0c5c41a244853/r/concept-1-573C76EE2#_17727003_Heading5_72" data-refids=" _17727003_Heading5_7">Magelis XBT N/R/RT</a></li>
                        <li class="topicref tocentry"><a href="/portals/ui/digest/viewer/561d5d65e4b0c5c41a243bf2/561d5f9ae4b0c5c41a244853/r/concept-1-573C76EE2#_17727003_Heading5_42" data-refids=" _17727003_Heading5_4">Magelis STO</a></li>
                        <li class="topicref tocentry"><a href="/portals/ui/digest/viewer/561d5d65e4b0c5c41a243bf2/561d5f9ae4b0c5c41a244853/r/concept-1-573C76EE2#MagelisSTU-6D64888D2" data-refids=" MagelisSTU-6D64888D">Magelis STU</a></li>
                     </ul>
                  </li>
                  <li class="topicref tocentry"><a href="/portals/ui/digest/viewer/561d5d65e4b0c5c41a243bf2/561d5f9ae4b0c5c41a244853/r/concept-1-573C76EE2#missing-topic-id3" data-refids=" Magelis™SCUSmallHMIControllersCPT_0000066580">Magelis SCU Small HMI Controllers</a></li>
                  <li class="topicref tocentry"><a href="/portals/ui/digest/viewer/561d5d65e4b0c5c41a243bf2/561d5f9ae4b0c5c41a244853/r/concept-1-573C76EE2#_17727003_819692" data-refids=" _17727003_81969">Magelis Advanced Panels HMI Products</a></li>
                  <li class="topicref tocentry"><a href="/portals/ui/digest/viewer/561d5d65e4b0c5c41a243bf2/561d5f9ae4b0c5c41a244853/r/concept-1-573C76EE2#_17727003_Heading5_152" data-refids=" _17727003_Heading5_15">Magelis GTO Optimized Panels</a></li>
                  <li class="topicref tocentry"><a href="/portals/ui/digest/viewer/561d5d65e4b0c5c41a243bf2/561d5f9ae4b0c5c41a244853/r/concept-1-573C76EE2#missing-topic-id4" data-refids=" MagelisXBTGHHandheldHMICPT_0000066437">Magelis XBTGH Handheld HMI</a></li>
                  <li class="topicref tocentry"><a href="/portals/ui/digest/viewer/561d5d65e4b0c5c41a243bf2/561d5f9ae4b0c5c41a244853/r/concept-1-573C76EE2#missing-topic-id5" data-refids=" MagelisGTUUniversalPanelsCPT_0000066436">Magelis GTU Universal Panels</a></li>
                  <li class="topicref tocentry"><a href="/portals/ui/digest/viewer/561d5d65e4b0c5c41a243bf2/561d5f9ae4b0c5c41a244853/r/concept-1-573C76EE2#USBAccessoriesForMagelisHMITerminal-77B7AD6F2" data-refids=" USBAccessoriesForMagelisHMITerminal-77B7AD6F">USB Accessories for Magelis HMI Terminals</a><ul>
                        <li class="topicref tocentry"><a href="/portals/ui/digest/viewer/561d5d65e4b0c5c41a243bf2/561d5f9ae4b0c5c41a244853/r/concept-1-573C76EE2#IlluminatedSwitchPanel-77B996042" data-refids=" IlluminatedSwitchPanel-77B99604">Illuminated Switch Panel</a></li>
                        <li class="topicref tocentry"><a href="/portals/ui/digest/viewer/561d5d65e4b0c5c41a243bf2/561d5f9ae4b0c5c41a244853/r/concept-1-573C76EE2#missing-topic-id6" data-refids=" KeyboardPanelCPT_0000066355">Keyboard Panel</a></li>
                        <li class="topicref tocentry"><a href="/portals/ui/digest/viewer/561d5d65e4b0c5c41a243bf2/561d5f9ae4b0c5c41a244853/r/concept-1-573C76EE2#missing-topic-id7" data-refids=" BiometricSwitchCPT_0000066354">Biometric Switch</a></li>
                        <li class="topicref tocentry"><a href="/portals/ui/digest/viewer/561d5d65e4b0c5c41a243bf2/561d5f9ae4b0c5c41a244853/r/concept-1-573C76EE2#missing-topic-id8" data-refids=" TowerLightCPT_0000066353">Tower Light</a></li>
                     </ul>
                  </li>
                  <li class="topicref tocentry"><a href="/portals/ui/digest/viewer/561d5d65e4b0c5c41a243bf2/561d5f9ae4b0c5c41a244853/r/concept-1-573C76EE2#MagelisIndustrialPCProducts-80D194492" data-refids=" MagelisIndustrialPCProducts-80D19449">Magelis™ Industrial PC Products</a></li>
                  <li class="topicref tocentry"><a href="/portals/ui/digest/viewer/561d5d65e4b0c5c41a243bf2/561d5f9ae4b0c5c41a244853/r/concept-1-573C76EE2#missing-topic-id9" data-refids=" MagelisPanelPCCPT_0000066438">Magelis Panel PC</a></li>
                  <li class="topicref tocentry"><a href="/portals/ui/digest/viewer/561d5d65e4b0c5c41a243bf2/561d5f9ae4b0c5c41a244853/r/concept-1-573C76EE2#missing-topic-id10" data-refids=" MagelisBoxPCCPT_0000066434">Magelis Box PC</a></li>
                  <li class="topicref tocentry"><a href="/portals/ui/digest/viewer/561d5d65e4b0c5c41a243bf2/561d5f9ae4b0c5c41a244853/r/concept-1-573C76EE2#missing-topic-id11" data-refids=" MagelisSimpleBoxPCCPT_0000066432">Magelis Simple Box PC</a></li>
                  <li class="topicref tocentry"><a href="/portals/ui/digest/viewer/561d5d65e4b0c5c41a243bf2/561d5f9ae4b0c5c41a244853/r/concept-1-573C76EE2#missing-topic-id12" data-refids=" MagelisRackPCCPT_0000066431">Magelis Rack PC</a></li>
                  <li class="topicref tocentry"><a href="/portals/ui/digest/viewer/561d5d65e4b0c5c41a243bf2/561d5f9ae4b0c5c41a244853/r/concept-1-573C76EE2#missing-topic-id13" data-refids=" MagelisiDisplayIndustrialMulti-TouchMonitorCPT_0000066433">Magelis iDisplay Industrial Multi-Touch Monitor</a></li>
               </ul>
            </li>
         </ul>
      </li>
      <li data-refid="_17727004_63066" class="topicref chapter tocentry"><span class="topichead">Software for HMI Products</span><ul>
            <li data-refid="concept-1-573C76EE3" class="topicref tocentry"><span class="topichead">Automation Products</span><ul>
                  <li class="topicref tocentry"><a href="/portals/ui/digest/viewer/561d5d65e4b0c5c41a243bf2/561d5f9ae4b0c5c41a244853/r/concept-1-573C76EE3#VijeoDesignerHMISoftware-80D1306D2" data-refids=" VijeoDesignerHMISoftware-80D1306D">Vijeo Designer HMI Software</a></li>
                  <li class="topicref tocentry"><a href="/portals/ui/digest/viewer/561d5d65e4b0c5c41a243bf2/561d5f9ae4b0c5c41a244853/r/concept-1-573C76EE3#missing-topic-id14" data-refids=" Vijeo™DesignerCPT_0000066430">Vijeo™ Designer</a></li>
                  <li class="topicref tocentry"><a href="/portals/ui/digest/viewer/561d5d65e4b0c5c41a243bf2/561d5f9ae4b0c5c41a244853/r/concept-1-573C76EE3#missing-topic-id15" data-refids=" VijeoDesignerIntelligentDataServicesCPT_0000066429">Vijeo Designer Intelligent Data Services</a></li>
                  <li class="topicref tocentry"><a href="/portals/ui/digest/viewer/561d5d65e4b0c5c41a243bf2/561d5f9ae4b0c5c41a244853/r/concept-1-573C76EE3#missing-topic-id16" data-refids=" VijeoDesign_AirCPT_0000066508">Vijeo Design’Air</a></li>
                  <li class="topicref tocentry"><a href="/portals/ui/digest/viewer/561d5d65e4b0c5c41a243bf2/561d5f9ae4b0c5c41a244853/r/concept-1-573C76EE3#missing-topic-id17" data-refids=" VijeoDesign_AirPlusCPT_0000066507">Vijeo Design’Air Plus</a></li>
               </ul>
            </li>
         </ul>
      </li>
      <li data-refid="_17727005_55021" class="topicref chapter tocentry"><span class="topichead">SCADA / Distributed I/O Products</span><ul>
            <li data-refid="concept-1-573C76EE4" class="topicref tocentry"><span class="topichead">Automation Products</span><ul>
                  <li class="topicref tocentry"><a href="/portals/ui/digest/viewer/561d5d65e4b0c5c41a243bf2/561d5f9ae4b0c5c41a244853/r/concept-1-573C76EE4#_17727004_Heading5_362" data-refids=" _17727004_Heading5_36">Vijeo Citect SCADA Software</a></li>
                  <li class="topicref tocentry"><a href="/portals/ui/digest/viewer/561d5d65e4b0c5c41a243bf2/561d5f9ae4b0c5c41a244853/r/concept-1-573C76EE4#missing-topic-id18" data-refids=" Vijeo™HistorianSCADASoftwareCPT_0000066678">Vijeo Historian</a></li>
                  <li class="topicref tocentry"><a href="/portals/ui/digest/viewer/561d5d65e4b0c5c41a243bf2/561d5f9ae4b0c5c41a244853/r/concept-1-573C76EE4#missing-topic-id19" data-refids=" Advantys™OTBCPT_0000066506">Modicon OTB</a></li>
                  <li class="topicref tocentry"><a href="/portals/ui/digest/viewer/561d5d65e4b0c5c41a243bf2/561d5f9ae4b0c5c41a244853/r/concept-1-573C76EE4#_17727005_Heading5_92" data-refids=" _17727005_Heading5_9">Modicon STB </a></li>
                  <li class="topicref tocentry"><a href="/portals/ui/digest/viewer/561d5d65e4b0c5c41a243bf2/561d5f9ae4b0c5c41a244853/r/concept-1-573C76EE4#_17727005_Heading5_122" data-refids=" _17727005_Heading5_12">Modicon Telefast™ ABE7 Sub-bases, IP20 </a></li>
                  <li class="topicref tocentry"><a href="/portals/ui/digest/viewer/561d5d65e4b0c5c41a243bf2/561d5f9ae4b0c5c41a244853/r/concept-1-573C76EE4#_17727005_Heading5_142" data-refids=" _17727005_Heading5_14">Modicon Telefast ABE9 Passive Splitter Boxes, IP67</a></li>
                  <li class="topicref tocentry"><a href="/portals/ui/digest/viewer/561d5d65e4b0c5c41a243bf2/561d5f9ae4b0c5c41a244853/r/concept-1-573C76EE4#_17727005_Heading5_162" data-refids=" _17727005_Heading5_16">Modicon TM7 I/O Blocks, IP67</a></li>
                  <li class="topicref tocentry"><a href="/portals/ui/digest/viewer/561d5d65e4b0c5c41a243bf2/561d5f9ae4b0c5c41a244853/r/concept-1-573C76EE4#missing-topic-id20" data-refids=" ModiconMomentum™DistributedI_OandPLCCPT_0000066558">Modicon Momentum™ Distributed I/O and PLC</a></li>
               </ul>
            </li>
         </ul>
      </li>
      <li data-refid="_17727006_56208" class="topicref chapter tocentry"><span class="topichead">Network Products and Systems</span><ul>
            <li data-refid="concept-1-573C76EE5" class="topicref tocentry"><span class="topichead">Automation Products</span><ul>
                  <li class="topicref tocentry"><a href="/portals/ui/digest/viewer/561d5d65e4b0c5c41a243bf2/561d5f9ae4b0c5c41a244853/r/concept-1-573C76EE5#missing-topic-id21" data-refids=" EthernetTCP_IPProductsCPT_0000066557">Ethernet TCP/IP Products</a></li>
                  <li class="topicref tocentry"><a href="/portals/ui/digest/viewer/561d5d65e4b0c5c41a243bf2/561d5f9ae4b0c5c41a244853/r/concept-1-573C76EE5#_17727006_Heading5_32" data-refids=" _17727006_Heading5_3">ConneXium™ Ethernet Products</a></li>
                  <li class="topicref tocentry"><a href="/portals/ui/digest/viewer/561d5d65e4b0c5c41a243bf2/561d5f9ae4b0c5c41a244853/r/concept-1-573C76EE5#_17727006_Heading5_122" data-refids=" _17727006_Heading5_12">Transparent Ready™ Solutions</a></li>
                  <li class="topicref tocentry"><a href="/portals/ui/digest/viewer/561d5d65e4b0c5c41a243bf2/561d5f9ae4b0c5c41a244853/r/concept-1-573C76EE5#_17727006_Heading5_162" data-refids=" _17727006_Heading5_16">CANopen Network Products</a></li>
               </ul>
            </li>
         </ul>
      </li>
      <li data-refid="_17727008_Heading1_2" class="topicref chapter tocentry"><span class="topichead">Motion Control / HVAC/R Controllers</span><ul>
            <li data-refid="concept-1-573C76EE6" class="topicref tocentry"><span class="topichead">Automation Products</span><ul>
                  <li class="topicref tocentry"><a href="/portals/ui/digest/viewer/561d5d65e4b0c5c41a243bf2/561d5f9ae4b0c5c41a244853/r/concept-1-573C76EE6#missing-topic-id22" data-refids=" MotionControlProductsCPT_0000068638">Lexium™ Motion Control Products</a></li>
                  <li class="topicref tocentry"><a href="/portals/ui/digest/viewer/561d5d65e4b0c5c41a243bf2/561d5f9ae4b0c5c41a244853/r/concept-1-573C76EE6#missing-topic-id23" data-refids=" HVAC_RControllersCPT_0000068637">HVAC/R Controllers</a></li>
               </ul>
            </li>
         </ul>
      </li>
   </ul>
</div>        </div>
              
      </div>
          
<script type="text/javascript">
  var refId = '';
  $(document).ready(function() {
    
    function sendFeedback(feedback, type) {
      $.ajax({
        url : HARPPortal.getPortalRpcUrl('feedback'),
        type : type,
        data : JSON.stringify(feedback),
        contentType : 'application/json',
      });
    }

    function confirmFeedback(fromNegative) {
      $('#feedbackComponent').children().fadeOut(500);
      if (fromNegative) {
        $('#feedbackContainer').removeClass('col-xs-12 col-sm-6').addClass('col-sm-3');    
      }
      $('#feedbackComponent').html($('#feedbackConfirm').fadeIn(500));
    }

    $('.feedbackButton').click(function(event) {
      var feedback = {}, contentElement = $("#viewerContent");

      feedback.id = $('body').attr('data-pageId');
      feedback.topicUseful = this.value;
      feedback.portalKey = contentElement.attr("data-portalKey");
      feedback.topicKey = contentElement.attr("data-itemKey");
      feedback.projectKey = contentElement.attr("data-projectKey");
      feedback.parentKey = contentElement.attr("data-parentKey");
      feedback.refId = refId;

      sendFeedback(feedback, 'POST');
      
      $('#feedbackCommentLabel').text(this.value === 'true' ? 'Why do you think this was helpful?' : 'Why do you think this was not helpful?');

      $('#feedbackComponent').children().fadeOut(500);
      $('#feedbackContainer').removeClass('col-sm-3').addClass('col-xs-12 col-sm-6');
      $('#feedbackComponent').html($('#feedbackComment').fadeIn(500));

      $('#commentButton').click(function() {
        $('#feedbackComponent').off('keypress');
        var comment = $("#feedbackInput").val().trim();
        if (comment !== "") {
          feedback.comment = comment;
          sendFeedback(feedback, 'PUT');
        }
        confirmFeedback(true);
      });

      $('#feedbackInput').focus();

      $('#feedbackComponent').on('keypress', function(e) {
        if (e.which === 13) {
          $('#commentButton').trigger('click');
        }
      });

    });
  });   
</script>

<div class="row">
  <div class="col-sm-3 pull-right" id="feedbackContainer">
    <div id="feedbackComponent">
      <div id="feedbackHelpful">
        <p>Was this helpful?</p>
        <div id="buttonDiv">
          <button class="btn btn-primary btn-xs feedbackButton" value="true">Yes</button>
          <button class="btn btn-primary btn-xs feedbackButton" value="false">No</button>
        </div>
      </div>
    </div>
  </div>
  <div id="feedbackConfirm" style="display: none">Thanks!</div>
  <div id="feedbackComment" style="display: none">
    <label for="feedbackInput" id="feedbackCommentLabel">Tell us why!</label><br>
    <textarea rows="4" id="feedbackInput"></textarea><br>
    <button class="btn btn-primary btn-xs" id="commentButton">Send</button>
  </div>
</div>
                        
        <div class="col-sm-10 col-sm-offset-1 col-xs-11">

         </div>
          
	</div>
<!-- BEGIN footer -->
<footer class="navbar navbar-default harp-portal-footer" style="width: 100%; margin: 20px 0 0 0;"> <!-- navbar-fixed-bottom  -->
	<div class="container">
  <p class="navbar-text navbar-left hidden-xs">
    <span class="glyphicon glyphicon-qrcode" id="qrcodeLink"
          title="Show QR code for this page"></span>
  </p>
  <img src="/portals/qrgen?url=http%3A%2F%2Fwww.productinfo.schneider-electric.com%2Fportals%2Fui%2Fdigest%2Fviewer%2F561d5d65e4b0c5c41a243bf2%2Fnocontext%2FMaster%2BBookmap%2BContent%2F17727_MAIN%2B(bookmap)_0000053412.xml&size=180"
       id="qrcode"
       style="width: 180px; height: 180px;"
       alt="QR code for this page"
       title="QR code for this page">
<script>
  $(function() {
    var $qr = $('#qrcode')
    , $link = $('#qrcodeLink')
    , on = $qr.is('visible')
    , shown = false;
    ;

    function show() {
      var pos = $link.position();
      $qr.css({
        left: pos.left + 'px',
        bottom: ($link.outerHeight() + 20) + 'px'
      });
      $qr.fadeIn();
      on = true;
      shown = true;
    }

    function toggle() {
      if (on) {
        $qr.fadeOut();
        on = false;
      } else {
        show();
      }
    }

    $link.click(toggle);
    $qr.click(toggle);
    $link.mouseover(function() {
      if (!shown) {
        show();
      }
    });
  });
</script>
<!--		<p class="navbar-text navbar-right">
			<a href="https://td-demo.titaniasoftware.com/portals/ui/website/pages/product/delivery"
				class="navbar-link harp-footer-link" target="_blank">Powered by Titania Delivery</a>
		      <a id="footerLogo" href="http://www.titaniasoftware.com"
                class="navbar-link harp-footer-link" target="_blank">
                <img src="/portals/ui/_theme/digest/images/titania-logo_128w.png"
                        style="width: 43px; height: 16px;" alt="Titania Delivery" title="Titania Delivery">
             </a>
		</p>-->
	</div>
</footer>
<!-- END footer --></body>
</html>