<!DOCTYPE html>
<html>
<head>
<link rel="shortcut icon" href="/portals/ui/_theme/digest/favicon.ico" mce_href="/portals/ui/_theme/digest/favicon.ico" type="image/x-icon"/>
<meta name="viewport" content="width=device-width, initial-scale=1.0">
<meta http-equiv="X-UA-Compatible" content="IE=11">
<!-- HTML5 Shim and Respond.js IE8 support of HTML5 elements and media queries -->
<!--[if lt IE 9]>
  <script src="https://oss.maxcdn.com/libs/html5shiv/3.7.0/html5shiv.js"></script>
  <script src="https://oss.maxcdn.com/libs/respond.js/1.3.0/respond.min.js"></script>
<![endif]-->

<title>Section 4: Power Monitoring and Control - Digest 177</title>

<script type="text/javascript" src="/portals/resources/scripts/libs/jquery-1.11.0.min.js"></script>

<script type="text/javascript" src="/portals/ui/_theme/digest/scripts/bannerfix.js"></script>
<link rel="stylesheet" href="/portals/ui/_theme/digest/style/harp-portals.less"></link>
<script type="text/javascript" src="/portals/ui/_theme/digest/scripts/bootstrap.min.js"></script>
<script type="text/javascript" src="/portals/resources/scripts/harp-sdk.js"></script><link rel="stylesheet" href="/portals/resources/cm/cm.css"></link>
<script type="text/javascript" src="/portals/resources/scripts/libs/moment.min.js"></script>
<script type="text/javascript" src="/portals/resources/cm/cm.js"></script>

<script>
  (function(i,s,o,g,r,a,m){i['GoogleAnalyticsObject']=r;i[r]=i[r]||function(){
  (i[r].q=i[r].q||[]).push(arguments)},i[r].l=1*new Date();a=s.createElement(o),
  m=s.getElementsByTagName(o)[0];a.async=1;a.src=g;m.parentNode.insertBefore(a,m)
  })(window,document,'script','//www.google-analytics.com/analytics.js','ga');

  ga('create', 'UA-39869895-2', 'auto');
  ga('send', 'pageview');

</script>

<script>
$(function() {
    $('li.topicref.harp-portal-filter-exclude > a').click(function(e) {
        alert("This content is currently unavailable.");
        e.preventDefault();
        return false;
    });
});
</script>

</head>

<body class="readerPage" data-pageId=c73801a0-e35f-4d9a-84a2-6e43eda0593a>


<!-- BEGIN HEADER -->
<header class="navbar navbar-default" id="harp-header-bar" role="navigation">
	<div class="container">
		<div class="navbar-header">
			<button type="button" class="navbar-toggle" data-toggle="collapse"
				data-target=".navbar-collapse">
				<span class="sr-only">Toggle navigation</span> <span
					class="icon-bar"></span> <span class="icon-bar"></span> <span
					class="icon-bar"></span>
			</button>
			<a class="navbar-brand" style="padding: 0 50px 0 0" href="http://www.schneider-electric.com/us/en" target="_blank">
  			<img src="/portals/ui/_theme/digest/images/Logo_SE_White_Transparent_RGB.PNG" style="width: 171px; height: 52px;" class="hidden-xs">
			<img src="/portals/ui/_theme/digest/images/Logo_SE_White_Transparent_RGB.PNG" style="width: 85px; height: 26px; margin-top: 9px;" class="visible-xs">
            </a>

              <!-- <a href='/portals/ui/digest/'
	               class="header-logo-link">
	                <img src="/portals/ui/_theme/digest/images/se_logo.gif" class="header-logo">
	           	</a> -->
	            <!-- <a href='/portals/ui/digest/'>
	             Digest 177
	            </a> -->
			<!-- </span>  -->
		</div>

		<div class="navbar-collapse collapse" id="headerMenu">

				<form role="search" action='/portals/ui/digest/search' class="navbar-form navbar-right hidden-xs">
					<div class="form-group">
						<label class="sr-only" for="headerTerm">Search Term</label> <input
							type="text" placeholder="Search" class="form-control"
							id="headerTerm" name="term">
					</div>
                    <button type="submit" class="btn btn-primary">
                        <span class="glyphicon glyphicon-search"></span>
                    </button>
				</form>
				<form role="search" action='/portals/ui/digest/search' class="navbar-form navbar-right navbar-input-group visible-xs">
				    <div class="form-group">
				        <label class="sr-only" for="headerTerm">Search Term</label>
				        <div class="input-group">
				            <input type="text" placeholder="Search" class="form-control"
				                id="headerTerm" name="term">
				            <span class="input-group-btn">
				                <button type="submit" class="btn btn-primary">
				                    <span class="glyphicon glyphicon-search"></span>
				                </button>
				            </span>
				        </div>
				    </div>
				</form>

			<ul class="nav navbar-nav">
                <li><a href="http://www.digestplus-us.schneider-electric.com/" target="_blank">DigestPLUS</a></li>
              	<li><a href='/portals/ui/digest/pages/landingPages/digest177'>Digest 177</a></li>
                <li><a href='/portals/ui/digest/pages/landingPages/digest177_supplement'>Supplemental Digest 177</a></li>
			</ul>
		</div>
	</div>
</header>

<div id="docTitle" class="sectionColor4">
  <div class="container">
    <div class="row">
      <div class="col-xs-12">
        <h3>        <span class="context-title">
          Section 4: Power Monitoring and Control
        </span>
</h3>
      </div>
    </div>
  </div>
</div>

  <div id="floatingDocTitle" class="sectionColor4">
    <div class="container">
      <div class="row">
        <div class="col-xs-12">
          <h3>        <span class="context-title">
          Section 4: Power Monitoring and Control
        </span>
</h3>
        </div>
      </div>
    </div>
  </div>

<!-- END HEADER -->
	
	<div class="container" id="tocPage">
      

      <div class="row">
        <div class="col-sm-10 col-sm-offset-1 col-xs-12 content-container" id="viewerContent"
                 	data-portalKey="562794fee4b05736848a7cb4"
                    data-itemKey="561d5f9ae4b0c5c41a244803"
                    data-projectKey="561d5d65e4b0c5c41a243bf2">
              	
<div class="map bookmap" lang="English_en" data-xtrc="bookmap:1" data-xtrf="harp://561d5d65e4b0c5c41a243bf2/pr/ORIGINAL/Master%20Bookmap%20Content/17704_MAIN%20(bookmap)_0000041932.xml">
   <div class="topicmeta bookmeta" data-xtrc="bookmeta:1" lang="English_en">
      
      <div class="metadata" data-xtrc="metadata:1" lang="English_en">
         
         
      </div>
      
   </div>
   <ul id="toc">
      <li data-refid="PowerLogicEnergyAndPowerManagementS-00BE4322" class="topicref chapter brand:sd tocentry"><span class="topichead">PowerLogic™ Energy and Power Management Systems</span><ul>
            <li data-refid="Introduction-00BEBF77" class="topicref tocentry"><span class="topichead">Introduction</span><ul>
                  <li class="topicref tocentry"><a href="/portals/ui/digest/viewer/561d5d65e4b0c5c41a243bf2/561d5f9ae4b0c5c41a244803/r/Introduction-00BEBF77#_17704002_873042" data-refids=" _17704002_87304">Join the Next Generation of Power and Energy Management</a></li>
                  <li class="topicref tocentry"><a href="/portals/ui/digest/viewer/561d5d65e4b0c5c41a243bf2/561d5f9ae4b0c5c41a244803/r/Introduction-00BEBF77#Application-57C6E6D7" data-refids=" ApplicationCPT_0000048802">Application</a></li>
               </ul>
            </li>
            <li data-refid="PowerMonitoringSoftware-FB996893" class="topicref tocentry"><span class="topichead">Power Monitoring Software</span><ul>
                  <li class="topicref tocentry"><a href="/portals/ui/digest/viewer/561d5d65e4b0c5c41a243bf2/561d5f9ae4b0c5c41a244803/r/PowerMonitoringSoftware-FB996893#_17704004_Heading5_52" data-refids=" _17704004_Heading5_5">StruxureWare Power Monitoring Expert Software</a></li>
                  <li class="topicref tocentry"><a href="/portals/ui/digest/viewer/561d5d65e4b0c5c41a243bf2/561d5f9ae4b0c5c41a244803/r/PowerMonitoringSoftware-FB996893#_17704005_Heading5_52" data-refids=" _17704005_Heading5_5">StruxureWare PowerSCADA Expert</a></li>
                  <li class="topicref tocentry"><a href="/portals/ui/digest/viewer/561d5d65e4b0c5c41a243bf2/561d5f9ae4b0c5c41a244803/r/PowerMonitoringSoftware-FB996893#_17704006_Heading4_82" data-refids=" _17704006_Heading4_8">PowerLogic ION EEM Software</a></li>
               </ul>
            </li>
            <li data-refid="Metering-00BF619F" class="topicref tocentry"><span class="topichead">Power Quality Meters</span><ul>
                  <li class="topicref tocentry"><a href="/portals/ui/digest/viewer/561d5d65e4b0c5c41a243bf2/561d5f9ae4b0c5c41a244803/r/Metering-00BF619F#_17704007_Heading5_42" data-refids=" _17704007_Heading5_4">ION8650 Power and Energy Meters</a></li>
                  <li class="topicref tocentry"><a href="/portals/ui/digest/viewer/561d5d65e4b0c5c41a243bf2/561d5f9ae4b0c5c41a244803/r/Metering-00BF619F#_17704007_Heading5_532" data-refids=" _17704007_Heading5_53">ION7550 and ION7650 Power and Energy Meters</a></li>
                  <li class="topicref tocentry"><a href="/portals/ui/digest/viewer/561d5d65e4b0c5c41a243bf2/561d5f9ae4b0c5c41a244803/r/Metering-00BF619F#_17704011_Heading5_432" data-refids=" _17704011_Heading5_43">Series 4000 Circuit Monitor</a><ul>
                        <li class="topicref tocentry"><a href="/portals/ui/digest/viewer/561d5d65e4b0c5c41a243bf2/561d5f9ae4b0c5c41a244803/r/Metering-00BF619F#_17704011_Heading5_672" data-refids=" _17704011_Heading5_67">PowerLogic Series 4000 Circuit Monitor Optional Displays</a></li>
                     </ul>
                  </li>
                  <li class="topicref tocentry"><a href="/portals/ui/digest/viewer/561d5d65e4b0c5c41a243bf2/561d5f9ae4b0c5c41a244803/r/Metering-00BF619F#PowerLogicPM8000PowerAndEnergyMeter-6B5C7775" data-refids=" PowerLogicPM8000PowerandEnergyMetersCPT_0000056733">PowerLogic PM8000 Power and Energy Meters</a></li>
                  <li class="topicref tocentry"><a href="/portals/ui/digest/viewer/561d5d65e4b0c5c41a243bf2/561d5f9ae4b0c5c41a244803/r/Metering-00BF619F#PowerLogicIONMeterSelection-00C0F0772" data-refids=" PowerLogicIONMeterSelection-00C0F077">Power Quality Meter Selection</a></li>
               </ul>
            </li>
            <li data-refid="PowerAndEnergyMeters-6CE622FB" class="topicref tocentry"><span class="topichead">Power and Energy Meters</span><ul>
                  <li class="topicref tocentry"><a href="/portals/ui/digest/viewer/561d5d65e4b0c5c41a243bf2/561d5f9ae4b0c5c41a244803/r/PowerAndEnergyMeters-6CE622FB#_17704010_Heading5_292" data-refids=" _17704010_Heading5_29">Series 5000 Power Meters</a></li>
                  <li class="topicref tocentry"><a href="/portals/ui/digest/viewer/561d5d65e4b0c5c41a243bf2/561d5f9ae4b0c5c41a244803/r/PowerAndEnergyMeters-6CE622FB#_17704008_Heading5_502" data-refids=" _17704008_Heading5_50">ION6200 Power and Energy Meter</a></li>
                  <li class="topicref tocentry"><a href="/portals/ui/digest/viewer/561d5d65e4b0c5c41a243bf2/561d5f9ae4b0c5c41a244803/r/PowerAndEnergyMeters-6CE622FB#_17704011_Heading5_42" data-refids=" _17704011_Heading5_4">Series 3500 Energy and Power Meter</a></li>
                  <li class="topicref tocentry"><a href="/portals/ui/digest/viewer/561d5d65e4b0c5c41a243bf2/561d5f9ae4b0c5c41a244803/r/PowerAndEnergyMeters-6CE622FB#PowerMeterSelection-6B5FFA842" data-refids=" PowerMeterSelection-6B5FFA84">Power and Energy Meter Selection</a></li>
                  <li class="topicref tocentry"><a href="/portals/ui/digest/viewer/561d5d65e4b0c5c41a243bf2/561d5f9ae4b0c5c41a244803/r/PowerAndEnergyMeters-6CE622FB#_17704013_Heading5_212" data-refids=" _17704013_Heading5_21">PowerLogic E5600 Socket Meter</a></li>
                  <li class="topicref tocentry"><a href="/portals/ui/digest/viewer/561d5d65e4b0c5c41a243bf2/561d5f9ae4b0c5c41a244803/r/PowerAndEnergyMeters-6CE622FB#_17704015_Heading5_52" data-refids=" _17704015_Heading5_5">PowerLogic Energy Meter</a></li>
                  <li class="topicref tocentry"><a href="/portals/ui/digest/viewer/561d5d65e4b0c5c41a243bf2/561d5f9ae4b0c5c41a244803/r/PowerAndEnergyMeters-6CE622FB#_17704015_Heading5_1642" data-refids=" _17704015_Heading5_164">PowerLogic Enercept™ Meter</a><ul>
                        <li class="topicref tocentry"><a href="/portals/ui/digest/viewer/561d5d65e4b0c5c41a243bf2/561d5f9ae4b0c5c41a244803/r/PowerAndEnergyMeters-6CE622FB#PowerLogicInstrumentGrade5AmpSplit--FD10076A2" data-refids=" PowerLogicInstrumentGrade5AmpSplit--FD10076A">PowerLogic Instrument Grade 5 Amp Split-Core Current Transformers</a></li>
                     </ul>
                  </li>
                  <li class="topicref tocentry"><a href="/portals/ui/digest/viewer/561d5d65e4b0c5c41a243bf2/561d5f9ae4b0c5c41a244803/r/PowerAndEnergyMeters-6CE622FB#_17704014_Heading5_1022" data-refids=" _17704014_Heading5_102">Multi Circuit Energy Meters</a></li>
                  <li class="topicref tocentry"><a href="/portals/ui/digest/viewer/561d5d65e4b0c5c41a243bf2/561d5f9ae4b0c5c41a244803/r/PowerAndEnergyMeters-6CE622FB#_17704016_Heading5_42" data-refids=" _17704016_Heading5_4">PowerLogic Branch Circuit Power Meter</a></li>
                  <li class="topicref tocentry"><a href="/portals/ui/digest/viewer/561d5d65e4b0c5c41a243bf2/561d5f9ae4b0c5c41a244803/r/PowerAndEnergyMeters-6CE622FB#_17704016_Heading5_1222" data-refids=" _17704016_Heading5_122">PowerLogic Multi-Circuit Meter</a></li>
                  <li class="topicref tocentry"><a href="/portals/ui/digest/viewer/561d5d65e4b0c5c41a243bf2/561d5f9ae4b0c5c41a244803/r/PowerAndEnergyMeters-6CE622FB#_17704016_Heading5_1392" data-refids=" _17704016_Heading5_139">PowerLogic Submeter Display</a></li>
               </ul>
            </li>
            <li data-refid="Communications-144492FF" class="topicref tocentry"><span class="topichead">Communications</span><ul>
                  <li class="topicref tocentry"><a href="/portals/ui/digest/viewer/561d5d65e4b0c5c41a243bf2/561d5f9ae4b0c5c41a244803/r/Communications-144492FF#_17704017_Heading5_42" data-refids=" _17704017_Heading5_4">Com’X Data Loggers and Energy Servers</a></li>
                  <li class="topicref tocentry"><a href="/portals/ui/digest/viewer/561d5d65e4b0c5c41a243bf2/561d5f9ae4b0c5c41a244803/r/Communications-144492FF#EthernetGateways-00C331AF2" data-refids=" EthernetGateways-00C331AF">Ethernet Gateways</a></li>
               </ul>
            </li>
            <li data-refid="EngineeringServices-023C13D1" class="topicref tocentry"><span class="topichead">Engineering Services</span><ul>
                  <li class="topicref tocentry"><a href="/portals/ui/digest/viewer/561d5d65e4b0c5c41a243bf2/561d5f9ae4b0c5c41a244803/r/EngineeringServices-023C13D1#_17704019_123612" data-refids=" _17704019_12361">Consulting and Analysis</a></li>
               </ul>
            </li>
            <li data-refid="IntegrationAndEquipment-6B623548" class="topicref tocentry"><span class="topichead">Integration and Equipment</span><ul>
                  <li class="topicref tocentry"><a href="/portals/ui/digest/viewer/561d5d65e4b0c5c41a243bf2/561d5f9ae4b0c5c41a244803/r/IntegrationAndEquipment-6B623548#_17704020_Heading5_202" data-refids=" _17704020_Heading5_20">System Integration</a></li>
                  <li class="topicref tocentry"><a href="/portals/ui/digest/viewer/561d5d65e4b0c5c41a243bf2/561d5f9ae4b0c5c41a244803/r/IntegrationAndEquipment-6B623548#FactoryAssembledEquipment-FD221EF32" data-refids=" FactoryAssembledEquipment-FD221EF3">Factory Assembled Equipment</a></li>
                  <li class="topicref tocentry"><a href="/portals/ui/digest/viewer/561d5d65e4b0c5c41a243bf2/561d5f9ae4b0c5c41a244803/r/IntegrationAndEquipment-6B623548#_17704014_Heading5_42" data-refids=" _17704014_Heading5_4">PowerLogic High Density Metering</a></li>
               </ul>
            </li>
            <li data-refid="SupportServices-6B629755" class="topicref tocentry"><span class="topichead">Support Services</span><ul>
                  <li class="topicref tocentry"><a href="/portals/ui/digest/viewer/561d5d65e4b0c5c41a243bf2/561d5f9ae4b0c5c41a244803/r/SupportServices-6B629755#_17704022_Heading5_32" data-refids=" _17704022_Heading5_3">Technical Engineering Support Services</a></li>
                  <li class="topicref tocentry"><a href="/portals/ui/digest/viewer/561d5d65e4b0c5c41a243bf2/561d5f9ae4b0c5c41a244803/r/SupportServices-6B629755#_17704022_Heading5_192" data-refids=" _17704022_Heading5_19">Energy Performance Services</a></li>
                  <li class="topicref tocentry"><a href="/portals/ui/digest/viewer/561d5d65e4b0c5c41a243bf2/561d5f9ae4b0c5c41a244803/r/SupportServices-6B629755#_17704022_Heading5_262" data-refids=" _17704022_Heading5_26">Power Management University (PMU)</a></li>
               </ul>
            </li>
         </ul>
      </li>
      <li data-refid="SepamDigitalProtectiveRelays-FB9A75F9" class="topicref chapter brand:se tocentry"><span class="topichead">Sepam Digital Protective Relays</span><ul>
            <li data-refid="_17704023_66350" class="topicref tocentry"><span class="topichead">Series 20, 40, 60, and 80 Features</span><ul>
                  <li class="topicref tocentry"><a href="/portals/ui/digest/viewer/561d5d65e4b0c5c41a243bf2/561d5f9ae4b0c5c41a244803/r/_17704023_66350#_17704023_Heading5_52" data-refids=" _17704023_Heading5_5">The Sepam Range</a></li>
                  <li class="topicref tocentry"><a href="/portals/ui/digest/viewer/561d5d65e4b0c5c41a243bf2/561d5f9ae4b0c5c41a244803/r/_17704023_66350#_17704024_886182" data-refids=" _17704024_88618">Protection Configurations</a></li>
               </ul>
            </li>
         </ul>
      </li>
      <li data-refid="VAMP221ArcFlashProtectionAndMitigat-FB9AF6BE" class="topicref chapter brand:se tocentry"><span class="topichead">Arc Flash Protection and Mitigation Systems</span><ul>
            <li data-refid="VAMP221-FD2D1296" class="topicref tocentry"><span class="topichead">VAMP V321</span><ul>
                  <li class="topicref tocentry"><a href="/portals/ui/digest/viewer/561d5d65e4b0c5c41a243bf2/561d5f9ae4b0c5c41a244803/r/VAMP221-FD2D1296#_17704025_Heading5_42" data-refids=" _17704025_Heading5_4">VAMP V321 Arc Flash Mitigation System</a></li>
                  <li class="topicref tocentry"><a href="/portals/ui/digest/viewer/561d5d65e4b0c5c41a243bf2/561d5f9ae4b0c5c41a244803/r/VAMP221-FD2D1296#Vamp321IOUnits-38CD0D532" data-refids=" Vamp321IOUnits-38CD0D53">VAMP V321 I/O Units</a></li>
                  <li class="topicref tocentry"><a href="/portals/ui/digest/viewer/561d5d65e4b0c5c41a243bf2/561d5f9ae4b0c5c41a244803/r/VAMP221-FD2D1296#_17704026_1007582" data-refids=" _17704026_100758">VAMP V321 Sensors and Accessories</a></li>
               </ul>
            </li>
         </ul>
      </li>
      <li data-refid="ReactiVar-FD2F76E5" class="topicref chapter brand:sd tocentry"><span class="topichead">ReactiVar™ </span><ul>
            <li data-refid="concept-1-FB8080E110" class="topicref tocentry"><span class="topichead">Power Monitoring and Control</span><ul>
                  <li class="topicref tocentry"><a href="/portals/ui/digest/viewer/561d5d65e4b0c5c41a243bf2/561d5f9ae4b0c5c41a244803/r/concept-1-FB8080E110#_17704027_Heading5_42" data-refids=" _17704027_Heading5_4">Reactive Power Compensation and Harmonic Mitigation Solutions</a></li>
                  <li class="topicref tocentry"><a href="/portals/ui/digest/viewer/561d5d65e4b0c5c41a243bf2/561d5f9ae4b0c5c41a244803/r/concept-1-FB8080E110#_17704028_Heading5_32" data-refids=" _17704028_Heading5_3">Low Voltage Fixed Capacitors</a></li>
                  <li class="topicref tocentry"><a href="/portals/ui/digest/viewer/561d5d65e4b0c5c41a243bf2/561d5f9ae4b0c5c41a244803/r/concept-1-FB8080E110#_17704030_Heading5_32" data-refids=" _17704030_Heading5_3">Low Voltage Standard Automatic Capacitor Banks</a></li>
                  <li class="topicref tocentry"><a href="/portals/ui/digest/viewer/561d5d65e4b0c5c41a243bf2/561d5f9ae4b0c5c41a244803/r/concept-1-FB8080E110#LowVoltageAnti-ResonantAndFiltering-FD9177432" data-refids=" LowVoltageAnti-ResonantAndFiltering-FD917743">Low Voltage Anti-Resonant and Filtering Automatic
                        Capacitor Banks</a></li>
                  <li class="topicref tocentry"><a href="/portals/ui/digest/viewer/561d5d65e4b0c5c41a243bf2/561d5f9ae4b0c5c41a244803/r/concept-1-FB8080E110#_17704030_Heading5_332" data-refids=" _17704030_Heading5_33">CT Selection</a></li>
                  <li class="topicref tocentry"><a href="/portals/ui/digest/viewer/561d5d65e4b0c5c41a243bf2/561d5f9ae4b0c5c41a244803/r/concept-1-FB8080E110#_17704031_Heading5_32" data-refids=" _17704031_Heading5_3">Low Voltage Transient Free Reactive Compensation Capacitor
                        Banks</a></li>
                  <li class="topicref tocentry"><a href="/portals/ui/digest/viewer/561d5d65e4b0c5c41a243bf2/561d5f9ae4b0c5c41a244803/r/concept-1-FB8080E110#_17704032_Heading5_42" data-refids=" _17704032_Heading5_4">Medium Voltage Fixed Capacitors</a></li>
                  <li class="topicref tocentry"><a href="/portals/ui/digest/viewer/561d5d65e4b0c5c41a243bf2/561d5f9ae4b0c5c41a244803/r/concept-1-FB8080E110#_17704032_Heading5_162" data-refids=" _17704032_Heading5_16">Medium Voltage Metal Enclosed Capacitor Systems</a></li>
                  <li class="topicref tocentry"><a href="/portals/ui/digest/viewer/561d5d65e4b0c5c41a243bf2/561d5f9ae4b0c5c41a244803/r/concept-1-FB8080E110#_17704032_Heading5_292" data-refids=" _17704032_Heading5_29">High Voltage Reactive Power Compensation Systems</a></li>
               </ul>
            </li>
         </ul>
      </li>
      <li data-refid="_17704033_47059" class="topicref chapter brand:se tocentry"><span class="topichead">AccuSine™</span><ul>
            <li data-refid="_17704033_Heading2_3" class="topicref tocentry"><span class="topichead">PCS+ Active Harmonic Filter</span><ul>
                  <li class="topicref tocentry"><a href="/portals/ui/digest/viewer/561d5d65e4b0c5c41a243bf2/561d5f9ae4b0c5c41a244803/r/_17704033_Heading2_3#_17704033_Heading4_52" data-refids=" _17704033_Heading4_5">AccuSine PCS+ Active Harmonic Filter (AHF)</a></li>
               </ul>
            </li>
            <li data-refid="PFV-72273102" class="topicref tocentry"><span class="topichead">PFV+</span><ul>
                  <li class="topicref tocentry"><a href="/portals/ui/digest/viewer/561d5d65e4b0c5c41a243bf2/561d5f9ae4b0c5c41a244803/r/PFV-72273102#AccuSinePFVActiveHarmonicFilterAHF-88245023" data-refids=" AccuSinePFVCPT_0000055583">AccuSine PFV+ Active Harmonic Filter (AHF)</a></li>
               </ul>
            </li>
            <li data-refid="CurrentTransformers-722765B3" class="topicref tocentry"><span class="topichead">Current Transformers</span><ul>
                  <li class="topicref tocentry"><a href="/portals/ui/digest/viewer/561d5d65e4b0c5c41a243bf2/561d5f9ae4b0c5c41a244803/r/CurrentTransformers-722765B3#_17704034_Heading5_1212" data-refids=" _17704034_Heading5_121">Round Split-Core Current Transformer (CT) Selection:</a></li>
               </ul>
            </li>
            <li data-refid="_17704035_56864" class="topicref tocentry"><span class="topichead">Hybrid VAR Compensator (HVC)</span><ul>
                  <li class="topicref tocentry"><a href="/portals/ui/digest/viewer/561d5d65e4b0c5c41a243bf2/561d5f9ae4b0c5c41a244803/r/_17704035_56864#_17704035_Heading4_62" data-refids=" _17704035_Heading4_6">Hybrid VAR Compensator (HVC)</a></li>
               </ul>
            </li>
         </ul>
      </li>
   </ul>
</div>        </div>
              
      </div>
          
<script type="text/javascript">
  var refId = '';
  $(document).ready(function() {
    
    function sendFeedback(feedback, type) {
      $.ajax({
        url : HARPPortal.getPortalRpcUrl('feedback'),
        type : type,
        data : JSON.stringify(feedback),
        contentType : 'application/json',
      });
    }

    function confirmFeedback(fromNegative) {
      $('#feedbackComponent').children().fadeOut(500);
      if (fromNegative) {
        $('#feedbackContainer').removeClass('col-xs-12 col-sm-6').addClass('col-sm-3');    
      }
      $('#feedbackComponent').html($('#feedbackConfirm').fadeIn(500));
    }

    $('.feedbackButton').click(function(event) {
      var feedback = {}, contentElement = $("#viewerContent");

      feedback.id = $('body').attr('data-pageId');
      feedback.topicUseful = this.value;
      feedback.portalKey = contentElement.attr("data-portalKey");
      feedback.topicKey = contentElement.attr("data-itemKey");
      feedback.projectKey = contentElement.attr("data-projectKey");
      feedback.parentKey = contentElement.attr("data-parentKey");
      feedback.refId = refId;

      sendFeedback(feedback, 'POST');

      if (this.value === 'false') {
        $('#feedbackComponent').children().fadeOut(500);
        $('#feedbackContainer').removeClass('col-sm-3').addClass('col-xs-12 col-sm-6');
        $('#feedbackComponent').html($('#feedbackComment').fadeIn(500));

        $('#commentButton').click(function() {
          $('#feedbackComponent').off('keypress');
          var comment = $("#feedbackInput").val().trim();
          if (comment !== "") {
            feedback.comment = comment;
            sendFeedback(feedback, 'PUT');
          }
          confirmFeedback(true);
        });

        $('#feedbackInput').focus();

        $('#feedbackComponent').on('keypress', function(e) {
          if (e.which === 13) {
            $('#commentButton').trigger('click');
          }
        });

      } else {
        confirmFeedback();
      }
    });
  });   
</script>

<div class="row">
  <div class="col-sm-3 pull-right" id="feedbackContainer">
    <div id="feedbackComponent">
      <div id="feedbackHelpful">
        <p>Was this helpful?</p>
        <div id="buttonDiv">
          <button class="btn btn-primary btn-xs feedbackButton" value="true">Yes</button>
          <button class="btn btn-primary btn-xs feedbackButton" value="false">No</button>
        </div>
      </div>
    </div>
  </div>
  <div id="feedbackConfirm" style="display: none">Thanks!</div>
  <div id="feedbackComment" style="display: none">
    <label for="feedbackInput">Tell us why!</label><br>
    <textarea rows="4" id="feedbackInput"></textarea><br>
    <button class="btn btn-primary btn-xs" id="commentButton">Send</button>
  </div>
</div>
                        
        <div class="col-sm-10 col-sm-offset-1 col-xs-11">

         </div>
          
	</div>
<!-- BEGIN footer -->
<footer class="navbar navbar-default harp-portal-footer" style="width: 100%; margin: 20px 0 0 0;"> <!-- navbar-fixed-bottom  -->
	<div class="container">
  <p class="navbar-text navbar-left hidden-xs">
    <span class="glyphicon glyphicon-qrcode" id="qrcodeLink"
          title="Show QR code for this page"></span>
  </p>
  <img src="/portals/qrgen?url=http%3A%2F%2Fwww.productinfo.schneider-electric.com%2Fportals%2Fui%2Fdigest%2Fviewer%2F561d5d65e4b0c5c41a243bf2%2Fnocontext%2FMaster%2BBookmap%2BContent%2F17704_MAIN%2B(bookmap)_0000041932.xml&size=180"
       id="qrcode"
       style="width: 180px; height: 180px;"
       alt="QR code for this page"
       title="QR code for this page">
<script>
  $(function() {
    var $qr = $('#qrcode')
    , $link = $('#qrcodeLink')
    , on = $qr.is('visible')
    , shown = false;
    ;

    function show() {
      var pos = $link.position();
      $qr.css({
        left: pos.left + 'px',
        bottom: ($link.outerHeight() + 20) + 'px'
      });
      $qr.fadeIn();
      on = true;
      shown = true;
    }

    function toggle() {
      if (on) {
        $qr.fadeOut();
        on = false;
      } else {
        show();
      }
    }

    $link.click(toggle);
    $qr.click(toggle);
    $link.mouseover(function() {
      if (!shown) {
        show();
      }
    });
  });
</script>
<!--		<p class="navbar-text navbar-right">
			<a href="https://td-demo.titaniasoftware.com/portals/ui/website/pages/product/delivery"
				class="navbar-link harp-footer-link" target="_blank">Powered by Titania Delivery</a>
		      <a id="footerLogo" href="http://www.titaniasoftware.com"
                class="navbar-link harp-footer-link" target="_blank">
                <img src="/portals/ui/_theme/digest/images/titania-logo_128w.png"
                        style="width: 43px; height: 16px;" alt="Titania Delivery" title="Titania Delivery">
             </a>
		</p>-->
	</div>
</footer>
<!-- END footer --></body>
</html>