<!DOCTYPE html>
<html>
<head>
<link rel="shortcut icon" href="/portals/ui/_theme/digest/favicon.ico" mce_href="/portals/ui/_theme/digest/favicon.ico" type="image/x-icon"/>
<meta name="viewport" content="width=device-width, initial-scale=1.0">
<meta http-equiv="X-UA-Compatible" content="IE=11">
<!-- HTML5 Shim and Respond.js IE8 support of HTML5 elements and media queries -->
<!--[if lt IE 9]>
  <script src="https://oss.maxcdn.com/libs/html5shiv/3.7.0/html5shiv.js"></script>
  <script src="https://oss.maxcdn.com/libs/respond.js/1.3.0/respond.min.js"></script>
<![endif]-->

<title>Section 7: Miniature and Molded Case Circuit Breakers - Digest 177</title>

<script type="text/javascript" src="/portals/resources/scripts/libs/jquery-1.11.0.min.js"></script>

<script type="text/javascript" src="/portals/ui/_theme/digest/scripts/bannerfix.js"></script>
<link rel="stylesheet" href="/portals/ui/_theme/digest/style/harp-portals.less"></link>
<script type="text/javascript" src="/portals/ui/_theme/digest/scripts/bootstrap.min.js"></script>
<script type="text/javascript" src="/portals/resources/scripts/harp-sdk.js"></script><link rel="stylesheet" href="/portals/resources/cm/cm.css"></link>
<script type="text/javascript" src="/portals/resources/scripts/libs/moment.min.js"></script>
<script type="text/javascript" src="/portals/resources/cm/cm.js"></script>

<script>
  (function(i,s,o,g,r,a,m){i['GoogleAnalyticsObject']=r;i[r]=i[r]||function(){
  (i[r].q=i[r].q||[]).push(arguments)},i[r].l=1*new Date();a=s.createElement(o),
  m=s.getElementsByTagName(o)[0];a.async=1;a.src=g;m.parentNode.insertBefore(a,m)
  })(window,document,'script','//www.google-analytics.com/analytics.js','ga');

  ga('create', 'UA-39869895-2', 'auto');
  ga('send', 'pageview');

</script>

<script>
$(function() {
    $('li.topicref.harp-portal-filter-exclude > a').click(function(e) {
        alert("This content is currently unavailable.");
        e.preventDefault();
        return false;
    });
});
</script>

</head>

<body class="readerPage" data-pageId=f9c4ab7d-532f-4bda-ae89-00e19da3d5fc>


<!-- BEGIN HEADER -->
<header class="navbar navbar-default" id="harp-header-bar" role="navigation">
	<div class="container">
		<div class="navbar-header">
			<button type="button" class="navbar-toggle" data-toggle="collapse"
				data-target=".navbar-collapse">
				<span class="sr-only">Toggle navigation</span> <span
					class="icon-bar"></span> <span class="icon-bar"></span> <span
					class="icon-bar"></span>
			</button>
			<a class="navbar-brand" style="padding: 0 50px 0 0" href="http://www.schneider-electric.com/us/en" target="_blank">
  			<img src="/portals/ui/_theme/digest/images/Logo_SE_White_Transparent_RGB.PNG" style="width: 171px; height: 52px;" class="hidden-xs">
			<img src="/portals/ui/_theme/digest/images/Logo_SE_White_Transparent_RGB.PNG" style="width: 85px; height: 26px; margin-top: 9px;" class="visible-xs">
            </a>

              <!-- <a href='/portals/ui/digest/'
	               class="header-logo-link">
	                <img src="/portals/ui/_theme/digest/images/se_logo.gif" class="header-logo">
	           	</a> -->
	            <!-- <a href='/portals/ui/digest/'>
	             Digest 177
	            </a> -->
			<!-- </span>  -->
		</div>

		<div class="navbar-collapse collapse" id="headerMenu">

				<form role="search" action='/portals/ui/digest/search' class="navbar-form navbar-right hidden-xs">
					<div class="form-group">
						<label class="sr-only" for="headerTerm">Search Term</label> <input
							type="text" placeholder="Search" class="form-control"
							id="headerTerm" name="term">
					</div>
                    <button type="submit" class="btn btn-primary">
                        <span class="glyphicon glyphicon-search"></span>
                    </button>
				</form>
				<form role="search" action='/portals/ui/digest/search' class="navbar-form navbar-right navbar-input-group visible-xs">
				    <div class="form-group">
				        <label class="sr-only" for="headerTerm">Search Term</label>
				        <div class="input-group">
				            <input type="text" placeholder="Search" class="form-control"
				                id="headerTerm" name="term">
				            <span class="input-group-btn">
				                <button type="submit" class="btn btn-primary">
				                    <span class="glyphicon glyphicon-search"></span>
				                </button>
				            </span>
				        </div>
				    </div>
				</form>

			<ul class="nav navbar-nav">
                <li><a href="http://www.digestplus-us.schneider-electric.com/" target="_blank">DigestPLUS</a></li>
              	<li><a href='/portals/ui/digest/pages/landingPages/digest177'>Digest 177</a></li>
                <li><a href='/portals/ui/digest/pages/landingPages/digest177_supplement'>Supplemental Digest 177</a></li>
			</ul>
		</div>
	</div>
</header>

<div id="docTitle" class="sectionColor7">
  <div class="container">
    <div class="row">
      <div class="col-xs-12">
        <h3>        <span class="context-title">
          Section 7: Miniature and Molded Case Circuit Breakers
        </span>
</h3>
      </div>
    </div>
  </div>
</div>

  <div id="floatingDocTitle" class="sectionColor7">
    <div class="container">
      <div class="row">
        <div class="col-xs-12">
          <h3>        <span class="context-title">
          Section 7: Miniature and Molded Case Circuit Breakers
        </span>
</h3>
        </div>
      </div>
    </div>
  </div>

<!-- END HEADER -->
	
	<div class="container" id="tocPage">
      

      <div class="row">
        <div class="col-sm-10 col-sm-offset-1 col-xs-12 content-container" id="viewerContent"
                 	data-portalKey="562794fee4b05736848a7cb4"
                    data-itemKey="561d5f9ae4b0c5c41a24480c"
                    data-projectKey="561d5d65e4b0c5c41a243bf2">
              	
<div class="map bookmap" lang="English_en" data-xtrc="bookmap:1" data-xtrf="harp://561d5d65e4b0c5c41a243bf2/pr/ORIGINAL/Master%20Bookmap%20Content/17707_MAIN%20(bookmap)_0000054602.xml">
   <div class="topicmeta bookmeta" data-xtrc="bookmeta:1" lang="English_en">
      
      <div class="metadata" data-xtrc="metadata:1" lang="English_en">
         
         
      </div>
      
   </div>
   <ul id="toc">
      <li data-refid="_17707002_42496" class="topicref chapter brand:sd tocentry"><span class="topichead">Selection Information</span><ul>
            <li data-refid="_17707002_10885" class="topicref tocentry"><span class="topichead">Miniature Circuit Breakers</span><ul>
                  <li class="topicref tocentry"><a href="/portals/ui/digest/viewer/561d5d65e4b0c5c41a243bf2/561d5f9ae4b0c5c41a24480c/r/_17707002_10885#HOMQO-185D9A3A5" data-refids=" HOMQO-185D9A3A">QO Miniature Circuit Breakers</a></li>
                  <li class="topicref tocentry"><a href="/portals/ui/digest/viewer/561d5d65e4b0c5c41a243bf2/561d5f9ae4b0c5c41a24480c/r/_17707002_10885#HOMQO-185D9A3A6" data-refids=" HOMQO-185D9A3A2">QO-GFI, QO-EPD, QOU, QOM Miniature Circuit Breakers</a></li>
                  <li class="topicref tocentry"><a href="/portals/ui/digest/viewer/561d5d65e4b0c5c41a243bf2/561d5f9ae4b0c5c41a24480c/r/_17707002_10885#HOMQO-185D9A3A7" data-refids=" HOMQO-185D9A3A3">HOM Circuit Breakers</a></li>
                  <li class="topicref tocentry"><a href="/portals/ui/digest/viewer/561d5d65e4b0c5c41a243bf2/561d5f9ae4b0c5c41a24480c/r/_17707002_10885#HOMQO-185D9A3A8" data-refids=" HOMQO-185D9A3A4">Multi 9, EDB Miniature Circuit Breakers</a></li>
               </ul>
            </li>
            <li data-refid="_17707004_10625" class="topicref tocentry"><span class="topichead">Molded Case Circuit Breakers</span><ul>
                  <li class="topicref tocentry"><a href="/portals/ui/digest/viewer/561d5d65e4b0c5c41a243bf2/561d5f9ae4b0c5c41a24480c/r/_17707004_10625#H-J-Frame-185DEDA92" data-refids=" H-J-Frame-185DEDA9">B-, H-, J-Frame Molded Case Circuit Breakers</a></li>
                  <li class="topicref tocentry"><a href="/portals/ui/digest/viewer/561d5d65e4b0c5c41a243bf2/561d5f9ae4b0c5c41a24480c/r/_17707004_10625#Q-L-Frame-185E34CD2" data-refids=" Q-L-Frame-185E34CD">PowerPact™ Q-, L-Frame Molded Case Circuit Breakers</a></li>
                  <li class="topicref tocentry"><a href="/portals/ui/digest/viewer/561d5d65e4b0c5c41a243bf2/561d5f9ae4b0c5c41a24480c/r/_17707004_10625#M-P-AndR-Frame-185E94D52" data-refids=" M-P-AndR-Frame-185E94D5">M-, P-, and R-Frame Molded Case Circuit Breakers</a></li>
               </ul>
            </li>
            <li data-refid="_17707007_72733" class="topicref tocentry"><span class="topichead">Insulated Case Circuit Breakers</span><ul>
                  <li class="topicref tocentry"><a href="/portals/ui/digest/viewer/561d5d65e4b0c5c41a243bf2/561d5f9ae4b0c5c41a24480c/r/_17707007_72733#MasterpactNTNWMoldedCaseCircuitBrea-7FD204BE" data-refids=" MasterpactNTNWMoldedCaseCircuitBreakersCPT_0000069168">Masterpact NT, NW Molded Case Circuit Breakers</a></li>
               </ul>
            </li>
            <li data-refid="_17707008_10625" class="topicref tocentry"><span class="topichead">Molded Case Circuit Breakers</span><ul>
                  <li class="topicref tocentry"><a href="/portals/ui/digest/viewer/561d5d65e4b0c5c41a243bf2/561d5f9ae4b0c5c41a24480c/r/_17707008_10625#FMCCB-185EF5212" data-refids=" FMCCB-185EF521">Q4 and L-Frame Molded Case Circuit Breakers</a></li>
               </ul>
            </li>
         </ul>
      </li>
      <li data-refid="_17707010_66113" class="topicref chapter brand:sd tocentry"><span class="topichead">QO™ and QOU Miniature Circuit Breakers</span><ul>
            <li data-refid="QOPlug-OnCircuitBreakersCPT_0000056456" class="topicref tocentry"><span class="topichead">QO Plug-On Circuit Breakers</span><ul>
                  <li class="topicref tocentry"><a href="/portals/ui/digest/viewer/561d5d65e4b0c5c41a243bf2/561d5f9ae4b0c5c41a24480c/r/QOPlug-OnCircuitBreakersCPT_0000056456#QOPlug-OnCircuitBreakers-1E0FA097" data-refids=" QOPlug-OnCircuitBreakersCPT_0000056430">QO Plug-On Circuit Breakers</a></li>
                  <li class="topicref tocentry"><a href="/portals/ui/digest/viewer/561d5d65e4b0c5c41a243bf2/561d5f9ae4b0c5c41a24480c/r/QOPlug-OnCircuitBreakersCPT_0000056456#QOQOBRingTerminal-1E1109B8" data-refids=" QO_QOBRingTerminalCPT_0000056454">QO/QOB Ring Terminal</a></li>
                  <li class="topicref tocentry"><a href="/portals/ui/digest/viewer/561d5d65e4b0c5c41a243bf2/561d5f9ae4b0c5c41a24480c/r/QOPlug-OnCircuitBreakersCPT_0000056456#WireSizes-1E1121FB" data-refids=" WireSizesforQO_QOBPlug-OnCircuitBreakersCPT_0000056453">Wire Sizes for QO/QOB Circuit Breakers</a></li>
                  <li class="topicref tocentry"><a href="/portals/ui/digest/viewer/561d5d65e4b0c5c41a243bf2/561d5f9ae4b0c5c41a24480c/r/QOPlug-OnCircuitBreakersCPT_0000056456#QOTTandemCircuitBreakers-1E113C99" data-refids=" QOTTandemCircuitBreakersCPT_0000056452">QOT Tandem Circuit Breakers</a></li>
                  <li class="topicref tocentry"><a href="/portals/ui/digest/viewer/561d5d65e4b0c5c41a243bf2/561d5f9ae4b0c5c41a24480c/r/QOPlug-OnCircuitBreakersCPT_0000056456#_17701003_Heading5_4" data-refids=" QOArc-FaultCircuitBreakerCPT_0000056450">QO Arc-Fault Circuit Breaker</a></li>
                  <li class="topicref tocentry"><a href="/portals/ui/digest/viewer/561d5d65e4b0c5c41a243bf2/561d5f9ae4b0c5c41a24480c/r/QOPlug-OnCircuitBreakersCPT_0000056456#_17701003_Heading5_72" data-refids=" QO-DualFunctionCircuitBreakerCPT_0000056449">QO-Dual Function Circuit Breaker</a></li>
                  <li class="topicref tocentry"><a href="/portals/ui/digest/viewer/561d5d65e4b0c5c41a243bf2/561d5f9ae4b0c5c41a24480c/r/QOPlug-OnCircuitBreakersCPT_0000056456#_17701003_Heading5_111" data-refids=" QO-GFICPT_0000056478">QO-GFI</a></li>
                  <li class="topicref tocentry"><a href="/portals/ui/digest/viewer/561d5d65e4b0c5c41a243bf2/561d5f9ae4b0c5c41a24480c/r/QOPlug-OnCircuitBreakersCPT_0000056456#_17701003_Heading5_204" data-refids=" QO-EPD_EPECPT_0000056477">QO-EPD/EPE</a></li>
                  <li class="topicref tocentry"><a href="/portals/ui/digest/viewer/561d5d65e4b0c5c41a243bf2/561d5f9ae4b0c5c41a24480c/r/QOPlug-OnCircuitBreakersCPT_0000056456#_17701003_Heading5_294" data-refids=" QO-SWNCPT_0000056476">QO-SWN</a></li>
                  <li class="topicref tocentry"><a href="/portals/ui/digest/viewer/561d5d65e4b0c5c41a243bf2/561d5f9ae4b0c5c41a24480c/r/QOPlug-OnCircuitBreakersCPT_0000056456#_17701003_Heading5_349" data-refids=" QO-HIDCPT_0000056475">QO-HID</a></li>
                  <li class="topicref tocentry"><a href="/portals/ui/digest/viewer/561d5d65e4b0c5c41a243bf2/561d5f9ae4b0c5c41a24480c/r/QOPlug-OnCircuitBreakersCPT_0000056456#_17701027_Heading5_293" data-refids=" QO-KCPT_0000056474">QO-K</a></li>
                  <li class="topicref tocentry"><a href="/portals/ui/digest/viewer/561d5d65e4b0c5c41a243bf2/561d5f9ae4b0c5c41a24480c/r/QOPlug-OnCircuitBreakersCPT_0000056456#_17701003_Heading5_416" data-refids=" QO-HMCPT_0000056473">QO-HM</a></li>
                  <li class="topicref tocentry"><a href="/portals/ui/digest/viewer/561d5d65e4b0c5c41a243bf2/561d5f9ae4b0c5c41a24480c/r/QOPlug-OnCircuitBreakersCPT_0000056456#_17701003_Heading5_432" data-refids=" Non-automaticStandardMiniatureSwitchesCPT_0000056472">Non-Automatic (Standard) Miniature Switches</a></li>
               </ul>
            </li>
            <li data-refid="AccessoriesCPT_0000056471" class="topicref tocentry"><span class="topichead">Accessories</span><ul>
                  <li class="topicref tocentry"><a href="/portals/ui/digest/viewer/561d5d65e4b0c5c41a243bf2/561d5f9ae4b0c5c41a24480c/r/AccessoriesCPT_0000056471#AccessoriesForQOQOBCircuitBreakers-1E14C3B7" data-refids=" AccessoriesforQO_QOBCircuitBreakersCPT_0000056469">Accessories for QO/QOB Circuit Breakers</a></li>
                  <li class="topicref tocentry"><a href="/portals/ui/digest/viewer/561d5d65e4b0c5c41a243bf2/561d5f9ae4b0c5c41a24480c/r/AccessoriesCPT_0000056471#_17701004_Heading5_123" data-refids=" Factory-InstalledAccessoriesforusewithQOandQOBMiniatureCircuit_0000056498">Factory-Installed Accessories for use with QO and QOB Miniature
                        Circuit Breakers</a></li>
               </ul>
            </li>
            <li data-refid="_17707013_75589" class="topicref tocentry"><span class="topichead">QO™ and Multi 9™ Mounting Bases</span><ul>
                  <li class="topicref tocentry"><a href="/portals/ui/digest/viewer/561d5d65e4b0c5c41a243bf2/561d5f9ae4b0c5c41a24480c/r/_17707013_75589#QOMulti9MountingBases-186030DD2" data-refids=" QOMulti9MountingBases-186030DD">QO Mounting Bases</a></li>
                  <li class="topicref tocentry"><a href="/portals/ui/digest/viewer/561d5d65e4b0c5c41a243bf2/561d5f9ae4b0c5c41a24480c/r/_17707013_75589#Multi9-223E97772" data-refids=" Multi9-223E9777">Multi 9 Mounting Bases</a></li>
               </ul>
            </li>
            <li data-refid="_17707014_19606" class="topicref tocentry"><span class="topichead">QOU Miniature Circuit Breakers / QYU Supplementary Protectors</span><ul>
                  <li class="topicref tocentry"><a href="/portals/ui/digest/viewer/561d5d65e4b0c5c41a243bf2/561d5f9ae4b0c5c41a24480c/r/_17707014_19606#_17707014_Heading5_42" data-refids=" _17707014_Heading5_4">Low Ampere QOU Miniature Circuit Breakers</a></li>
                  <li class="topicref tocentry"><a href="/portals/ui/digest/viewer/561d5d65e4b0c5c41a243bf2/561d5f9ae4b0c5c41a24480c/r/_17707014_19606#_17707014_Heading5_2582" data-refids=" _17707014_Heading5_258">High Ampere QOU Circuit Breakers</a></li>
               </ul>
            </li>
            <li data-refid="_17707015_42201" class="topicref tocentry"><span class="topichead">QOU Accessories</span><ul>
                  <li class="topicref tocentry"><a href="/portals/ui/digest/viewer/561d5d65e4b0c5c41a243bf2/561d5f9ae4b0c5c41a24480c/r/_17707015_42201#QOUAccessories-1860B5A42" data-refids=" QOUAccessories-1860B5A4">QOU Accessories</a></li>
                  <li class="topicref tocentry"><a href="/portals/ui/digest/viewer/561d5d65e4b0c5c41a243bf2/561d5f9ae4b0c5c41a24480c/r/_17707015_42201#_17707015_Heading5_2092" data-refids=" _17707015_Heading5_209">QOUQ Low Ampere Circuit Breakers</a></li>
               </ul>
            </li>
         </ul>
      </li>
      <li data-refid="Homeline™CircuitBreakersCPT_0000056533" class="topicref chapter tocentry"><span class="topichead">Homeline™ Circuit Breakers</span><ul>
            <li data-refid="Section1Info-6AC9BEE0" class="topicref tocentry"><span class="topichead">Miniature and Molded Case Circuit Breakers</span><ul>
                  <li class="topicref tocentry"><a href="/portals/ui/digest/viewer/561d5d65e4b0c5c41a243bf2/561d5f9ae4b0c5c41a24480c/r/Section1Info-6AC9BEE0#HOMELINEPlug-OnCircuitBreaker-1E239C3C" data-refids=" HomelinePlug-OnCircuitBreakersCPT_0000056530">Homeline Plug-On Circuit Breakers</a></li>
                  <li class="topicref tocentry"><a href="/portals/ui/digest/viewer/561d5d65e4b0c5c41a243bf2/561d5f9ae4b0c5c41a24480c/r/Section1Info-6AC9BEE0#HomelineHighMagneticHMCircuitBreake-1E241909" data-refids=" HomelineHighMagneticHMCircuitBreakersCPT_0000056529">Homeline High Magnetic (HM) Circuit Breakers</a></li>
                  <li class="topicref tocentry"><a href="/portals/ui/digest/viewer/561d5d65e4b0c5c41a243bf2/561d5f9ae4b0c5c41a24480c/r/Section1Info-6AC9BEE0#HomelineCombinationArcFaultCircuitI-1E245780" data-refids=" HomelineCombinationArcFaultCircuitInterruptorsHOM-CAFICPT_0000056548">Homeline Combination Arc Fault Circuit Interruptors (HOM-CAFI)</a></li>
                  <li class="topicref tocentry"><a href="/portals/ui/digest/viewer/561d5d65e4b0c5c41a243bf2/561d5f9ae4b0c5c41a24480c/r/Section1Info-6AC9BEE0#HomelineDualFunctionCircuitBreakerH-1E24BDF8" data-refids=" HomelineDualFunctionCircuitBreakerHOM-DFCPT_0000056547">Homeline Dual Function Circuit Breaker (HOM-DF)</a></li>
                  <li class="topicref tocentry"><a href="/portals/ui/digest/viewer/561d5d65e4b0c5c41a243bf2/561d5f9ae4b0c5c41a24480c/r/Section1Info-6AC9BEE0#HomelineGFIHOM-GFI-1E256C82" data-refids=" HomelineGFIHOM-GFICPT_0000056546">Homeline GFI (HOM-GFI)</a></li>
                  <li class="topicref tocentry"><a href="/portals/ui/digest/viewer/561d5d65e4b0c5c41a243bf2/561d5f9ae4b0c5c41a24480c/r/Section1Info-6AC9BEE0#HomelineEquipmentProtectionDeviceHO-1E25B947" data-refids=" HomelineEquipmentProtectionDeviceHOM-EPDCPT_0000056545">Homeline Equipment Protection Device (HOM-EPD)</a></li>
                  <li class="topicref tocentry"><a href="/portals/ui/digest/viewer/561d5d65e4b0c5c41a243bf2/561d5f9ae4b0c5c41a24480c/r/Section1Info-6AC9BEE0#HOMTTandem-1E25DF90" data-refids=" HOMTTandemandHOMTQuadTandemCircuitBreakersCPT_0000056544">HOMT Tandem and HOMT Quad Tandem Circuit Breakers</a></li>
                  <li class="topicref tocentry"><a href="/portals/ui/digest/viewer/561d5d65e4b0c5c41a243bf2/561d5f9ae4b0c5c41a24480c/r/Section1Info-6AC9BEE0#HOMELINECircuitBreakerWireSizes-1E26B968" data-refids=" HomelineCircuitBreakerWireSizesCPT_0000056543">Homeline Circuit Breaker Wire Sizes</a></li>
                  <li class="topicref tocentry"><a href="/portals/ui/digest/viewer/561d5d65e4b0c5c41a243bf2/561d5f9ae4b0c5c41a24480c/r/Section1Info-6AC9BEE0#HomelineCircuitBreakerAccessories-1E26E5B2" data-refids=" HomelineCircuitBreakerAccessoriesCPT_0000056542">Accessories for Homeline Circuit Breakers</a></li>
               </ul>
            </li>
         </ul>
      </li>
      <li data-refid="_17707016_22756" class="topicref chapter brand:sd tocentry"><span class="topichead">Multi 9™ Miniature Circuit Breakers</span><ul>
            <li data-refid="_17707016_74423" class="topicref tocentry"><span class="topichead">UL 489 C60 Miniature Circuit Breakers</span><ul>
                  <li class="topicref tocentry"><a href="/portals/ui/digest/viewer/561d5d65e4b0c5c41a243bf2/561d5f9ae4b0c5c41a24480c/r/_17707016_74423#_17707016_Heading5_42" data-refids=" _17707016_Heading5_4">Multi 9 C60 UL 489 Listed 240 V Miniature Circuit Breakers</a></li>
               </ul>
            </li>
            <li data-refid="_17707017_81243" class="topicref tocentry"><span class="topichead">UL 489 C60 480 Vac and UL489A C60 Miniature Circuit Breakers </span><ul>
                  <li class="topicref tocentry"><a href="/portals/ui/digest/viewer/561d5d65e4b0c5c41a243bf2/561d5f9ae4b0c5c41a24480c/r/_17707017_81243#_17707017_Heading5_42" data-refids=" _17707017_Heading5_4">Multi 9 C60 UL 489 Listed 480V Miniature Circuit Breakers</a></li>
                  <li class="topicref tocentry"><a href="/portals/ui/digest/viewer/561d5d65e4b0c5c41a243bf2/561d5f9ae4b0c5c41a24480c/r/_17707017_81243#_17707017_Heading5_3412" data-refids=" _17707017_Heading5_341">Multi 9 C60 UL 489A Listed Miniature Circuit Breakers for DC
                        Telecommunication Applications</a></li>
               </ul>
            </li>
            <li data-refid="_17707018_69659" class="topicref tocentry"><span class="topichead">UL1077 C60H Circuit Breakers, UL1053 Ground Fault Protectors</span><ul>
                  <li class="topicref tocentry"><a href="/portals/ui/digest/viewer/561d5d65e4b0c5c41a243bf2/561d5f9ae4b0c5c41a24480c/r/_17707018_69659#_17707018_Heading5_42" data-refids=" _17707018_Heading5_4">Multi 9 C60H-DC UL 1077 Recognized Supplementary Protectors
                        (250 and 500 Vdc)</a></li>
                  <li class="topicref tocentry"><a href="/portals/ui/digest/viewer/561d5d65e4b0c5c41a243bf2/561d5f9ae4b0c5c41a24480c/r/_17707018_69659#_17707018_Heading5_1132" data-refids=" _17707018_Heading5_113">Multi 9 UL1053 Listed GFP Ground Fault Protectors</a></li>
               </ul>
            </li>
            <li data-refid="_17707019_97251" class="topicref tocentry"><span class="topichead">UL 1077 C60 Supplementary Protectors </span><ul>
                  <li class="topicref tocentry"><a href="/portals/ui/digest/viewer/561d5d65e4b0c5c41a243bf2/561d5f9ae4b0c5c41a24480c/r/_17707019_97251#UL1077C60-18615A5D2" data-refids=" UL1077C60-18615A5D">UL 1077 Multi 9 C60 Miniature Circuit Breakers</a></li>
               </ul>
            </li>
            <li data-refid="_17707020_40540" class="topicref tocentry"><span class="topichead">C60 Accessories</span><ul>
                  <li class="topicref tocentry"><a href="/portals/ui/digest/viewer/561d5d65e4b0c5c41a243bf2/561d5f9ae4b0c5c41a24480c/r/_17707020_40540#C60Accessories-1861A3F72" data-refids=" C60Accessories-1861A3F7">Multi 9 C60 Accessories</a></li>
               </ul>
            </li>
         </ul>
      </li>
      <li data-refid="_17707022_92756" class="topicref chapter brand:sd tocentry"><span class="topichead">PowerPact™ Molded Case Circuit Breakers</span><ul>
            <li data-refid="_17707021_83351" class="topicref tocentry"><span class="topichead">PowerPact Family</span><ul>
                  <li class="topicref tocentry"><a href="/portals/ui/digest/viewer/561d5d65e4b0c5c41a243bf2/561d5f9ae4b0c5c41a24480c/r/_17707021_83351#_17707021_649642" data-refids=" _17707021_64964">The PowerPact Advantage</a></li>
               </ul>
            </li>
            <li data-refid="B-FrameCircuitBreakers-4944238A" class="topicref tocentry"><span class="topichead">B-Frame Circuit Breakers</span><ul>
                  <li class="topicref tocentry"><a href="/portals/ui/digest/viewer/561d5d65e4b0c5c41a243bf2/561d5f9ae4b0c5c41a24480c/r/B-FrameCircuitBreakers-4944238A#PowerPactB-Frame-49445C8F2" data-refids=" PowerPactB-Frame-49445C8F">PowerPact B-Frame Circuit Breakers</a></li>
               </ul>
            </li>
            <li data-refid="_17707022_49257" class="topicref tocentry"><span class="topichead">H- and J-Frame Circuit Breakers</span><ul>
                  <li class="topicref tocentry"><a href="/portals/ui/digest/viewer/561d5d65e4b0c5c41a243bf2/561d5f9ae4b0c5c41a24480c/r/_17707022_49257#PowerPactHJ-1861F8B92" data-refids=" PowerPactHJ-1861F8B9">PowerPact H- and J-Frame Circuit Breakers</a></li>
               </ul>
            </li>
            <li data-refid="_17707024_27094" class="topicref tocentry"><span class="topichead">Q-Frame Circuit Breakers</span><ul>
                  <li class="topicref tocentry"><a href="/portals/ui/digest/viewer/561d5d65e4b0c5c41a243bf2/561d5f9ae4b0c5c41a24480c/r/_17707024_27094#Q-frame-186299EE2" data-refids=" Q-frame-186299EE">Q-Frame Molded Case Circuit Breakers</a></li>
               </ul>
            </li>
            <li data-refid="_17707025_73276" class="topicref tocentry"><span class="topichead">L-Frame Circuit Breakers</span><ul>
                  <li class="topicref tocentry"><a href="/portals/ui/digest/viewer/561d5d65e4b0c5c41a243bf2/561d5f9ae4b0c5c41a24480c/r/_17707025_73276#PowerPactL-186313C92" data-refids=" PowerPactL-186313C9">PowerPact L-Frame Molded Case Circuit Breakers</a></li>
               </ul>
            </li>
            <li data-refid="_17707026_74529" class="topicref tocentry"><span class="topichead">M-Frame Circuit Breakers</span><ul>
                  <li class="topicref tocentry"><a href="/portals/ui/digest/viewer/561d5d65e4b0c5c41a243bf2/561d5f9ae4b0c5c41a24480c/r/_17707026_74529#PowerPactM-18784FC92" data-refids=" PowerPactM-18784FC9">PowerPact M-Frame Molded Case Circuit Breakers</a></li>
               </ul>
            </li>
            <li data-refid="_17707027_50988" class="topicref tocentry"><span class="topichead">P-Frame Circuit Breakers</span><ul>
                  <li class="topicref tocentry"><a href="/portals/ui/digest/viewer/561d5d65e4b0c5c41a243bf2/561d5f9ae4b0c5c41a24480c/r/_17707027_50988#PowerPactP-187870A32" data-refids=" PowerPactP-187870A3">PowerPact P-Frame Molded Case Circuit Breakers</a></li>
               </ul>
            </li>
            <li data-refid="_17707028_21839" class="topicref tocentry"><span class="topichead">R-Frame Circuit Breakers</span><ul>
                  <li class="topicref tocentry"><a href="/portals/ui/digest/viewer/561d5d65e4b0c5c41a243bf2/561d5f9ae4b0c5c41a24480c/r/_17707028_21839#PowerPactR-18798DFA2" data-refids=" PowerPactR-18798DFA">PowerPact R-Frame Molded Case Circuit Breakers</a></li>
               </ul>
            </li>
         </ul>
      </li>
      <li data-refid="_17707029_13005" class="topicref chapter brand:sd tocentry"><span class="topichead">Motor Circuit Protectors</span><ul>
            <li data-refid="_17707029_29263" class="topicref tocentry"><span class="topichead">PowerPact™ H- and J-Frame Electronic Motor Circuit Protectors</span><ul>
                  <li class="topicref tocentry"><a href="/portals/ui/digest/viewer/561d5d65e4b0c5c41a243bf2/561d5f9ae4b0c5c41a24480c/r/_17707029_29263#MCPSelection-1879AC162" data-refids=" MCPSelection-1879AC16">Motor Circuit Protection Selection</a></li>
               </ul>
            </li>
            <li data-refid="_17707030_32396" class="topicref tocentry"><span class="topichead">H-Frame and J-Frame MCP Selector</span><ul>
                  <li class="topicref tocentry"><a href="/portals/ui/digest/viewer/561d5d65e4b0c5c41a243bf2/561d5f9ae4b0c5c41a24480c/r/_17707030_32396#HJMCP-1879CD5A2" data-refids=" HJMCP-1879CD5A">H-, J-Frame Motor Circuit Protectors</a></li>
               </ul>
            </li>
            <li data-refid="InstantaneousTripInfo-80754C3D" class="topicref tocentry"><span class="topichead">Instantaneous Trip Circuit Breakers</span><ul>
                  <li class="topicref tocentry"><a href="/portals/ui/digest/viewer/561d5d65e4b0c5c41a243bf2/561d5f9ae4b0c5c41a24480c/r/InstantaneousTripInfo-80754C3D#InstantaneousTripCircuitBreakers-80755A4F2" data-refids=" InstantaneousTripCircuitBreakers-80755A4F">Instantaneous Trip Circuit Breakers</a></li>
               </ul>
            </li>
            <li data-refid="_17707031_42426" class="topicref tocentry"><span class="topichead">Motor Circuit Protectors and Motor Protector Circuit Breakers </span><ul>
                  <li class="topicref tocentry"><a href="/portals/ui/digest/viewer/561d5d65e4b0c5c41a243bf2/561d5f9ae4b0c5c41a24480c/r/_17707031_42426#_17707031_Heading5_72" data-refids=" _17707031_Heading5_7">Motor Circuit Protectors</a></li>
                  <li class="topicref tocentry"><a href="/portals/ui/digest/viewer/561d5d65e4b0c5c41a243bf2/561d5f9ae4b0c5c41a24480c/r/_17707031_42426#_17707031_Heading5_1422" data-refids=" _17707031_Heading5_142">Motor Protector Circuit Breakers</a></li>
               </ul>
            </li>
            <li class="topicref tocentry"><a href="/portals/ui/digest/viewer/561d5d65e4b0c5c41a243bf2/561d5f9ae4b0c5c41a24480c/r/_17707032_86699#_17707032_86699" data-refids=" _17707032_86699">H-, J-, and LA-Frame MCP Selection</a></li>
            <li data-refid="_17707033_74270" class="topicref tocentry"><span class="topichead">Motor Protection Selection Tables</span><ul>
                  <li class="topicref tocentry"><a href="/portals/ui/digest/viewer/561d5d65e4b0c5c41a243bf2/561d5f9ae4b0c5c41a24480c/r/_17707033_74270#Class601-187A1EA02" data-refids=" Class601-187A1EA0">Motor Circuit Protection Selection</a></li>
               </ul>
            </li>
         </ul>
      </li>
      <li data-refid="_17707034_13870" class="topicref chapter brand:sq tocentry"><span class="topichead">Automatic Switches</span><ul>
            <li data-refid="PowerPactSwitches-19E2992C" class="topicref tocentry"><span class="topichead">PowerPact Automatic Switches</span><ul>
                  <li class="topicref tocentry"><a href="/portals/ui/digest/viewer/561d5d65e4b0c5c41a243bf2/561d5f9ae4b0c5c41a24480c/r/PowerPactSwitches-19E2992C#HJSwitches-187A512E2" data-refids=" HJSwitches-187A512E">PowerPact Automatic Switches</a></li>
               </ul>
            </li>
         </ul>
      </li>
      <li data-refid="_17707035_68879" class="topicref chapter brand:sq tocentry"><span class="topichead">500 Vdc Circuit Breakers</span><ul>
            <li data-refid="_17707035_99616" class="topicref tocentry"><span class="topichead">UL Listed 500 Vdc Circuit Breakers</span><ul>
                  <li class="topicref tocentry"><a href="/portals/ui/digest/viewer/561d5d65e4b0c5c41a243bf2/561d5f9ae4b0c5c41a24480c/r/_17707035_99616#VdcSwitches-187A8EA42" data-refids=" VdcSwitches-187A8EA4">500 Vdc Circuit Breakers</a></li>
               </ul>
            </li>
            <li data-refid="_17707036_99616" class="topicref tocentry"><span class="topichead">UL Listed 500 Vdc NW Circuit Breakers</span><ul>
                  <li class="topicref tocentry"><a href="/portals/ui/digest/viewer/561d5d65e4b0c5c41a243bf2/561d5f9ae4b0c5c41a24480c/r/_17707036_99616#VdcNW-187AAD092" data-refids=" VdcNW-187AAD09">500 Vdc Masterpact NW Circuit Breakers</a></li>
               </ul>
            </li>
         </ul>
      </li>
      <li data-refid="_17707059_Photovoltaic_Circuit_Breakers_and_Switches" class="topicref chapter brand:sd tocentry"><span class="topichead">Photovoltaic Circuit Breakers and Switches</span><ul>
            <li data-refid="_17707059_78128" class="topicref tocentry"><span class="topichead">600 Vdc and 1000 Vdc PV Circuit Breakers and Switches</span><ul>
                  <li class="topicref tocentry"><a href="/portals/ui/digest/viewer/561d5d65e4b0c5c41a243bf2/561d5f9ae4b0c5c41a24480c/r/_17707059_78128#PVMCCB-187D96932" data-refids=" PVMCCB-187D9693">Photovoltaic Circuit Breakers</a></li>
                  <li class="topicref tocentry"><a href="/portals/ui/digest/viewer/561d5d65e4b0c5c41a243bf2/561d5f9ae4b0c5c41a24480c/r/_17707059_78128#PVMCSwitches-2241CEBB2" data-refids=" PVMCSwitches-2241CEBB">Photovoltaic Switches</a></li>
               </ul>
            </li>
            <li data-refid="_17707060_93052" class="topicref brand:sq tocentry"><span class="topichead">Factory Installed Accessories</span><ul>
                  <li class="topicref tocentry"><a href="/portals/ui/digest/viewer/561d5d65e4b0c5c41a243bf2/561d5f9ae4b0c5c41a24480c/r/_17707060_93052#PhotovoltaicAccessories-187D83E02" data-refids=" PhotovoltaicAccessories-187D83E0">Photovoltaic Accessories</a></li>
               </ul>
            </li>
            <li data-refid="_17707061_78128" class="topicref brand:sq tocentry"><span class="topichead">T-Frame Dimensions and Shipping Weights</span><ul>
                  <li class="topicref tocentry"><a href="/portals/ui/digest/viewer/561d5d65e4b0c5c41a243bf2/561d5f9ae4b0c5c41a24480c/r/_17707061_78128#T-frameInfo-187D68B72" data-refids=" T-frameInfo-187D68B7">T-Frame Molded Case Circuit Breakers</a></li>
               </ul>
            </li>
            <li data-refid="_17707062_97129" class="topicref tocentry"><span class="topichead">U-Frame Dimensions and Shipping Weights</span><ul>
                  <li class="topicref tocentry"><a href="/portals/ui/digest/viewer/561d5d65e4b0c5c41a243bf2/561d5f9ae4b0c5c41a24480c/r/_17707062_97129#U-FrameInfo-187D55942" data-refids=" U-FrameInfo-187D5594">U-Frame Molded Case Circuit Breakers</a></li>
               </ul>
            </li>
         </ul>
      </li>
      <li data-refid="_17707037_21199" class="topicref chapter brand:sd tocentry"><span class="topichead">Mission Critical Circuit Breakers</span><ul>
            <li data-refid="_17707037_78128" class="topicref tocentry"><span class="topichead">Selective Coordination</span><ul>
                  <li class="topicref tocentry"><a href="/portals/ui/digest/viewer/561d5d65e4b0c5c41a243bf2/561d5f9ae4b0c5c41a24480c/r/_17707037_78128#MissionCritical-187AED692" data-refids=" MissionCritical-187AED69">Mission Critical Circuit Breakers</a></li>
               </ul>
            </li>
         </ul>
      </li>
      <li data-refid="_17707039_46119" class="topicref chapter brand:sd tocentry"><span class="topichead">PowerPact™ Circuit Breaker Accessories</span><ul>
            <li data-refid="_17707039_61037" class="topicref tocentry"><span class="topichead">Electrical Accessories</span><ul>
                  <li class="topicref tocentry"><a href="/portals/ui/digest/viewer/561d5d65e4b0c5c41a243bf2/561d5f9ae4b0c5c41a24480c/r/_17707039_61037#MCCBAccessories-187B1AA52" data-refids=" MCCBAccessories-187B1AA5">PowerPact Accessories</a></li>
               </ul>
            </li>
            <li data-refid="_17707040_61994" class="topicref tocentry"><span class="topichead">Motor Operators and Rotary Handles </span><ul>
                  <li class="topicref tocentry"><a href="/portals/ui/digest/viewer/561d5d65e4b0c5c41a243bf2/561d5f9ae4b0c5c41a24480c/r/_17707040_61994#MotorsAndRotaryHandles-187B3A4C3" data-refids=" MotorsAndRotaryHandles-187B3A4C">Motors and Rotary Handles</a></li>
                  <li class="topicref tocentry"><a href="/portals/ui/digest/viewer/561d5d65e4b0c5c41a243bf2/561d5f9ae4b0c5c41a24480c/r/_17707040_61994#MotorsAndRotaryHandles-187B3A4C4" data-refids=" MotorsAndRotaryHandles-187B3A4C2">Rotary Handles</a></li>
               </ul>
            </li>
            <li data-refid="_17707041_23979" class="topicref tocentry"><span class="topichead">Locks, Installation Accessories, and Rear Connections </span><ul>
                  <li class="topicref tocentry"><a href="/portals/ui/digest/viewer/561d5d65e4b0c5c41a243bf2/561d5f9ae4b0c5c41a24480c/r/_17707041_23979#LockAndConnectors-187B4F152" data-refids=" LockAndConnectors-187B4F15">Locks, Installation Accessories, and Rear Connectors</a></li>
               </ul>
            </li>
            <li data-refid="_17707042_30026" class="topicref tocentry"><span class="topichead">Mechanical Lugs</span><ul>
                  <li class="topicref tocentry"><a href="/portals/ui/digest/viewer/561d5d65e4b0c5c41a243bf2/561d5f9ae4b0c5c41a24480c/r/_17707042_30026#Lugs-187B61D72" data-refids=" Lugs-187B61D7">Mechanical Lugs</a></li>
               </ul>
            </li>
            <li data-refid="_17707043_13194" class="topicref tocentry"><span class="topichead">Compression Lugs and Power Distribution Connectors (PDC)</span><ul>
                  <li class="topicref tocentry"><a href="/portals/ui/digest/viewer/561d5d65e4b0c5c41a243bf2/561d5f9ae4b0c5c41a24480c/r/_17707043_13194#CompressionAndPowerLugs-187B7DB32" data-refids=" CompressionAndPowerLugs-187B7DB3">Compression Lugs</a></li>
                  <li class="topicref tocentry"><a href="/portals/ui/digest/viewer/561d5d65e4b0c5c41a243bf2/561d5f9ae4b0c5c41a24480c/r/_17707043_13194#PowerDistributionConnectors-1DFC0AED2" data-refids=" PowerDistributionConnectors-1DFC0AED">Power Distribution Connectors</a></li>
               </ul>
            </li>
            <li data-refid="_17707044_63728" class="topicref tocentry"><span class="topichead">Terminal Nuts, Terminal Pads, Terminal Shields and Accessories</span><ul>
                  <li class="topicref tocentry"><a href="/portals/ui/digest/viewer/561d5d65e4b0c5c41a243bf2/561d5f9ae4b0c5c41a24480c/r/_17707044_63728#TerminalAccessories-187B92A82" data-refids=" TerminalAccessories-187B92A8">Terminal Accessories</a></li>
               </ul>
            </li>
            <li data-refid="_17707045_91226" class="topicref tocentry"><span class="topichead">Plug-In and Drawout Mountings</span><ul>
                  <li class="topicref tocentry"><a href="/portals/ui/digest/viewer/561d5d65e4b0c5c41a243bf2/561d5f9ae4b0c5c41a24480c/r/_17707045_91226#Mountings-187BA6A22" data-refids=" Mountings-187BA6A2">Mountings</a></li>
               </ul>
            </li>
         </ul>
      </li>
      <li data-refid="_17707046_61404" class="topicref chapter brand:sd tocentry"><span class="topichead">Micrologic™ Electronic Trip Units</span><ul>
            <li data-refid="_17707044_637282" class="topicref tocentry"><span class="topichead">PowerPact H-, J-, and L-Frame Trip Units</span><ul>
                  <li class="topicref tocentry"><a href="/portals/ui/digest/viewer/561d5d65e4b0c5c41a243bf2/561d5f9ae4b0c5c41a24480c/r/_17707044_637282#_17707046_Heading5_72" data-refids=" _17707046_Heading5_7">Micrologic Trip Units</a></li>
               </ul>
            </li>
            <li data-refid="PowerPactP-AndR-FrameTripUnits-187C8DB2" class="topicref tocentry"><span class="topichead">PowerPact P- and R-Frame Trip Units</span><ul>
                  <li class="topicref tocentry"><a href="/portals/ui/digest/viewer/561d5d65e4b0c5c41a243bf2/561d5f9ae4b0c5c41a24480c/r/PowerPactP-AndR-FrameTripUnits-187C8DB2#_17707047_Heading5_62" data-refids=" _17707047_Heading5_6">PowerPact P- and R-Frame Micrologic Trip Units</a></li>
               </ul>
            </li>
            <li data-refid="_17707048_97201" class="topicref tocentry"><span class="topichead">Micrologic™ Trip Unit Accessories </span><ul>
                  <li class="topicref tocentry"><a href="/portals/ui/digest/viewer/561d5d65e4b0c5c41a243bf2/561d5f9ae4b0c5c41a24480c/r/_17707048_97201#TUAccessories-187CD7592" data-refids=" TUAccessories-187CD759">Trip Unit Accessories</a></li>
                  <li class="topicref tocentry"><a href="/portals/ui/digest/viewer/561d5d65e4b0c5c41a243bf2/561d5f9ae4b0c5c41a24480c/r/_17707048_97201#TUAccessories2-187D014F2" data-refids=" TUAccessories2-187D014F">Trip Unit Accessories</a></li>
               </ul>
            </li>
         </ul>
      </li>
      <li data-refid="_17707050_58634" class="topicref chapter brand:sd tocentry"><span class="topichead">Masterpact™ Universal Power Circuit Breakers</span><ul>
            <li data-refid="_17707050_90102" class="topicref tocentry"><span class="topichead">Masterpact™ NT/NW Circuit Breakers</span><ul>
                  <li class="topicref tocentry"><a href="/portals/ui/digest/viewer/561d5d65e4b0c5c41a243bf2/561d5f9ae4b0c5c41a24480c/r/_17707050_90102#_17707050_Heading5_52" data-refids=" _17707050_Heading5_5">Full-Featured Performance</a></li>
               </ul>
            </li>
         </ul>
      </li>
      <li data-refid="_17707051_24158" class="topicref chapter brand:sd tocentry"><span class="topichead">Ground-Fault Protection </span><ul>
            <li data-refid="_17707052_67550" class="topicref tocentry"><span class="topichead">Vigirex™ Ground-Fault Relay System</span><ul>
                  <li class="topicref tocentry"><a href="/portals/ui/digest/viewer/561d5d65e4b0c5c41a243bf2/561d5f9ae4b0c5c41a24480c/r/_17707052_67550#_17707052_Heading5_42" data-refids=" _17707052_Heading5_4">Vigirex™ Ground-Fault Relay System</a></li>
               </ul>
            </li>
            <li data-refid="_17707053_62825" class="topicref tocentry"><span class="topichead">Add-On Ground-Fault and Earth-Leakage Modules </span><ul>
                  <li class="topicref tocentry"><a href="/portals/ui/digest/viewer/561d5d65e4b0c5c41a243bf2/561d5f9ae4b0c5c41a24480c/r/_17707053_62825#_17707053_Heading5_52" data-refids=" _17707053_Heading5_5">Micrologic™ Add-on Ground-Fault Module (GFM)</a></li>
                  <li class="topicref tocentry"><a href="/portals/ui/digest/viewer/561d5d65e4b0c5c41a243bf2/561d5f9ae4b0c5c41a24480c/r/_17707053_62825#_17707053_Heading5_512" data-refids=" _17707053_Heading5_51">Earth Leakage Module (ELM) for PowerPact H- and J-Frame MCCBs</a></li>
               </ul>
            </li>
         </ul>
      </li>
      <li data-refid="_17707054_99156" class="topicref chapter brand:sd tocentry"><span class="topichead">Dimensions and Shipping Weights</span><ul>
            <li data-refid="_17707054_72450" class="topicref tocentry"><span class="topichead">Miniature and Molded Case Circuit Breakers</span><ul>
                  <li class="topicref tocentry"><a href="/portals/ui/digest/viewer/561d5d65e4b0c5c41a243bf2/561d5f9ae4b0c5c41a24480c/r/_17707054_72450#MiniatureAndMoldedCaseCircuitBreake-19E56C1F2" data-refids=" MiniatureAndMoldedCaseCircuitBreake-19E56C1F">Miniature and Molded Case Circuit Breaker Dimensions</a></li>
               </ul>
            </li>
            <li data-refid="_17707055_70738" class="topicref tocentry"><span class="topichead">Molded Case Circuit Breakers</span><ul>
                  <li class="topicref tocentry"><a href="/portals/ui/digest/viewer/561d5d65e4b0c5c41a243bf2/561d5f9ae4b0c5c41a24480c/r/_17707055_70738#MoldedCaseCircuitBreakerDimensions-19E579CB2" data-refids=" MoldedCaseCircuitBreakerDimensions-19E579CB">Molded Case Circuit Breaker Dimensions</a></li>
               </ul>
            </li>
         </ul>
      </li>
      <li data-refid="_17707056_24934" class="topicref chapter brand:sd tocentry"><span class="topichead">Circuit Breaker Enclosures</span><ul>
            <li data-refid="_17707056_16754" class="topicref tocentry"><span class="topichead">Enclosures</span><ul>
                  <li class="topicref tocentry"><a href="/portals/ui/digest/viewer/561d5d65e4b0c5c41a243bf2/561d5f9ae4b0c5c41a24480c/r/_17707056_16754#CircuitBreakerEnclosures-19E5CC812" data-refids=" CircuitBreakerEnclosures-19E5CC81">Circuit Breaker Enclosures</a></li>
                  <li class="topicref tocentry"><a href="/portals/ui/digest/viewer/561d5d65e4b0c5c41a243bf2/561d5f9ae4b0c5c41a24480c/r/_17707056_16754#PowerPactEnclosures-501405162" data-refids=" PowerPactEnclosures-50140516">PowerPact Circuit Breaker Enclosures</a></li>
                  <li class="topicref tocentry"><a href="/portals/ui/digest/viewer/561d5d65e4b0c5c41a243bf2/561d5f9ae4b0c5c41a24480c/r/_17707056_16754#WalkingBeamManuallyOp-19E6514F2" data-refids=" WalkingBeamManuallyOp-19E6514F">Enclosures for Special Applications</a></li>
               </ul>
            </li>
            <li data-refid="_17707058_96259" class="topicref tocentry"><span class="topichead">Enclosure Accessories and Dimensions</span><ul>
                  <li class="topicref tocentry"><a href="/portals/ui/digest/viewer/561d5d65e4b0c5c41a243bf2/561d5f9ae4b0c5c41a24480c/r/_17707058_96259#EnclosureAccAndDim-19E684A32" data-refids=" EnclosureAccAndDim-19E684A3">Enclosure Accessories</a></li>
                  <li class="topicref tocentry"><a href="/portals/ui/digest/viewer/561d5d65e4b0c5c41a243bf2/561d5f9ae4b0c5c41a24480c/r/_17707058_96259#EnclosureDimensions-453CB4362" data-refids=" EnclosureDimensions-453CB436">Enclosure Dimensions</a></li>
               </ul>
            </li>
         </ul>
      </li>
   </ul>
</div>        </div>
              
      </div>
          
<script type="text/javascript">
  var refId = '';
  $(document).ready(function() {
    
    function sendFeedback(feedback, type) {
      $.ajax({
        url : HARPPortal.getPortalRpcUrl('feedback'),
        type : type,
        data : JSON.stringify(feedback),
        contentType : 'application/json',
      });
    }

    function confirmFeedback(fromNegative) {
      $('#feedbackComponent').children().fadeOut(500);
      if (fromNegative) {
        $('#feedbackContainer').removeClass('col-xs-12 col-sm-6').addClass('col-sm-3');    
      }
      $('#feedbackComponent').html($('#feedbackConfirm').fadeIn(500));
    }

    $('.feedbackButton').click(function(event) {
      var feedback = {}, contentElement = $("#viewerContent");

      feedback.id = $('body').attr('data-pageId');
      feedback.topicUseful = this.value;
      feedback.portalKey = contentElement.attr("data-portalKey");
      feedback.topicKey = contentElement.attr("data-itemKey");
      feedback.projectKey = contentElement.attr("data-projectKey");
      feedback.parentKey = contentElement.attr("data-parentKey");
      feedback.refId = refId;

      sendFeedback(feedback, 'POST');

      if (this.value === 'false') {
        $('#feedbackComponent').children().fadeOut(500);
        $('#feedbackContainer').removeClass('col-sm-3').addClass('col-xs-12 col-sm-6');
        $('#feedbackComponent').html($('#feedbackComment').fadeIn(500));

        $('#commentButton').click(function() {
          $('#feedbackComponent').off('keypress');
          var comment = $("#feedbackInput").val().trim();
          if (comment !== "") {
            feedback.comment = comment;
            sendFeedback(feedback, 'PUT');
          }
          confirmFeedback(true);
        });

        $('#feedbackInput').focus();

        $('#feedbackComponent').on('keypress', function(e) {
          if (e.which === 13) {
            $('#commentButton').trigger('click');
          }
        });

      } else {
        confirmFeedback();
      }
    });
  });   
</script>

<div class="row">
  <div class="col-sm-3 pull-right" id="feedbackContainer">
    <div id="feedbackComponent">
      <div id="feedbackHelpful">
        <p>Was this helpful?</p>
        <div id="buttonDiv">
          <button class="btn btn-primary btn-xs feedbackButton" value="true">Yes</button>
          <button class="btn btn-primary btn-xs feedbackButton" value="false">No</button>
        </div>
      </div>
    </div>
  </div>
  <div id="feedbackConfirm" style="display: none">Thanks!</div>
  <div id="feedbackComment" style="display: none">
    <label for="feedbackInput">Tell us why!</label><br>
    <textarea rows="4" id="feedbackInput"></textarea><br>
    <button class="btn btn-primary btn-xs" id="commentButton">Send</button>
  </div>
</div>
                        
        <div class="col-sm-10 col-sm-offset-1 col-xs-11">

         </div>
          
	</div>
<!-- BEGIN footer -->
<footer class="navbar navbar-default harp-portal-footer" style="width: 100%; margin: 20px 0 0 0;"> <!-- navbar-fixed-bottom  -->
	<div class="container">
  <p class="navbar-text navbar-left hidden-xs">
    <span class="glyphicon glyphicon-qrcode" id="qrcodeLink"
          title="Show QR code for this page"></span>
  </p>
  <img src="/portals/qrgen?url=http%3A%2F%2Fwww.productinfo.schneider-electric.com%2Fportals%2Fui%2Fdigest%2Fviewer%2F561d5d65e4b0c5c41a243bf2%2Fnocontext%2FMaster%2BBookmap%2BContent%2F17707_MAIN%2B(bookmap)_0000054602.xml&size=180"
       id="qrcode"
       style="width: 180px; height: 180px;"
       alt="QR code for this page"
       title="QR code for this page">
<script>
  $(function() {
    var $qr = $('#qrcode')
    , $link = $('#qrcodeLink')
    , on = $qr.is('visible')
    , shown = false;
    ;

    function show() {
      var pos = $link.position();
      $qr.css({
        left: pos.left + 'px',
        bottom: ($link.outerHeight() + 20) + 'px'
      });
      $qr.fadeIn();
      on = true;
      shown = true;
    }

    function toggle() {
      if (on) {
        $qr.fadeOut();
        on = false;
      } else {
        show();
      }
    }

    $link.click(toggle);
    $qr.click(toggle);
    $link.mouseover(function() {
      if (!shown) {
        show();
      }
    });
  });
</script>
<!--		<p class="navbar-text navbar-right">
			<a href="https://td-demo.titaniasoftware.com/portals/ui/website/pages/product/delivery"
				class="navbar-link harp-footer-link" target="_blank">Powered by Titania Delivery</a>
		      <a id="footerLogo" href="http://www.titaniasoftware.com"
                class="navbar-link harp-footer-link" target="_blank">
                <img src="/portals/ui/_theme/digest/images/titania-logo_128w.png"
                        style="width: 43px; height: 16px;" alt="Titania Delivery" title="Titania Delivery">
             </a>
		</p>-->
	</div>
</footer>
<!-- END footer --></body>
</html>