<!DOCTYPE html>
<html>
<head>
<link rel="shortcut icon" href="/portals/ui/_theme/digest/favicon.ico" mce_href="/portals/ui/_theme/digest/favicon.ico" type="image/x-icon"/>
<meta name="viewport" content="width=device-width, initial-scale=1.0">
<meta http-equiv="X-UA-Compatible" content="IE=11">
<!-- HTML5 Shim and Respond.js IE8 support of HTML5 elements and media queries -->
<!--[if lt IE 9]>
  <script src="https://oss.maxcdn.com/libs/html5shiv/3.7.0/html5shiv.js"></script>
  <script src="https://oss.maxcdn.com/libs/respond.js/1.3.0/respond.min.js"></script>
<![endif]-->

<title>Section 11: Switchboards and Switchgear - Digest 177</title>

<script type="text/javascript" src="/portals/resources/scripts/libs/jquery-1.11.0.min.js"></script>

<script type="text/javascript" src="/portals/ui/_theme/digest/scripts/bannerfix.js"></script>
<link rel="stylesheet" href="/portals/ui/_theme/digest/style/harp-portals.less"></link>
<script type="text/javascript" src="/portals/ui/_theme/digest/scripts/bootstrap.min.js"></script>
<script type="text/javascript" src="/portals/resources/scripts/harp-sdk.js"></script><link rel="stylesheet" href="/portals/resources/cm/cm.css"></link>
<script type="text/javascript" src="/portals/resources/scripts/libs/moment.min.js"></script>
<script type="text/javascript" src="/portals/resources/cm/cm.js"></script>

<script>
  (function(i,s,o,g,r,a,m){i['GoogleAnalyticsObject']=r;i[r]=i[r]||function(){
  (i[r].q=i[r].q||[]).push(arguments)},i[r].l=1*new Date();a=s.createElement(o),
  m=s.getElementsByTagName(o)[0];a.async=1;a.src=g;m.parentNode.insertBefore(a,m)
  })(window,document,'script','//www.google-analytics.com/analytics.js','ga');

  ga('create', 'UA-39869895-2', 'auto');
  ga('send', 'pageview');

</script>

<script>
$(function() {
    $('li.topicref.harp-portal-filter-exclude > a').click(function(e) {
        alert("This content is currently unavailable.");
        e.preventDefault();
        return false;
    });
});
</script>

</head>

<body class="readerPage" data-pageId=c938851f-f23e-43d0-9e77-50eba190a461>


<!-- BEGIN HEADER -->
<header class="navbar navbar-default" id="harp-header-bar" role="navigation">
	<div class="container">
		<div class="navbar-header">
			<button type="button" class="navbar-toggle" data-toggle="collapse"
				data-target=".navbar-collapse">
				<span class="sr-only">Toggle navigation</span> <span
					class="icon-bar"></span> <span class="icon-bar"></span> <span
					class="icon-bar"></span>
			</button>
			<a class="navbar-brand" style="padding: 0 50px 0 0" href="http://www.schneider-electric.com/us/en" target="_blank">
  			<img src="/portals/ui/_theme/digest/images/Logo_SE_White_Transparent_RGB.PNG" style="width: 171px; height: 52px;" class="hidden-xs">
			<img src="/portals/ui/_theme/digest/images/Logo_SE_White_Transparent_RGB.PNG" style="width: 85px; height: 26px; margin-top: 9px;" class="visible-xs">
            </a>

              <!-- <a href='/portals/ui/digest/'
	               class="header-logo-link">
	                <img src="/portals/ui/_theme/digest/images/se_logo.gif" class="header-logo">
	           	</a> -->
	            <!-- <a href='/portals/ui/digest/'>
	             Digest 177
	            </a> -->
			<!-- </span>  -->
		</div>

		<div class="navbar-collapse collapse" id="headerMenu">

				<form role="search" action='/portals/ui/digest/search' class="navbar-form navbar-right hidden-xs">
					<div class="form-group">
						<label class="sr-only" for="headerTerm">Search Term</label> <input
							type="text" placeholder="Search" class="form-control"
							id="headerTerm" name="term">
					</div>
                    <button type="submit" class="btn btn-primary">
                        <span class="glyphicon glyphicon-search"></span>
                    </button>
				</form>
				<form role="search" action='/portals/ui/digest/search' class="navbar-form navbar-right navbar-input-group visible-xs">
				    <div class="form-group">
				        <label class="sr-only" for="headerTerm">Search Term</label>
				        <div class="input-group">
				            <input type="text" placeholder="Search" class="form-control"
				                id="headerTerm" name="term">
				            <span class="input-group-btn">
				                <button type="submit" class="btn btn-primary">
				                    <span class="glyphicon glyphicon-search"></span>
				                </button>
				            </span>
				        </div>
				    </div>
				</form>

			<ul class="nav navbar-nav">
                <li><a href="http://www.digestplus-us.schneider-electric.com/" target="_blank">DigestPLUS</a></li>
              	<li><a href='/portals/ui/digest/pages/landingPages/digest177'>Digest 177</a></li>
                <li><a href='/portals/ui/digest/pages/landingPages/digest177_supplement'>Supplemental Digest 177</a></li>
			</ul>
		</div>
	</div>
</header>

<div id="docTitle" class="sectionColor4">
  <div class="container">
    <div class="row">
      <div class="col-xs-12">
        <h3>        <span class="context-title">
          Section 11: Switchboards and Switchgear
        </span>
</h3>
      </div>
    </div>
  </div>
</div>

  <div id="floatingDocTitle" class="sectionColor4">
    <div class="container">
      <div class="row">
        <div class="col-xs-12">
          <h3>        <span class="context-title">
          Section 11: Switchboards and Switchgear
        </span>
</h3>
        </div>
      </div>
    </div>
  </div>

<!-- END HEADER -->
	
	<div class="container" id="tocPage">
      

      <div class="row">
        <div class="col-sm-10 col-sm-offset-1 col-xs-12 content-container" id="viewerContent"
                 	data-portalKey="562794fee4b05736848a7cb4"
                    data-itemKey="561d5f9ae4b0c5c41a244818"
                    data-projectKey="561d5d65e4b0c5c41a243bf2">
              	
<div class="map bookmap" lang="English_en" data-xtrc="bookmap:1" data-xtrf="harp://561d5d65e4b0c5c41a243bf2/pr/ORIGINAL/Master%20Bookmap%20Content/17711_MAIN%20(bookmap)_0000065704.xml">
   <div class="topicmeta bookmeta" data-xtrc="bookmeta:1" lang="English_en">
      
      <div class="metadata" data-xtrc="metadata:1" lang="English_en">
         
         
      </div>
      
   </div>
   <ul id="toc">
      <li data-refid="_17711002_58150" class="topicref chapter brand:sd tocentry"><span class="topichead">Power-Style™ Switchboards</span><ul>
            <li data-refid="_17711002_57266" class="topicref tocentry"><span class="topichead">QED-2 (UL Listed)</span><ul>
                  <li class="topicref tocentry"><a href="/portals/ui/digest/viewer/561d5d65e4b0c5c41a243bf2/561d5f9ae4b0c5c41a244818/r/_17711002_57266#_17711002_278712" data-refids=" _17711002_27871">Power-Style QED-2 Switchboards (UL Listed)</a><ul>
                        <li class="topicref tocentry"><a href="/portals/ui/digest/viewer/561d5d65e4b0c5c41a243bf2/561d5f9ae4b0c5c41a244818/r/_17711002_57266#_17711002_Heading5_182" data-refids=" _17711002_Heading5_18">Features</a></li>
                     </ul>
                  </li>
               </ul>
            </li>
            <li data-refid="_17711003_57266" class="topicref tocentry"><span class="topichead">QED-6 (UL Listed)</span><ul>
                  <li class="topicref tocentry"><a href="/portals/ui/digest/viewer/561d5d65e4b0c5c41a243bf2/561d5f9ae4b0c5c41a244818/r/_17711003_57266#_17711003_609702" data-refids=" _17711003_60970">Power-Style QED-6 Switchboards (UL Listed)</a><ul>
                        <li class="topicref tocentry"><a href="/portals/ui/digest/viewer/561d5d65e4b0c5c41a243bf2/561d5f9ae4b0c5c41a244818/r/_17711003_57266#_17711003_Heading5_92" data-refids=" _17711003_Heading5_9">Masterpact™ NW and NT, and PowerPact™ H and J
                              Circuit Breakers</a></li>
                        <li class="topicref tocentry"><a href="/portals/ui/digest/viewer/561d5d65e4b0c5c41a243bf2/561d5f9ae4b0c5c41a244818/r/_17711003_57266#_17711003_Heading5_252" data-refids=" _17711003_Heading5_25">Specify QED-6 Switchboards</a></li>
                        <li class="topicref tocentry"><a href="/portals/ui/digest/viewer/561d5d65e4b0c5c41a243bf2/561d5f9ae4b0c5c41a244818/r/_17711003_57266#_17711003_Heading5_272" data-refids=" _17711003_Heading5_27">Benefits/Values of Circuit Breaker Performance</a></li>
                        <li class="topicref tocentry"><a href="/portals/ui/digest/viewer/561d5d65e4b0c5c41a243bf2/561d5f9ae4b0c5c41a244818/r/_17711003_57266#_17711003_Heading5_292" data-refids=" _17711003_Heading5_29">System Coordination</a></li>
                        <li class="topicref tocentry"><a href="/portals/ui/digest/viewer/561d5d65e4b0c5c41a243bf2/561d5f9ae4b0c5c41a244818/r/_17711003_57266#_17711003_Heading5_312" data-refids=" _17711003_Heading5_31">High Short-Circuit Current Ratings (SCCR)</a></li>
                        <li class="topicref tocentry"><a href="/portals/ui/digest/viewer/561d5d65e4b0c5c41a243bf2/561d5f9ae4b0c5c41a244818/r/_17711003_57266#_17711003_Heading5_332" data-refids=" _17711003_Heading5_33">Arc Flash Limiting (LF) Feeder Breakers</a></li>
                        <li class="topicref tocentry"><a href="/portals/ui/digest/viewer/561d5d65e4b0c5c41a243bf2/561d5f9ae4b0c5c41a244818/r/_17711003_57266#_17711003_Heading5_352" data-refids=" _17711003_Heading5_35">Ease of Installation and Maintenance</a></li>
                        <li class="topicref tocentry"><a href="/portals/ui/digest/viewer/561d5d65e4b0c5c41a243bf2/561d5f9ae4b0c5c41a244818/r/_17711003_57266#_17711003_Heading5_372" data-refids=" _17711003_Heading5_37">Ability to Upgrade</a></li>
                        <li class="topicref tocentry"><a href="/portals/ui/digest/viewer/561d5d65e4b0c5c41a243bf2/561d5f9ae4b0c5c41a244818/r/_17711003_57266#_17711003_Heading5_392" data-refids=" _17711003_Heading5_39">Open Communication System</a></li>
                        <li class="topicref tocentry"><a href="/portals/ui/digest/viewer/561d5d65e4b0c5c41a243bf2/561d5f9ae4b0c5c41a244818/r/_17711003_57266#_17711003_Heading5_412" data-refids=" _17711003_Heading5_41">Adaptable</a></li>
                        <li class="topicref tocentry"><a href="/portals/ui/digest/viewer/561d5d65e4b0c5c41a243bf2/561d5f9ae4b0c5c41a244818/r/_17711003_57266#_17711003_Heading5_432" data-refids=" _17711003_Heading5_43">Expandable</a></li>
                     </ul>
                  </li>
               </ul>
            </li>
            <li data-refid="QED-6CMM-02D3C6E1" class="topicref tocentry"><span class="topichead">CMM (UL Listed)</span><ul>
                  <li class="topicref tocentry"><a href="/portals/ui/digest/viewer/561d5d65e4b0c5c41a243bf2/561d5f9ae4b0c5c41a244818/r/QED-6CMM-02D3C6E1#_17711003_446272" data-refids=" _17711003_44627">Power-Style Commercial Multi-Metering Switchboards (UL Listed)</a></li>
               </ul>
            </li>
         </ul>
      </li>
      <li data-refid="_17711004_54410" class="topicref chapter brand:sd tocentry"><span class="topichead">Speed-D™ Switchboards</span><ul>
            <li data-refid="_17711004_Heading2_2" class="topicref tocentry"><span class="topichead">Speed-D SB/SF (UL Listed)</span><ul>
                  <li class="topicref tocentry"><a href="/portals/ui/digest/viewer/561d5d65e4b0c5c41a243bf2/561d5f9ae4b0c5c41a244818/r/_17711004_Heading2_2#_17711004_687672" data-refids=" _17711004_68767">Speed-D SB/SF Switchboards (UL Listed)</a><ul>
                        <li class="topicref tocentry"><a href="/portals/ui/digest/viewer/561d5d65e4b0c5c41a243bf2/561d5f9ae4b0c5c41a244818/r/_17711004_Heading2_2#_17711004_Heading5_262" data-refids=" _17711004_Heading5_26">Application</a></li>
                        <li class="topicref tocentry"><a href="/portals/ui/digest/viewer/561d5d65e4b0c5c41a243bf2/561d5f9ae4b0c5c41a244818/r/_17711004_Heading2_2#_17711004_Heading5_282" data-refids=" _17711004_Heading5_28">Metering</a></li>
                        <li class="topicref tocentry"><a href="/portals/ui/digest/viewer/561d5d65e4b0c5c41a243bf2/561d5f9ae4b0c5c41a244818/r/_17711004_Heading2_2#_17711004_Heading5_302" data-refids=" _17711004_Heading5_30">Mains</a></li>
                        <li class="topicref tocentry"><a href="/portals/ui/digest/viewer/561d5d65e4b0c5c41a243bf2/561d5f9ae4b0c5c41a244818/r/_17711004_Heading2_2#_17711004_Heading5_322" data-refids=" _17711004_Heading5_32">Branches</a></li>
                        <li class="topicref tocentry"><a href="/portals/ui/digest/viewer/561d5d65e4b0c5c41a243bf2/561d5f9ae4b0c5c41a244818/r/_17711004_Heading2_2#_17711004_Heading5_362" data-refids=" _17711004_Heading5_36">Enclosure</a></li>
                        <li class="topicref tocentry"><a href="/portals/ui/digest/viewer/561d5d65e4b0c5c41a243bf2/561d5f9ae4b0c5c41a244818/r/_17711004_Heading2_2#_17711004_Heading5_382" data-refids=" _17711004_Heading5_38">EUSERC Utility Metering, Main Disconnects and Distribution
                              Panel (ULListed)</a></li>
                     </ul>
                  </li>
               </ul>
            </li>
            <li data-refid="_17711005_57266" class="topicref tocentry"><span class="topichead">Merchandised, Service Selection</span><ul>
                  <li class="topicref tocentry"><a href="/portals/ui/digest/viewer/561d5d65e4b0c5c41a243bf2/561d5f9ae4b0c5c41a244818/r/_17711005_57266#_17711005_Heading5_2002" data-refids=" _17711005_Heading5_200">Ordering Information</a></li>
               </ul>
            </li>
         </ul>
      </li>
      <li data-refid="_17711006_58150" class="topicref chapter brand:sd tocentry"><span class="topichead">Low Voltage Switchgear</span><ul>
            <li data-refid="_17711006_57266" class="topicref tocentry"><span class="topichead">Metal-Enclosed Drawout</span><ul>
                  <li class="topicref tocentry"><a href="/portals/ui/digest/viewer/561d5d65e4b0c5c41a243bf2/561d5f9ae4b0c5c41a244818/r/_17711006_57266#_17711006_653092" data-refids=" _17711006_65309">Power-Zone™ 4 Low Voltage Switchgear with Masterpact™
                        Circuit Breakers</a></li>
                  <li class="topicref tocentry"><a href="/portals/ui/digest/viewer/561d5d65e4b0c5c41a243bf2/561d5f9ae4b0c5c41a244818/r/_17711006_57266#Power-Zone4ArcResistantSwitchgearWi-73F368A82" data-refids=" Power-Zone4ArcResistantSwitchgearWi-73F368A8">Power-Zone™ 4 Arc Resistant Switchgear with ArcBlok
                        Technology</a></li>
                  <li class="topicref tocentry"><a href="/portals/ui/digest/viewer/561d5d65e4b0c5c41a243bf2/561d5f9ae4b0c5c41a244818/r/_17711006_57266#_17711006_205072" data-refids=" _17711006_20507">Micrologic™ Trip Units</a></li>
               </ul>
            </li>
         </ul>
      </li>
      <li data-refid="_17711007_85184" class="topicref chapter brand:sd tocentry"><span class="topichead">Medium Voltage Metal-Enclosed Switchgear</span><ul>
            <li data-refid="_17711007_57266" class="topicref tocentry"><span class="topichead">MiniBreak™</span><ul>
                  <li class="topicref tocentry"><a href="/portals/ui/digest/viewer/561d5d65e4b0c5c41a243bf2/561d5f9ae4b0c5c41a244818/r/_17711007_57266#_17711007_519352" data-refids=" _17711007_51935">MiniBreak™ Compact Height Switches— 5.5 kV, 200
                        A</a><ul>
                        <li class="topicref tocentry"><a href="/portals/ui/digest/viewer/561d5d65e4b0c5c41a243bf2/561d5f9ae4b0c5c41a244818/r/_17711007_57266#_17711007_Heading5_352" data-refids=" _17711007_Heading5_35">Ordering Information</a></li>
                        <li class="topicref tocentry"><a href="/portals/ui/digest/viewer/561d5d65e4b0c5c41a243bf2/561d5f9ae4b0c5c41a244818/r/_17711007_57266#_17711007_Heading5_1272" data-refids=" _17711007_Heading5_127">Ordering Example</a></li>
                     </ul>
                  </li>
               </ul>
            </li>
            <li data-refid="_17711008_61849" class="topicref tocentry"><span class="topichead">HVL/cb™</span><ul>
                  <li class="topicref tocentry"><a href="/portals/ui/digest/viewer/561d5d65e4b0c5c41a243bf2/561d5f9ae4b0c5c41a244818/r/_17711008_61849#_17711008_542793" data-refids=" _17711008_54279">HVL/cb Metal-Enclosed Vacuum Circuit Breaker Switchgear</a><ul>
                        <li class="topicref tocentry"><a href="/portals/ui/digest/viewer/561d5d65e4b0c5c41a243bf2/561d5f9ae4b0c5c41a244818/r/_17711008_61849#_17711008_Heading5_933" data-refids=" _17711008_Heading5_93">Switch Disconnector Standard Features</a></li>
                        <li class="topicref tocentry"><a href="/portals/ui/digest/viewer/561d5d65e4b0c5c41a243bf2/561d5f9ae4b0c5c41a244818/r/_17711008_61849#_17711008_Heading5_1023" data-refids=" _17711008_Heading5_102">Options</a></li>
                        <li class="topicref tocentry"><a href="/portals/ui/digest/viewer/561d5d65e4b0c5c41a243bf2/561d5f9ae4b0c5c41a244818/r/_17711008_61849#_17711008_Heading5_1143" data-refids=" _17711008_Heading5_114">Switchgear Standard Features</a></li>
                     </ul>
                  </li>
               </ul>
            </li>
            <li data-refid="_17711008_618492" class="topicref tocentry"><span class="topichead">HVL/cc™</span><ul>
                  <li class="topicref tocentry"><a href="/portals/ui/digest/viewer/561d5d65e4b0c5c41a243bf2/561d5f9ae4b0c5c41a244818/r/_17711008_618492#_17711008_542794" data-refids=" _17711008_542792">HVL/cc Metal-Enclosed Load Interrupter Switchgear—Full
                        Range</a><ul>
                        <li class="topicref tocentry"><a href="/portals/ui/digest/viewer/561d5d65e4b0c5c41a243bf2/561d5f9ae4b0c5c41a244818/r/_17711008_618492#_17711008_Heading5_934" data-refids=" _17711008_Heading5_932">Switch Standard Features</a></li>
                        <li class="topicref tocentry"><a href="/portals/ui/digest/viewer/561d5d65e4b0c5c41a243bf2/561d5f9ae4b0c5c41a244818/r/_17711008_618492#_17711008_Heading5_1024" data-refids=" _17711008_Heading5_1022">Options</a></li>
                        <li class="topicref tocentry"><a href="/portals/ui/digest/viewer/561d5d65e4b0c5c41a243bf2/561d5f9ae4b0c5c41a244818/r/_17711008_618492#_17711008_Heading5_1122" data-refids=" _17711008_Heading5_112">Fuselogic™</a></li>
                        <li class="topicref tocentry"><a href="/portals/ui/digest/viewer/561d5d65e4b0c5c41a243bf2/561d5f9ae4b0c5c41a244818/r/_17711008_618492#_17711008_Heading5_1144" data-refids=" _17711008_Heading5_1142">Switchgear Standard Features</a></li>
                     </ul>
                  </li>
                  <li class="topicref tocentry"><a href="/portals/ui/digest/viewer/561d5d65e4b0c5c41a243bf2/561d5f9ae4b0c5c41a244818/r/_17711008_618492#_17711009_866002" data-refids=" _17711009_86600">HVL/cc Switchgear Quick Ship Program—5–15 kV,
                        600&nbsp;A</a><ul>
                        <li class="topicref tocentry"><a href="/portals/ui/digest/viewer/561d5d65e4b0c5c41a243bf2/561d5f9ae4b0c5c41a244818/r/_17711008_618492#_17711009_Heading5_132" data-refids=" _17711009_Heading5_13">Provisions for Future Expansion</a></li>
                        <li class="topicref tocentry"><a href="/portals/ui/digest/viewer/561d5d65e4b0c5c41a243bf2/561d5f9ae4b0c5c41a244818/r/_17711008_618492#_17711009_Heading5_162" data-refids=" _17711009_Heading5_16">600&nbsp;A Single Switch Unfused</a></li>
                        <li class="topicref tocentry"><a href="/portals/ui/digest/viewer/561d5d65e4b0c5c41a243bf2/561d5f9ae4b0c5c41a244818/r/_17711008_618492#_17711009_Heading5_882" data-refids=" _17711009_Heading5_88">600&nbsp;A Single Switch Fused</a></li>
                        <li class="topicref tocentry"><a href="/portals/ui/digest/viewer/561d5d65e4b0c5c41a243bf2/561d5f9ae4b0c5c41a244818/r/_17711008_618492#_17711009_Heading5_1612" data-refids=" _17711009_Heading5_161">600&nbsp;A Incoming Line Auxiliary Bay</a></li>
                        <li class="topicref tocentry"><a href="/portals/ui/digest/viewer/561d5d65e4b0c5c41a243bf2/561d5f9ae4b0c5c41a244818/r/_17711008_618492#_17711009_Heading5_2142" data-refids=" _17711009_Heading5_214">600&nbsp;A Tin Plated Copper Main Bus Kits</a></li>
                        <li class="topicref tocentry"><a href="/portals/ui/digest/viewer/561d5d65e4b0c5c41a243bf2/561d5f9ae4b0c5c41a244818/r/_17711008_618492#_17711009_Heading5_2922" data-refids=" _17711009_Heading5_292">Ratings</a></li>
                        <li class="topicref tocentry"><a href="/portals/ui/digest/viewer/561d5d65e4b0c5c41a243bf2/561d5f9ae4b0c5c41a244818/r/_17711008_618492#_17711009_Heading5_3342" data-refids=" _17711009_Heading5_334">Factory Modifications</a></li>
                        <li class="topicref tocentry"><a href="/portals/ui/digest/viewer/561d5d65e4b0c5c41a243bf2/561d5f9ae4b0c5c41a244818/r/_17711008_618492#_17711009_Heading5_3442" data-refids=" _17711009_Heading5_344">Distribution Class Surge Arresters</a></li>
                        <li class="topicref tocentry"><a href="/portals/ui/digest/viewer/561d5d65e4b0c5c41a243bf2/561d5f9ae4b0c5c41a244818/r/_17711008_618492#_17711010_Heading5_1532" data-refids=" _17711010_Heading5_153">General Purpose E-Rated Current-Limiting Fuses: Type DIN/E
                              for HVL/cc Switches</a></li>
                        <li class="topicref tocentry"><a href="/portals/ui/digest/viewer/561d5d65e4b0c5c41a243bf2/561d5f9ae4b0c5c41a244818/r/_17711008_618492#_17711010_Heading5_5822" data-refids=" _17711010_Heading5_582">Ordering Information</a></li>
                        <li class="topicref tocentry"><a href="/portals/ui/digest/viewer/561d5d65e4b0c5c41a243bf2/561d5f9ae4b0c5c41a244818/r/_17711008_618492#_17711010_Heading5_5882" data-refids=" _17711010_Heading5_588">Ordering Example</a></li>
                     </ul>
                  </li>
               </ul>
            </li>
            <li data-refid="_17711011_64930" class="topicref tocentry"><span class="topichead">HVL</span><ul>
                  <li class="topicref tocentry"><a href="/portals/ui/digest/viewer/561d5d65e4b0c5c41a243bf2/561d5f9ae4b0c5c41a244818/r/_17711011_64930#_17711011_459462" data-refids=" _17711011_45946">HVL Metal-Enclosed Load Interrupter Switchgear—Full
                        Range</a><ul>
                        <li class="topicref tocentry"><a href="/portals/ui/digest/viewer/561d5d65e4b0c5c41a243bf2/561d5f9ae4b0c5c41a244818/r/_17711011_64930#_17711011_Heading5_1152" data-refids=" _17711011_Heading5_115">Fuselogic™</a></li>
                     </ul>
                  </li>
                  <li class="topicref tocentry"><a href="/portals/ui/digest/viewer/561d5d65e4b0c5c41a243bf2/561d5f9ae4b0c5c41a244818/r/_17711011_64930#_17711011_725402" data-refids=" _17711011_72540">HVL Switchgear Quick Ship Program—5 kV–15 kV,
                        600&nbsp;A</a><ul>
                        <li class="topicref tocentry"><a href="/portals/ui/digest/viewer/561d5d65e4b0c5c41a243bf2/561d5f9ae4b0c5c41a244818/r/_17711011_64930#_17711012_Heading5_882" data-refids=" _17711012_Heading5_88">Provisions for Future Expansion</a></li>
                     </ul>
                  </li>
                  <li class="topicref tocentry"><a href="/portals/ui/digest/viewer/561d5d65e4b0c5c41a243bf2/561d5f9ae4b0c5c41a244818/r/_17711011_64930#_17711012_975022" data-refids=" _17711012_97502">HVL Switches for Power-Dry II ™, Power-Cast II ™, and Uni-Cast II ™ Transformer Connections</a><ul>
                        <li class="topicref tocentry"><a href="/portals/ui/digest/viewer/561d5d65e4b0c5c41a243bf2/561d5f9ae4b0c5c41a244818/r/_17711011_64930#_17711013_Heading5_42" data-refids=" _17711013_Heading5_4">Fuse Selection</a></li>
                        <li class="topicref tocentry"><a href="/portals/ui/digest/viewer/561d5d65e4b0c5c41a243bf2/561d5f9ae4b0c5c41a244818/r/_17711011_64930#_17711013_Heading5_502" data-refids=" _17711013_Heading5_50">Standard Features</a></li>
                        <li class="topicref tocentry"><a href="/portals/ui/digest/viewer/561d5d65e4b0c5c41a243bf2/561d5f9ae4b0c5c41a244818/r/_17711011_64930#_17711013_Heading5_562" data-refids=" _17711013_Heading5_56">Ordering Information</a></li>
                     </ul>
                  </li>
                  <li class="topicref tocentry"><a href="/portals/ui/digest/viewer/561d5d65e4b0c5c41a243bf2/561d5f9ae4b0c5c41a244818/r/_17711011_64930#_17711014_469232" data-refids=" _17711014_46923">Square D™ Brand DIN/E Fuse Selection Tables—HVL</a></li>
                  <li class="topicref tocentry"><a href="/portals/ui/digest/viewer/561d5d65e4b0c5c41a243bf2/561d5f9ae4b0c5c41a244818/r/_17711011_64930#_17711014_174102" data-refids=" _17711014_17410">Boric Acid Fuse Selection Tables—HVL</a></li>
               </ul>
            </li>
         </ul>
      </li>
      <li data-refid="_17711007_851842" class="topicref chapter brand:se tocentry"><span class="topichead">Medium Voltage Gas-Insulated Switchgear</span><ul>
            <li data-refid="_17711015_70976" class="topicref tocentry"><span class="topichead">GHA</span><ul>
                  <li class="topicref tocentry"><a href="/portals/ui/digest/viewer/561d5d65e4b0c5c41a243bf2/561d5f9ae4b0c5c41a244818/r/_17711015_70976#_17711015_700314" data-refids=" _17711015_70031">GHA Gas-Insulated Switchgear (UL Listed)</a></li>
               </ul>
            </li>
            <li data-refid="_17711015_709762" class="topicref tocentry"><span class="topichead">CBGS-0</span><ul>
                  <li class="topicref tocentry"><a href="/portals/ui/digest/viewer/561d5d65e4b0c5c41a243bf2/561d5f9ae4b0c5c41a244818/r/_17711015_709762#_17711015_700315" data-refids=" _17711015_700312">CBGS-0 Gas-Insulated Switchgear (UL Listed)</a></li>
               </ul>
            </li>
            <li data-refid="_17711015_709763" class="topicref tocentry"><span class="topichead">DVCAS</span><ul>
                  <li class="topicref tocentry"><a href="/portals/ui/digest/viewer/561d5d65e4b0c5c41a243bf2/561d5f9ae4b0c5c41a244818/r/_17711015_709763#_17711015_700316" data-refids=" _17711015_700313">DVCAS Switchgear for Wind&nbsp;Farm Applications</a><ul>
                        <li class="topicref tocentry"><a href="/portals/ui/digest/viewer/561d5d65e4b0c5c41a243bf2/561d5f9ae4b0c5c41a244818/r/_17711015_709763#_17711015_Heading5_172" data-refids=" _17711015_Heading5_17">Transformer Protection Module D</a></li>
                        <li class="topicref tocentry"><a href="/portals/ui/digest/viewer/561d5d65e4b0c5c41a243bf2/561d5f9ae4b0c5c41a244818/r/_17711015_709763#_17711015_Heading5_332" data-refids=" _17711015_Heading5_33">Outgoing Line Module O</a></li>
                        <li class="topicref tocentry"><a href="/portals/ui/digest/viewer/561d5d65e4b0c5c41a243bf2/561d5f9ae4b0c5c41a244818/r/_17711015_709763#_17711015_Heading5_502" data-refids=" _17711015_Heading5_50">Incoming Line Module I</a></li>
                     </ul>
                  </li>
               </ul>
            </li>
         </ul>
      </li>
      <li data-refid="_17711007_851843" class="topicref chapter brand:sd tocentry"><span class="topichead">Medium Voltage Metal-Clad Switchgear</span><ul>
            <li data-refid="_17711016_68437" class="topicref tocentry"><span class="topichead">Masterclad<sup class="ph sup" data-xtrc="sup:1" lang="English_en">™</sup>; VR Circuit Breaker</span><ul>
                  <li class="topicref tocentry"><a href="/portals/ui/digest/viewer/561d5d65e4b0c5c41a243bf2/561d5f9ae4b0c5c41a244818/r/_17711016_68437#_17711016_835202" data-refids=" _17711016_83520">Masterclad™ Medium Voltage Metalclad Switchgear (UL
                        Listed)</a><ul>
                        <li class="topicref tocentry"><a href="/portals/ui/digest/viewer/561d5d65e4b0c5c41a243bf2/561d5f9ae4b0c5c41a244818/r/_17711016_68437#_17711016_Heading5_112" data-refids=" _17711016_Heading5_11">The Reliability of a Quality Design</a></li>
                        <li class="topicref tocentry"><a href="/portals/ui/digest/viewer/561d5d65e4b0c5c41a243bf2/561d5f9ae4b0c5c41a244818/r/_17711016_68437#_17711016_Heading5_722" data-refids=" _17711016_Heading5_72">Type VR Vacuum Circuit Breaker</a></li>
                        <li class="topicref tocentry"><a href="/portals/ui/digest/viewer/561d5d65e4b0c5c41a243bf2/561d5f9ae4b0c5c41a244818/r/_17711016_68437#_17711016_Heading5_782" data-refids=" _17711016_Heading5_78">Switchgear Construction</a></li>
                     </ul>
                  </li>
               </ul>
            </li>
            <li data-refid="ArcResistantSwitchgear-1F2392D8" class="topicref tocentry"><span class="topichead">Arc Resistant Switchgear</span><ul>
                  <li class="topicref tocentry"><a href="/portals/ui/digest/viewer/561d5d65e4b0c5c41a243bf2/561d5f9ae4b0c5c41a244818/r/ArcResistantSwitchgear-1F2392D8#_17711016_598912" data-refids=" _17711016_59891">Active, Arc-Resistant Arc Terminator™
                        Arc Extinguishing System</a></li>
                  <li class="topicref tocentry"><a href="/portals/ui/digest/viewer/561d5d65e4b0c5c41a243bf2/561d5f9ae4b0c5c41a244818/r/ArcResistantSwitchgear-1F2392D8#_17711016_749702" data-refids=" _17711016_74970">Passive, Arc-Resistant Masterclad™ Medium
                        Voltage Switchgear</a></li>
               </ul>
            </li>
         </ul>
      </li>
      <li data-refid="_17711017_58150" class="topicref chapter brand:sd tocentry"><span class="topichead">Unit Substations</span><ul>
            <li data-refid="_17711017_70119" class="topicref tocentry"><span class="topichead">Power-Zone Load Center; Model III</span><ul>
                  <li class="topicref tocentry"><a href="/portals/ui/digest/viewer/561d5d65e4b0c5c41a243bf2/561d5f9ae4b0c5c41a244818/r/_17711017_70119#_17711017_108162" data-refids=" _17711017_10816">Power-Zone Load Center Unit Substations</a></li>
                  <li class="topicref tocentry"><a href="/portals/ui/digest/viewer/561d5d65e4b0c5c41a243bf2/561d5f9ae4b0c5c41a244818/r/_17711017_70119#_17711017_273292" data-refids=" _17711017_27329">Power-Zone Model III Package Unit Substations</a><ul>
                        <li class="topicref tocentry"><a href="/portals/ui/digest/viewer/561d5d65e4b0c5c41a243bf2/561d5f9ae4b0c5c41a244818/r/_17711017_70119#_17711017_Heading5_572" data-refids=" _17711017_Heading5_57">General</a></li>
                        <li class="topicref tocentry"><a href="/portals/ui/digest/viewer/561d5d65e4b0c5c41a243bf2/561d5f9ae4b0c5c41a244818/r/_17711017_70119#_17711017_Heading5_662" data-refids=" _17711017_Heading5_66">Incoming Line Section</a></li>
                     </ul>
                  </li>
               </ul>
            </li>
            <li data-refid="_17711018_61549" class="topicref tocentry"><span class="topichead">Power-Zone™ Model III</span><ul>
                  <li class="topicref tocentry"><a href="/portals/ui/digest/viewer/561d5d65e4b0c5c41a243bf2/561d5f9ae4b0c5c41a244818/r/_17711018_61549#_17711018_Heading5_42" data-refids=" _17711018_Heading5_4">Transformer Section</a></li>
                  <li class="topicref tocentry"><a href="/portals/ui/digest/viewer/561d5d65e4b0c5c41a243bf2/561d5f9ae4b0c5c41a244818/r/_17711018_61549#_17711018_Heading5_442" data-refids=" _17711018_Heading5_44">Distribution Section</a></li>
               </ul>
            </li>
         </ul>
      </li>
      <li data-refid="_17711019_69832" class="topicref chapter brand:sd tocentry"><span class="topichead">MV Controllers</span><ul>
            <li data-refid="_17711019_69457" class="topicref tocentry"><span class="topichead">Motorpact™</span><ul>
                  <li class="topicref tocentry"><a href="/portals/ui/digest/viewer/561d5d65e4b0c5c41a243bf2/561d5f9ae4b0c5c41a244818/r/_17711019_69457#_17711019_259582" data-refids=" _17711019_25958">Motorpact™ Medium Voltage Motor Controllers (UL Listed)</a></li>
               </ul>
            </li>
         </ul>
      </li>
      <li data-refid="_17711019_698322" class="topicref chapter brand:sd tocentry"><span class="topichead">Substation Circuit Breakers</span><ul>
            <li data-refid="_17711019_694572" class="topicref tocentry"><span class="topichead">Vacuum Substation Circuit Breakers</span><ul>
                  <li class="topicref tocentry"><a href="/portals/ui/digest/viewer/561d5d65e4b0c5c41a243bf2/561d5f9ae4b0c5c41a244818/r/_17711019_694572#_17711019_288092" data-refids=" _17711019_28809">Vacuum Substation Circuit Breakers—Types FVR, EOX, VOX
                        (Not&nbsp;UL Listed)</a></li>
               </ul>
            </li>
         </ul>
      </li>
      <li data-refid="_17711020_75189" class="topicref chapter brand:sd tocentry"><span class="topichead">Medium Voltage Overhead Distribution</span><ul>
            <li data-refid="_17711020_77535" class="topicref tocentry"><span class="topichead">Recloser; Sectionalizer</span><ul>
                  <li class="topicref tocentry"><a href="/portals/ui/digest/viewer/561d5d65e4b0c5c41a243bf2/561d5f9ae4b0c5c41a244818/r/_17711020_77535#_17711020_901262" data-refids=" _17711020_90126">Automatic Circuit Recloser</a><ul>
                        <li class="topicref tocentry"><a href="/portals/ui/digest/viewer/561d5d65e4b0c5c41a243bf2/561d5f9ae4b0c5c41a244818/r/_17711020_77535#_17711020_Heading5_92" data-refids=" _17711020_Heading5_9">Overview</a></li>
                        <li class="topicref tocentry"><a href="/portals/ui/digest/viewer/561d5d65e4b0c5c41a243bf2/561d5f9ae4b0c5c41a244818/r/_17711020_77535#_17711020_Heading5_112" data-refids=" _17711020_Heading5_11">Applications</a></li>
                     </ul>
                  </li>
                  <li class="topicref tocentry"><a href="/portals/ui/digest/viewer/561d5d65e4b0c5c41a243bf2/561d5f9ae4b0c5c41a244818/r/_17711020_77535#_17711020_703892" data-refids=" _17711020_70389">Load Break Switch/Sectionalizer</a><ul>
                        <li class="topicref tocentry"><a href="/portals/ui/digest/viewer/561d5d65e4b0c5c41a243bf2/561d5f9ae4b0c5c41a244818/r/_17711020_77535#_17711020_Heading5_232" data-refids=" _17711020_Heading5_23">Overview</a></li>
                        <li class="topicref tocentry"><a href="/portals/ui/digest/viewer/561d5d65e4b0c5c41a243bf2/561d5f9ae4b0c5c41a244818/r/_17711020_77535#_17711020_Heading5_252" data-refids=" _17711020_Heading5_25">Applications</a></li>
                     </ul>
                  </li>
               </ul>
            </li>
            <li data-refid="_17711020_775352" class="topicref tocentry"><span class="topichead">Controller</span><ul>
                  <li class="topicref tocentry"><a href="/portals/ui/digest/viewer/561d5d65e4b0c5c41a243bf2/561d5f9ae4b0c5c41a244818/r/_17711020_775352#_17711020_925302" data-refids=" _17711020_92530">ADVC Controller</a><ul>
                        <li class="topicref tocentry"><a href="/portals/ui/digest/viewer/561d5d65e4b0c5c41a243bf2/561d5f9ae4b0c5c41a244818/r/_17711020_775352#_17711020_Heading5_752" data-refids=" _17711020_Heading5_75">Overview</a></li>
                        <li class="topicref tocentry"><a href="/portals/ui/digest/viewer/561d5d65e4b0c5c41a243bf2/561d5f9ae4b0c5c41a244818/r/_17711020_775352#_17711020_Heading5_822" data-refids=" _17711020_Heading5_82">Applications</a></li>
                     </ul>
                  </li>
               </ul>
            </li>
         </ul>
      </li>
   </ul>
</div>        </div>
              
      </div>
          
<script type="text/javascript">
  var refId = '';
  $(document).ready(function() {
    
    function sendFeedback(feedback, type) {
      $.ajax({
        url : HARPPortal.getPortalRpcUrl('feedback'),
        type : type,
        data : JSON.stringify(feedback),
        contentType : 'application/json',
      });
    }

    function confirmFeedback(fromNegative) {
      $('#feedbackComponent').children().fadeOut(500);
      if (fromNegative) {
        $('#feedbackContainer').removeClass('col-xs-12 col-sm-6').addClass('col-sm-3');    
      }
      $('#feedbackComponent').html($('#feedbackConfirm').fadeIn(500));
    }

    $('.feedbackButton').click(function(event) {
      var feedback = {}, contentElement = $("#viewerContent");

      feedback.id = $('body').attr('data-pageId');
      feedback.topicUseful = this.value;
      feedback.portalKey = contentElement.attr("data-portalKey");
      feedback.topicKey = contentElement.attr("data-itemKey");
      feedback.projectKey = contentElement.attr("data-projectKey");
      feedback.parentKey = contentElement.attr("data-parentKey");
      feedback.refId = refId;

      sendFeedback(feedback, 'POST');

      if (this.value === 'false') {
        $('#feedbackComponent').children().fadeOut(500);
        $('#feedbackContainer').removeClass('col-sm-3').addClass('col-xs-12 col-sm-6');
        $('#feedbackComponent').html($('#feedbackComment').fadeIn(500));

        $('#commentButton').click(function() {
          $('#feedbackComponent').off('keypress');
          var comment = $("#feedbackInput").val().trim();
          if (comment !== "") {
            feedback.comment = comment;
            sendFeedback(feedback, 'PUT');
          }
          confirmFeedback(true);
        });

        $('#feedbackInput').focus();

        $('#feedbackComponent').on('keypress', function(e) {
          if (e.which === 13) {
            $('#commentButton').trigger('click');
          }
        });

      } else {
        confirmFeedback();
      }
    });
  });   
</script>

<div class="row">
  <div class="col-sm-3 pull-right" id="feedbackContainer">
    <div id="feedbackComponent">
      <div id="feedbackHelpful">
        <p>Was this helpful?</p>
        <div id="buttonDiv">
          <button class="btn btn-primary btn-xs feedbackButton" value="true">Yes</button>
          <button class="btn btn-primary btn-xs feedbackButton" value="false">No</button>
        </div>
      </div>
    </div>
  </div>
  <div id="feedbackConfirm" style="display: none">Thanks!</div>
  <div id="feedbackComment" style="display: none">
    <label for="feedbackInput">Tell us why!</label><br>
    <textarea rows="4" id="feedbackInput"></textarea><br>
    <button class="btn btn-primary btn-xs" id="commentButton">Send</button>
  </div>
</div>
                        
        <div class="col-sm-10 col-sm-offset-1 col-xs-11">

         </div>
          
	</div>
<!-- BEGIN footer -->
<footer class="navbar navbar-default harp-portal-footer" style="width: 100%; margin: 20px 0 0 0;"> <!-- navbar-fixed-bottom  -->
	<div class="container">
  <p class="navbar-text navbar-left hidden-xs">
    <span class="glyphicon glyphicon-qrcode" id="qrcodeLink"
          title="Show QR code for this page"></span>
  </p>
  <img src="/portals/qrgen?url=http%3A%2F%2Fwww.productinfo.schneider-electric.com%2Fportals%2Fui%2Fdigest%2Fviewer%2F561d5d65e4b0c5c41a243bf2%2Fnocontext%2FMaster%2BBookmap%2BContent%2F17711_MAIN%2B(bookmap)_0000065704.xml&size=180"
       id="qrcode"
       style="width: 180px; height: 180px;"
       alt="QR code for this page"
       title="QR code for this page">
<script>
  $(function() {
    var $qr = $('#qrcode')
    , $link = $('#qrcodeLink')
    , on = $qr.is('visible')
    , shown = false;
    ;

    function show() {
      var pos = $link.position();
      $qr.css({
        left: pos.left + 'px',
        bottom: ($link.outerHeight() + 20) + 'px'
      });
      $qr.fadeIn();
      on = true;
      shown = true;
    }

    function toggle() {
      if (on) {
        $qr.fadeOut();
        on = false;
      } else {
        show();
      }
    }

    $link.click(toggle);
    $qr.click(toggle);
    $link.mouseover(function() {
      if (!shown) {
        show();
      }
    });
  });
</script>
<!--		<p class="navbar-text navbar-right">
			<a href="https://td-demo.titaniasoftware.com/portals/ui/website/pages/product/delivery"
				class="navbar-link harp-footer-link" target="_blank">Powered by Titania Delivery</a>
		      <a id="footerLogo" href="http://www.titaniasoftware.com"
                class="navbar-link harp-footer-link" target="_blank">
                <img src="/portals/ui/_theme/digest/images/titania-logo_128w.png"
                        style="width: 43px; height: 16px;" alt="Titania Delivery" title="Titania Delivery">
             </a>
		</p>-->
	</div>
</footer>
<!-- END footer --></body>
</html>