<!DOCTYPE html>
<html>
<head>
<link rel="shortcut icon" href="/portals/ui/_theme/digest/favicon.ico" mce_href="/portals/ui/_theme/digest/favicon.ico" type="image/x-icon"/>
<meta name="viewport" content="width=device-width, initial-scale=1.0">
<meta http-equiv="X-UA-Compatible" content="IE=11">
<!-- HTML5 Shim and Respond.js IE8 support of HTML5 elements and media queries -->
<!--[if lt IE 9]>
  <script src="https://oss.maxcdn.com/libs/html5shiv/3.7.0/html5shiv.js"></script>
  <script src="https://oss.maxcdn.com/libs/respond.js/1.3.0/respond.min.js"></script>
<![endif]-->

<title>Section 19: Push Buttons and Operator Interface - Digest 177</title>

<script type="text/javascript" src="/portals/resources/scripts/libs/jquery-1.11.0.min.js"></script>

<script type="text/javascript" src="/portals/ui/_theme/digest/scripts/bannerfix.js"></script>
<link rel="stylesheet" href="/portals/ui/_theme/digest/style/harp-portals.less"></link>
<script type="text/javascript" src="/portals/ui/_theme/digest/scripts/bootstrap.min.js"></script>
<script type="text/javascript" src="/portals/resources/scripts/harp-sdk.js"></script><link rel="stylesheet" href="/portals/resources/cm/cm.css"></link>
<script type="text/javascript" src="/portals/resources/scripts/libs/moment.min.js"></script>
<script type="text/javascript" src="/portals/resources/cm/cm.js"></script>

<script>
  (function(i,s,o,g,r,a,m){i['GoogleAnalyticsObject']=r;i[r]=i[r]||function(){
  (i[r].q=i[r].q||[]).push(arguments)},i[r].l=1*new Date();a=s.createElement(o),
  m=s.getElementsByTagName(o)[0];a.async=1;a.src=g;m.parentNode.insertBefore(a,m)
  })(window,document,'script','//www.google-analytics.com/analytics.js','ga');

  ga('create', 'UA-39869895-2', 'auto');
  ga('send', 'pageview');

</script>

<script>
$(function() {
    $('li.topicref.harp-portal-filter-exclude > a').click(function(e) {
        alert("This content is currently unavailable.");
        e.preventDefault();
        return false;
    });
});
</script>

</head>

<body class="readerPage" data-pageId=e3f8e7d5-2d4f-468a-86b1-9c280fbb828f>


<!-- BEGIN HEADER -->
<header class="navbar navbar-default" id="harp-header-bar" role="navigation">
	<div class="container">
		<div class="navbar-header">
			<button type="button" class="navbar-toggle" data-toggle="collapse"
				data-target=".navbar-collapse">
				<span class="sr-only">Toggle navigation</span> <span
					class="icon-bar"></span> <span class="icon-bar"></span> <span
					class="icon-bar"></span>
			</button>
			<a class="navbar-brand" style="padding: 0 50px 0 0" href="http://www.schneider-electric.com/us/en" target="_blank">
  			<img src="/portals/ui/_theme/digest/images/Logo_SE_White_Transparent_RGB.PNG" style="width: 171px; height: 52px;" class="hidden-xs">
			<img src="/portals/ui/_theme/digest/images/Logo_SE_White_Transparent_RGB.PNG" style="width: 85px; height: 26px; margin-top: 9px;" class="visible-xs">
            </a>

              <!-- <a href='/portals/ui/digest/'
	               class="header-logo-link">
	                <img src="/portals/ui/_theme/digest/images/se_logo.gif" class="header-logo">
	           	</a> -->
	            <!-- <a href='/portals/ui/digest/'>
	             Digest 177
	            </a> -->
			<!-- </span>  -->
		</div>

		<div class="navbar-collapse collapse" id="headerMenu">

				<form role="search" action='/portals/ui/digest/search' class="navbar-form navbar-right hidden-xs">
					<div class="form-group">
						<label class="sr-only" for="headerTerm">Search Term</label> <input
							type="text" placeholder="Search" class="form-control"
							id="headerTerm" name="term">
					</div>
                    <button type="submit" class="btn btn-primary">
                        <span class="glyphicon glyphicon-search"></span>
                    </button>
				</form>
				<form role="search" action='/portals/ui/digest/search' class="navbar-form navbar-right navbar-input-group visible-xs">
				    <div class="form-group">
				        <label class="sr-only" for="headerTerm">Search Term</label>
				        <div class="input-group">
				            <input type="text" placeholder="Search" class="form-control"
				                id="headerTerm" name="term">
				            <span class="input-group-btn">
				                <button type="submit" class="btn btn-primary">
				                    <span class="glyphicon glyphicon-search"></span>
				                </button>
				            </span>
				        </div>
				    </div>
				</form>

			<ul class="nav navbar-nav">
                <li><a href="http://www.digestplus-us.schneider-electric.com/" target="_blank">DigestPLUS</a></li>
              	<li><a href='/portals/ui/digest/pages/landingPages/digest177'>Digest 177</a></li>
                <li><a href='/portals/ui/digest/pages/landingPages/digest177_supplement'>Supplemental Digest 177</a></li>
			</ul>
		</div>
	</div>
</header>

<div id="docTitle" class="sectionColor5">
  <div class="container">
    <div class="row">
      <div class="col-xs-12">
        <h3>        <span class="context-title">
          Section 19: Push Buttons and Operator Interface
        </span>
</h3>
      </div>
    </div>
  </div>
</div>

  <div id="floatingDocTitle" class="sectionColor5">
    <div class="container">
      <div class="row">
        <div class="col-xs-12">
          <h3>        <span class="context-title">
          Section 19: Push Buttons and Operator Interface
        </span>
</h3>
        </div>
      </div>
    </div>
  </div>

<!-- END HEADER -->
	
	<div class="container" id="tocPage">
      

      <div class="row">
        <div class="col-sm-10 col-sm-offset-1 col-xs-12 content-container" id="viewerContent"
                 	data-portalKey="562794fee4b05736848a7cb4"
                    data-itemKey="561d5f9ae4b0c5c41a244830"
                    data-projectKey="561d5d65e4b0c5c41a243bf2">
              	
<div class="map bookmap" lang="English_en" data-xtrc="bookmap:1" data-xtrf="harp://561d5d65e4b0c5c41a243bf2/pr/ORIGINAL/Master%20Bookmap%20Content/17719_MAIN%20(bookmap)_0000052086.xml">
   <div class="topicmeta bookmeta" data-xtrc="bookmeta:1" lang="English_en">
      
      <div class="metadata" data-xtrc="metadata:1" lang="English_en">
         
         
      </div>
      
   </div>
   <ul id="toc">
      <li data-refid="SelectionGuide-0242E1C2" class="topicref chapter brand:se tocentry"><span class="topichead">Selection Guide</span><ul>
            <li data-refid="_17719002_1006413" class="topicref tocentry"><span class="topichead">Push Buttons and Pilot Lights</span><ul>
                  <li class="topicref tocentry"><a href="/portals/ui/digest/viewer/561d5d65e4b0c5c41a243bf2/561d5f9ae4b0c5c41a244830/r/_17719002_1006413#PushButtonsAndPilotLights-0243208F2" data-refids=" PushButtonsAndPilotLights-0243208F">Push Button and Pilot Light Selection Guide</a></li>
                  <li class="topicref tocentry"><a href="/portals/ui/digest/viewer/561d5d65e4b0c5c41a243bf2/561d5f9ae4b0c5c41a244830/r/_17719002_1006413#PushButtonSelection-024452C72" data-refids=" PushButtonSelection-024452C7">Push Button Selection Guide</a></li>
               </ul>
            </li>
            <li data-refid="_17719004_52271" class="topicref tocentry"><span class="topichead">Control Stations</span><ul>
                  <li class="topicref tocentry"><a href="/portals/ui/digest/viewer/561d5d65e4b0c5c41a243bf2/561d5f9ae4b0c5c41a244830/r/_17719004_52271#ControlStationSelection-024464122" data-refids=" ControlStationSelection-02446412">Control Station Selection Guide</a></li>
               </ul>
            </li>
            <li data-refid="_17719006_48643" class="topicref tocentry"><span class="topichead">Tower Lights and Beacons</span><ul>
                  <li class="topicref tocentry"><a href="/portals/ui/digest/viewer/561d5d65e4b0c5c41a243bf2/561d5f9ae4b0c5c41a244830/r/_17719006_48643#TowerLightsAndBeaconsSelection-0244943A2" data-refids=" TowerLightsAndBeaconsSelection-0244943A">Tower Lights and Beacons Selection Guide (1 of 2)</a></li>
                  <li class="topicref tocentry"><a href="/portals/ui/digest/viewer/561d5d65e4b0c5c41a243bf2/561d5f9ae4b0c5c41a244830/r/_17719006_48643#TowerLightsAndBeaconsSelection-0244BE3E2" data-refids=" TowerLightsAndBeaconsSelection-0244BE3E">Tower Lights and Beacons Selection Guide (2 of 2)</a></li>
               </ul>
            </li>
            <li data-refid="_17719005_58823" class="topicref tocentry"><span class="topichead">Pendant Stations</span><ul>
                  <li class="topicref tocentry"><a href="/portals/ui/digest/viewer/561d5d65e4b0c5c41a243bf2/561d5f9ae4b0c5c41a244830/r/_17719005_58823#PendantStationSelection-02440D312" data-refids=" PendantStationSelection-02440D31">Pendant Station Selection Guide</a></li>
               </ul>
            </li>
         </ul>
      </li>
      <li data-refid="And30MmMostCommonCompleteOperators-7BADD162" class="topicref chapter tocentry"><span class="topichead">22 and 30 mm Most Common Complete Operators</span><ul>
            <li data-refid="XB4-XB5CommonOperatorsCompletewithContactBlocksCPT_0000051349" class="topicref tocentry"><span class="topichead">XB4–XB5 Common Operators, Complete with Contact Blocks</span><ul>
                  <li class="topicref tocentry"><a href="/portals/ui/digest/viewer/561d5d65e4b0c5c41a243bf2/561d5f9ae4b0c5c41a244830/r/XB4-XB5CommonOperatorsCompletewithContactBlocksCPT_0000051349#XB4XB5CommonOperators-02451DE4" data-refids=" XB4-XB5CommonOperatorsCPT_0000051347">XB4–XB5 Common Operators</a></li>
               </ul>
            </li>
            <li data-refid="TypeKSKCommonOperatorsCompletewithContactBlocksCPT_0000051396" class="topicref tocentry"><span class="topichead">Type K, SK Common Operators, Complete with Contact Blocks</span><ul>
                  <li class="topicref tocentry"><a href="/portals/ui/digest/viewer/561d5d65e4b0c5c41a243bf2/561d5f9ae4b0c5c41a244830/r/TypeKSKCommonOperatorsCompletewithContactBlocksCPT_0000051396#TypeKAndSKCommonOperators-02455313" data-refids=" TypeKandSKCommonOperatorsCPT_0000051394">Type K and SK Common Operators</a></li>
               </ul>
            </li>
         </ul>
      </li>
      <li data-refid="CompactPilotLights-7BA8EA5F" class="topicref chapter tocentry"><span class="topichead">Compact Pilot Lights</span><ul>
            <li data-refid="_17719010_63676" class="topicref brand:sd tocentry"><span class="topichead">Type XVL</span><ul>
                  <li class="topicref tocentry"><a href="/portals/ui/digest/viewer/561d5d65e4b0c5c41a243bf2/561d5f9ae4b0c5c41a244830/r/_17719010_63676#_17719010_636763" data-refids=" _17719010_636762">XVL Miniature LED</a></li>
               </ul>
            </li>
            <li data-refid="_17719011_41179" class="topicref tocentry"><span class="topichead">Type J Compact Pilot Lights</span><ul>
                  <li class="topicref tocentry"><a href="/portals/ui/digest/viewer/561d5d65e4b0c5c41a243bf2/561d5f9ae4b0c5c41a244830/r/_17719011_41179#_17719011_Heading5_32" data-refids=" _17719011_Heading5_3">Standard, Push-To-Test, and Remote Test Pilot Lights</a></li>
               </ul>
            </li>
         </ul>
      </li>
      <li data-refid="_17719012_89016" class="topicref chapter brand:se tocentry"><span class="topichead">16 mm Push Buttons</span><ul>
            <li data-refid="XB6CompleteDevices-0569EFCD" class="topicref tocentry"><span class="topichead">XB6 Complete Devices</span><ul>
                  <li class="topicref tocentry"><a href="/portals/ui/digest/viewer/561d5d65e4b0c5c41a243bf2/561d5f9ae4b0c5c41a244830/r/XB6CompleteDevices-0569EFCD#XB6CompleteDevices-FB0BCD6C2" data-refids=" XB6CompleteDevices-FB0BCD6C">XB6 Complete Devices</a></li>
               </ul>
            </li>
            <li data-refid="_17719015_20326" class="topicref tocentry"><span class="topichead">XB6 Electrical Components</span><ul>
                  <li class="topicref tocentry"><a href="/portals/ui/digest/viewer/561d5d65e4b0c5c41a243bf2/561d5f9ae4b0c5c41a244830/r/_17719015_20326#XB6ElectricalComponents-0248E2E42" data-refids=" XB6ElectricalComponents-0248E2E4">XB6 Electrical Components</a></li>
               </ul>
            </li>
            <li data-refid="_17719016_35353" class="topicref tocentry"><span class="topichead">XB6 Illuminated Operators</span><ul>
                  <li class="topicref tocentry"><a href="/portals/ui/digest/viewer/561d5d65e4b0c5c41a243bf2/561d5f9ae4b0c5c41a244830/r/_17719016_35353#XB6IlluminatedOperators-024940A02" data-refids=" XB6IlluminatedOperators-024940A0">XB6 Illuminated Operators</a></li>
               </ul>
            </li>
            <li data-refid="_17719017_89985" class="topicref tocentry"><span class="topichead">XB6 Non-Illuminated Operators and Selector Switches</span><ul>
                  <li class="topicref tocentry"><a href="/portals/ui/digest/viewer/561d5d65e4b0c5c41a243bf2/561d5f9ae4b0c5c41a244830/r/_17719017_89985#_17719017_Heading5_42" data-refids=" _17719017_Heading5_4">XB6 Non-Illuminated Operators</a></li>
               </ul>
            </li>
            <li data-refid="_17719018_89996" class="topicref tocentry"><span class="topichead">XB6 Selector Switches</span><ul>
                  <li class="topicref tocentry"><a href="/portals/ui/digest/viewer/561d5d65e4b0c5c41a243bf2/561d5f9ae4b0c5c41a244830/r/_17719018_89996#Non-IlluminatedSelectorSwitches-EDDE45A62" data-refids=" Non-IlluminatedSelectorSwitches-EDDE45A6">XB6 Non-Illuminated Selector Switches</a></li>
               </ul>
            </li>
            <li data-refid="_17719019_36575" class="topicref tocentry"><span class="topichead">XB6 Keyed Selector Switches</span><ul>
                  <li class="topicref tocentry"><a href="/portals/ui/digest/viewer/561d5d65e4b0c5c41a243bf2/561d5f9ae4b0c5c41a244830/r/_17719019_36575#XB6KeyedSelectorSwitches-024DFEC82" data-refids=" XB6KeyedSelectorSwitches-024DFEC8">XB6 Keyed Selector Switches</a></li>
               </ul>
            </li>
            <li data-refid="_17719020_32867" class="topicref tocentry"><span class="topichead">XB6 Accessories</span><ul>
                  <li class="topicref tocentry"><a href="/portals/ui/digest/viewer/561d5d65e4b0c5c41a243bf2/561d5f9ae4b0c5c41a244830/r/_17719020_32867#XB6PushButtonCaps-02501FC42" data-refids=" XB6PushButtonCaps-02501FC4">XB6 Push Button Caps</a></li>
                  <li class="topicref tocentry"><a href="/portals/ui/digest/viewer/561d5d65e4b0c5c41a243bf2/561d5f9ae4b0c5c41a244830/r/_17719020_32867#AdditionalXB6Accessories-0250A3582" data-refids=" AdditionalXB6Accessories-0250A358">Additional XB6 Accessories</a></li>
                  <li class="topicref tocentry"><a href="/portals/ui/digest/viewer/561d5d65e4b0c5c41a243bf2/561d5f9ae4b0c5c41a244830/r/_17719020_32867#LegendPlatesAndLegends-024FE23A2" data-refids=" LegendPlatesAndLegends-024FE23A">XB6 Legend Plates and Legends</a></li>
               </ul>
            </li>
            <li data-refid="XB6E-33C80036" class="topicref tocentry"><span class="topichead">XB6E Monolithic Push Buttons</span><ul>
                  <li class="topicref tocentry"><a href="/portals/ui/digest/viewer/561d5d65e4b0c5c41a243bf2/561d5f9ae4b0c5c41a244830/r/XB6E-33C80036#XB6EFlushSpringReturnPushButtons-431B7EAF2" data-refids=" XB6EFlushSpringReturnPushButtons-431B7EAF">XB6E Flush, Spring Return Push Buttons</a></li>
                  <li class="topicref tocentry"><a href="/portals/ui/digest/viewer/561d5d65e4b0c5c41a243bf2/561d5f9ae4b0c5c41a244830/r/XB6E-33C80036#XB6EPilotLightsWith12Or24VIntegralL-34C07D872" data-refids=" XB6EPilotLightsWith12Or24VIntegralL-34C07D87">XB6E Pilot Lights</a></li>
                  <li class="topicref tocentry"><a href="/portals/ui/digest/viewer/561d5d65e4b0c5c41a243bf2/561d5f9ae4b0c5c41a244830/r/XB6E-33C80036#XB6EIlluminatedPushButtonsSpringRet-34C5F70A2" data-refids=" XB6EIlluminatedPushButtonsSpringRet-34C5F70A">XB6E Illuminated Push Buttons, Spring Return</a></li>
                  <li class="topicref tocentry"><a href="/portals/ui/digest/viewer/561d5d65e4b0c5c41a243bf2/561d5f9ae4b0c5c41a244830/r/XB6E-33C80036#XB6EIlluminatedPushButtonsLatching-34C604D12" data-refids=" XB6EIlluminatedPushButtonsLatching-34C604D1">XB6E Illuminated Push Buttons, Latching</a></li>
                  <li class="topicref tocentry"><a href="/portals/ui/digest/viewer/561d5d65e4b0c5c41a243bf2/561d5f9ae4b0c5c41a244830/r/XB6E-33C80036#XB6ESelectorSwitches-34C617452" data-refids=" XB6ESelectorSwitches-34C61745">XB6E Selector Switches</a></li>
                  <li class="topicref tocentry"><a href="/portals/ui/digest/viewer/561d5d65e4b0c5c41a243bf2/561d5f9ae4b0c5c41a244830/r/XB6E-33C80036#XB6EAccessories-34C61FE42" data-refids=" XB6EAccessories-34C61FE4">XB6E Accessories</a></li>
               </ul>
            </li>
         </ul>
      </li>
      <li data-refid="MmPushButtons-ECB5155A" class="topicref chapter brand:se tocentry"><span class="topichead">22 mm Push Buttons</span><ul>
            <li data-refid="_17719023_77768" class="topicref tocentry"><span class="topichead">XB4 Complete Devices</span><ul>
                  <li class="topicref tocentry"><a href="/portals/ui/digest/viewer/561d5d65e4b0c5c41a243bf2/561d5f9ae4b0c5c41a244830/r/_17719023_77768#XB4CompleteDevicesNon-Illuminated-080099372" data-refids=" XB4CompleteDevicesNon-Illuminated-08009937">XB4 Complete Devices—Non-Illuminated</a></li>
                  <li class="topicref tocentry"><a href="/portals/ui/digest/viewer/561d5d65e4b0c5c41a243bf2/561d5f9ae4b0c5c41a244830/r/_17719023_77768#XB4CompleteDevicesIlluminated-0800D74B2" data-refids=" XB4CompleteDevicesIlluminated-0800D74B">XB4 Complete Devices—Illuminated</a></li>
               </ul>
            </li>
            <li data-refid="_17719026_89974" class="topicref tocentry"><span class="topichead">
                  <b class="ph b" data-xtrc="b:1" lang="English_en">XB4 Operators</b> 
                  </span><ul>
                  <li class="topicref tocentry"><a href="/portals/ui/digest/viewer/561d5d65e4b0c5c41a243bf2/561d5f9ae4b0c5c41a244830/r/_17719026_89974#XB4Operators-F1FB8D1B2" data-refids=" XB4Operators-F1FB8D1B">XB4 Operators</a></li>
               </ul>
            </li>
            <li data-refid="_17719028_89996" class="topicref tocentry"><span class="topichead">XB4 Operators and Emergency Stop Operators</span><ul>
                  <li class="topicref tocentry"><a href="/portals/ui/digest/viewer/561d5d65e4b0c5c41a243bf2/561d5f9ae4b0c5c41a244830/r/_17719028_89996#XB4OperatorsAndEmergencyStopOperato-02B3C9052" data-refids=" XB4OperatorsAndEmergencyStopOperato-02B3C905">XB4 Operators and Emergency Stop Operators</a></li>
               </ul>
            </li>
            <li data-refid="_17719029_90010" class="topicref tocentry"><span class="topichead">XB4 Selector Switches</span><ul>
                  <li class="topicref tocentry"><a href="/portals/ui/digest/viewer/561d5d65e4b0c5c41a243bf2/561d5f9ae4b0c5c41a244830/r/_17719029_90010#XB4SelectorSwitches-02B445EC2" data-refids=" XB4SelectorSwitches-02B445EC">XB4 Selector Switches</a></li>
               </ul>
            </li>
            <li data-refid="_17719030_90021" class="topicref tocentry"><span class="topichead">XB4 Specialty Operators</span><ul>
                  <li class="topicref tocentry"><a href="/portals/ui/digest/viewer/561d5d65e4b0c5c41a243bf2/561d5f9ae4b0c5c41a244830/r/_17719030_90021#XB4SpecialtyOperators-02B50D532" data-refids=" XB4SpecialtyOperators-02B50D53">XB4 Specialty Operators</a></li>
               </ul>
            </li>
            <li data-refid="_17719031_96001" class="topicref tocentry"><span class="topichead">XB4 Pilot Lights</span><ul>
                  <li class="topicref tocentry"><a href="/portals/ui/digest/viewer/561d5d65e4b0c5c41a243bf2/561d5f9ae4b0c5c41a244830/r/_17719031_96001#XB4PilotLights-F1F2438F2" data-refids=" XB4PilotLights-F1F2438F">XB4 Pilot Lights</a></li>
               </ul>
            </li>
            <li data-refid="_17719032_70500" class="topicref tocentry"><span class="topichead">XB4 Illuminated Operators</span><ul>
                  <li class="topicref tocentry"><a href="/portals/ui/digest/viewer/561d5d65e4b0c5c41a243bf2/561d5f9ae4b0c5c41a244830/r/_17719032_70500#XB4IlluminatedOperators-F1F29AA82" data-refids=" XB4IlluminatedOperators-F1F29AA8">XB4 Illuminated Operators</a></li>
               </ul>
            </li>
            <li data-refid="_17719034_55332" class="topicref tocentry"><span class="topichead">XB4 Electrical Components</span><ul>
                  <li class="topicref tocentry"><a href="/portals/ui/digest/viewer/561d5d65e4b0c5c41a243bf2/561d5f9ae4b0c5c41a244830/r/_17719034_55332#XB4ElectricalComponents-F1F322B62" data-refids=" XB4ElectricalComponents-F1F322B6">XB4 Electrical Components</a></li>
               </ul>
            </li>
            <li data-refid="_17719037_64066" class="topicref tocentry"><span class="topichead">XB4 Legend Holders</span><ul>
                  <li class="topicref tocentry"><a href="/portals/ui/digest/viewer/561d5d65e4b0c5c41a243bf2/561d5f9ae4b0c5c41a244830/r/_17719037_64066#XB4LegendHolders-EF4398602" data-refids=" XB4LegendHolders-EF439860">XB4 Legend Holders</a></li>
               </ul>
            </li>
            <li data-refid="XB4LegendInserts-4CEE7D46" class="topicref tocentry"><span class="topichead">XB4 Legend Inserts</span><ul>
                  <li class="topicref tocentry"><a href="/portals/ui/digest/viewer/561d5d65e4b0c5c41a243bf2/561d5f9ae4b0c5c41a244830/r/XB4LegendInserts-4CEE7D46#XB4LegendInsertsOnly-EF9C5BAE2" data-refids=" XB4LegendInsertsOnly-EF9C5BAE">XB4 Legend Inserts</a></li>
                  <li class="topicref tocentry"><a href="/portals/ui/digest/viewer/561d5d65e4b0c5c41a243bf2/561d5f9ae4b0c5c41a244830/r/XB4LegendInserts-4CEE7D46#XB4LegendSheets-07FF63912" data-refids=" XB4LegendSheets-07FF6391">XB4 Legend Sheets</a></li>
               </ul>
            </li>
            <li data-refid="_17719039_59821" class="topicref tocentry"><span class="topichead">XB4 Accessories</span><ul>
                  <li class="topicref tocentry"><a href="/portals/ui/digest/viewer/561d5d65e4b0c5c41a243bf2/561d5f9ae4b0c5c41a244830/r/_17719039_59821#_17719039_699262" data-refids=" _17719039_69926">XB4 Accessories</a></li>
               </ul>
            </li>
            <li data-refid="_17719042_51082" class="topicref tocentry"><span class="topichead">XB5 Complete Devices</span><ul>
                  <li class="topicref tocentry"><a href="/portals/ui/digest/viewer/561d5d65e4b0c5c41a243bf2/561d5f9ae4b0c5c41a244830/r/_17719042_51082#XB5CompleteDevices-EFC91D002" data-refids=" XB5CompleteDevices-EFC91D00">XB5 Complete Devices</a></li>
               </ul>
            </li>
            <li data-refid="_17719045_77052" class="topicref tocentry"><span class="topichead">XB5 Non-Illuminated Operators</span><ul>
                  <li class="topicref tocentry"><a href="/portals/ui/digest/viewer/561d5d65e4b0c5c41a243bf2/561d5f9ae4b0c5c41a244830/r/_17719045_77052#XB5Non-IlluminatedOperators-F1F42BE72" data-refids=" XB5Non-IlluminatedOperators-F1F42BE7">XB5 Non-Illuminated Operators</a></li>
               </ul>
            </li>
            <li data-refid="_17719048_55332" class="topicref tocentry"><span class="topichead">XB5 Emergency Stop Operators</span><ul>
                  <li class="topicref tocentry"><a href="/portals/ui/digest/viewer/561d5d65e4b0c5c41a243bf2/561d5f9ae4b0c5c41a244830/r/_17719048_55332#XB5EmergencyStopOperators-F1F487B92" data-refids=" XB5EmergencyStopOperators-F1F487B9">XB5 Emergency Stop Operators</a></li>
               </ul>
            </li>
            <li data-refid="_17719049_55332" class="topicref tocentry"><span class="topichead">XB5 Selector Switches</span><ul>
                  <li class="topicref tocentry"><a href="/portals/ui/digest/viewer/561d5d65e4b0c5c41a243bf2/561d5f9ae4b0c5c41a244830/r/_17719049_55332#XB5SelectorSwitches-F1F4CF0A2" data-refids=" XB5SelectorSwitches-F1F4CF0A">XB5 Selector Switches</a></li>
               </ul>
            </li>
            <li data-refid="_17719050_68384" class="topicref tocentry"><span class="topichead">XB5 Specialty Operators</span><ul>
                  <li class="topicref tocentry"><a href="/portals/ui/digest/viewer/561d5d65e4b0c5c41a243bf2/561d5f9ae4b0c5c41a244830/r/_17719050_68384#XB5SpecialtyOperators-F1F51A262" data-refids=" XB5SpecialtyOperators-F1F51A26">XB5 Specialty Operators</a></li>
               </ul>
            </li>
            <li data-refid="_17719051_70245" class="topicref tocentry"><span class="topichead">XB5 Pilot Lights</span><ul>
                  <li class="topicref tocentry"><a href="/portals/ui/digest/viewer/561d5d65e4b0c5c41a243bf2/561d5f9ae4b0c5c41a244830/r/_17719051_70245#XB5PilotLights-F1F579382" data-refids=" XB5PilotLights-F1F57938">XB5 Pilot Lights</a></li>
               </ul>
            </li>
            <li data-refid="_17719053_71049" class="topicref tocentry"><span class="topichead">XB5 Illuminated Operators</span><ul>
                  <li class="topicref tocentry"><a href="/portals/ui/digest/viewer/561d5d65e4b0c5c41a243bf2/561d5f9ae4b0c5c41a244830/r/_17719053_71049#XB5IluminatedOperators-F1F5AD2B2" data-refids=" XB5IluminatedOperators-F1F5AD2B">XB5 Illuminated Operators</a></li>
               </ul>
            </li>
            <li data-refid="_17719055_71829" class="topicref tocentry"><span class="topichead">XB5 Electrical Components</span><ul>
                  <li class="topicref tocentry"><a href="/portals/ui/digest/viewer/561d5d65e4b0c5c41a243bf2/561d5f9ae4b0c5c41a244830/r/_17719055_71829#XB5ElectricalComponents-F1F605AD2" data-refids=" XB5ElectricalComponents-F1F605AD">XB5 Electrical Components</a></li>
               </ul>
            </li>
            <li data-refid="_17719058_55332" class="topicref tocentry"><span class="topichead">XB5 Legend Holders</span><ul>
                  <li class="topicref tocentry"><a href="/portals/ui/digest/viewer/561d5d65e4b0c5c41a243bf2/561d5f9ae4b0c5c41a244830/r/_17719058_55332#XB4LegendHolders-F14C7EC32" data-refids=" XB4LegendHolders-F14C7EC3">XB5 Legend Holders</a></li>
               </ul>
            </li>
            <li data-refid="_17719059_70073" class="topicref tocentry"><span class="topichead">XB5 Legend Inserts</span><ul>
                  <li class="topicref tocentry"><a href="/portals/ui/digest/viewer/561d5d65e4b0c5c41a243bf2/561d5f9ae4b0c5c41a244830/r/_17719059_70073#XB4LegendInsertsOnly-F14D8E282" data-refids=" XB4LegendInsertsOnly-F14D8E28">XB5 Legend Inserts</a></li>
               </ul>
            </li>
            <li data-refid="_17719060_67809" class="topicref tocentry"><span class="topichead">XB5 Accessories</span><ul>
                  <li class="topicref tocentry"><a href="/portals/ui/digest/viewer/561d5d65e4b0c5c41a243bf2/561d5f9ae4b0c5c41a244830/r/_17719060_67809#XB5Accessories-F14E86282" data-refids=" XB5Accessories-F14E8628">XB5 Accessories</a></li>
               </ul>
            </li>
            <li data-refid="_17719063_63886" class="topicref tocentry"><span class="topichead">XB5R Plastic and XB4R Metal Wireless, Batteryless Push Buttons</span><ul>
                  <li class="topicref tocentry"><a href="/portals/ui/digest/viewer/561d5d65e4b0c5c41a243bf2/561d5f9ae4b0c5c41a244830/r/_17719063_63886#XB5RPlasticAndXB4RMetalWirelessBatt-3D7B39202" data-refids=" XB5RPlasticAndXB4RMetalWirelessBatt-3D7B3920">XB5R Plastic and XB4R Metal Wireless, Batteryless Push Buttons</a></li>
                  <li class="topicref tocentry"><a href="/portals/ui/digest/viewer/561d5d65e4b0c5c41a243bf2/561d5f9ae4b0c5c41a244830/r/_17719063_63886#XB5RAndXB4RAccessories-373333092" data-refids=" XB5RAndXB4RAccessories-37333309">XB5R and XB4R Accessories</a></li>
                  <li class="topicref tocentry"><a href="/portals/ui/digest/viewer/561d5d65e4b0c5c41a243bf2/561d5f9ae4b0c5c41a244830/r/_17719063_63886#AccessPointsAndAccessories-3666F0692" data-refids=" AccessPointsAndAccessories-3666F069">ZBRN1 and ZBRN2 Access Points</a></li>
               </ul>
            </li>
            <li data-refid="_17719065_63886" class="topicref tocentry"><span class="topichead">XB5S Biometric Switches</span><ul>
                  <li class="topicref tocentry"><a href="/portals/ui/digest/viewer/561d5d65e4b0c5c41a243bf2/561d5f9ae4b0c5c41a244830/r/_17719065_63886#_17719065_821292" data-refids=" _17719065_82129">Biometric Switches</a></li>
               </ul>
            </li>
            <li data-refid="XB7PushButtons-373CB87E" class="topicref tocentry"><span class="topichead">XB7 Push Buttons</span><ul>
                  <li class="topicref tocentry"><a href="/portals/ui/digest/viewer/561d5d65e4b0c5c41a243bf2/561d5f9ae4b0c5c41a244830/r/XB7PushButtons-373CB87E#XB7PushButtons-373CE13F2" data-refids=" XB7PushButtons-373CE13F">XB7 Push Buttons</a></li>
                  <li class="topicref tocentry"><a href="/portals/ui/digest/viewer/561d5d65e4b0c5c41a243bf2/561d5f9ae4b0c5c41a244830/r/XB7PushButtons-373CB87E#XB7IlluminatedPushButtons-3745F7262" data-refids=" XB7IlluminatedPushButtons-3745F726">XB7 Illuminated Push Buttons with Projecting Push</a></li>
                  <li class="topicref tocentry"><a href="/portals/ui/digest/viewer/561d5d65e4b0c5c41a243bf2/561d5f9ae4b0c5c41a244830/r/XB7PushButtons-373CB87E#XB7PilotLights-374612B42" data-refids=" XB7PilotLights-374612B4">XB7 Pilot Lights</a></li>
                  <li class="topicref tocentry"><a href="/portals/ui/digest/viewer/561d5d65e4b0c5c41a243bf2/561d5f9ae4b0c5c41a244830/r/XB7PushButtons-373CB87E#XB7SelectorSwitchesAndKeySwitches-37463F592" data-refids=" XB7SelectorSwitchesAndKeySwitches-37463F59">XB7 Selector Switches and Key Switches</a></li>
                  <li class="topicref tocentry"><a href="/portals/ui/digest/viewer/561d5d65e4b0c5c41a243bf2/561d5f9ae4b0c5c41a244830/r/XB7PushButtons-373CB87E#XB7MushroomHeadPushButtons-374659D02" data-refids=" XB7MushroomHeadPushButtons-374659D0">XB7 Mushroom Head Push Buttons</a></li>
                  <li class="topicref tocentry"><a href="/portals/ui/digest/viewer/561d5d65e4b0c5c41a243bf2/561d5f9ae4b0c5c41a244830/r/XB7PushButtons-373CB87E#XB7LegendHoldersAndLegends-3746785B2" data-refids=" XB7LegendHoldersAndLegends-3746785B">XB7 Legend Holders and Legends</a></li>
                  <li class="topicref tocentry"><a href="/portals/ui/digest/viewer/561d5d65e4b0c5c41a243bf2/561d5f9ae4b0c5c41a244830/r/XB7PushButtons-373CB87E#XB7Accessories-37468C8D2" data-refids=" XB7Accessories-37468C8D">XB7 Accessories</a></li>
               </ul>
            </li>
         </ul>
      </li>
      <li data-refid="_17719068_55994" class="topicref chapter brand:se tocentry"><span class="topichead">30 mm Push Buttons</span><ul>
            <li data-refid="_17719067_45403" class="topicref brand:sd tocentry"><span class="topichead">Type K Heavy Duty Operators</span><ul>
                  <li class="topicref tocentry"><a href="/portals/ui/digest/viewer/561d5d65e4b0c5c41a243bf2/561d5f9ae4b0c5c41a244830/r/_17719067_45403#TypeKHeavyDutyOperators-F23671F02" data-refids=" TypeKHeavyDutyOperators-F23671F0">Type K Heavy Duty Operators</a></li>
               </ul>
            </li>
            <li data-refid="_17719070_10902" class="topicref brand:sd tocentry"><span class="topichead">9001 K Selector Switches</span><ul>
                  <li class="topicref tocentry"><a href="/portals/ui/digest/viewer/561d5d65e4b0c5c41a243bf2/561d5f9ae4b0c5c41a244830/r/_17719070_10902#KAndSKSelectorSwitches-F25F3D922" data-refids=" KAndSKSelectorSwitches-F25F3D92">9001K 2-Position Selector Switches</a></li>
                  <li class="topicref tocentry"><a href="/portals/ui/digest/viewer/561d5d65e4b0c5c41a243bf2/561d5f9ae4b0c5c41a244830/r/_17719070_10902#K3-PositionSelectorSwitches-38E231F02" data-refids=" K3-PositionSelectorSwitches-38E231F0">9001K 3-Position Selector Switches</a></li>
                  <li class="topicref tocentry"><a href="/portals/ui/digest/viewer/561d5d65e4b0c5c41a243bf2/561d5f9ae4b0c5c41a244830/r/_17719070_10902#K4-PositionSelectorSwitches-38E1CE6B2" data-refids=" K4-PositionSelectorSwitches-38E1CE6B">9001K 4-Position Selector Switches</a></li>
                  <li class="topicref tocentry"><a href="/portals/ui/digest/viewer/561d5d65e4b0c5c41a243bf2/561d5f9ae4b0c5c41a244830/r/_17719070_10902#_17719072_Heading5_1882" data-refids=" _17719072_Heading5_188">Potentiometers with Dial Plate</a></li>
               </ul>
            </li>
            <li data-refid="_17719073_75310" class="topicref brand:sd tocentry"><span class="topichead">Type K, KX, and SK Selector Switch Guide</span><ul>
                  <li class="topicref tocentry"><a href="/portals/ui/digest/viewer/561d5d65e4b0c5c41a243bf2/561d5f9ae4b0c5c41a244830/r/_17719073_75310#TypeKKXAndSKSelectorSwitchGuide-F2D9A9362" data-refids=" TypeKKXAndSKSelectorSwitchGuide-F2D9A936">Type K, KX, and SK Selector Switch Guide</a></li>
               </ul>
            </li>
            <li data-refid="_17719074_55332" class="topicref brand:sd tocentry"><span class="topichead">Type K Heavy Duty Pilot Lights</span><ul>
                  <li class="topicref tocentry"><a href="/portals/ui/digest/viewer/561d5d65e4b0c5c41a243bf2/561d5f9ae4b0c5c41a244830/r/_17719074_55332#TypeKHeavyDutyPilotLights-F40A0E412" data-refids=" TypeKHeavyDutyPilotLights-F40A0E41">Type K Heavy Duty Pilot Lights</a></li>
               </ul>
            </li>
            <li data-refid="TypeKHeavyDutySpecialtyOperatorsCPT_0000051788" class="topicref tocentry"><span class="topichead">Type K Heavy Duty Specialty Operators</span><ul>
                  <li class="topicref tocentry"><a href="/portals/ui/digest/viewer/561d5d65e4b0c5c41a243bf2/561d5f9ae4b0c5c41a244830/r/TypeKHeavyDutySpecialtyOperatorsCPT_0000051788#_17719075_72670" data-refids=" TypeKHeavyDutySpecialtyOperatorsCPT_0000051834">Type K Heavy Duty Specialty Operators</a></li>
               </ul>
            </li>
            <li data-refid="_17719077_42419" class="topicref brand:sd tocentry"><span class="topichead">Type SK Corrosion Resistant Non-Illuminated Operators</span><ul>
                  <li class="topicref tocentry"><a href="/portals/ui/digest/viewer/561d5d65e4b0c5c41a243bf2/561d5f9ae4b0c5c41a244830/r/_17719077_42419#TypeSKCorrosionResistantNon-Illumin-F4E86CC12" data-refids=" TypeSKCorrosionResistantNon-Illumin-F4E86CC1">30 mm Momentary Push Button Operators, UL Types 4, 4X, 13/NEMA
                        4, 4X, 13</a></li>
               </ul>
            </li>
            <li data-refid="_17719078_79905" class="topicref brand:sd tocentry"><span class="topichead">Type SK Corrosion Resistant Multifunction Operators</span><ul>
                  <li class="topicref tocentry"><a href="/portals/ui/digest/viewer/561d5d65e4b0c5c41a243bf2/561d5f9ae4b0c5c41a244830/r/_17719078_79905#_17719078_799062" data-refids=" _17719078_79906">30 mm Multifunction Operators UL Types 4, 4X, 13/NEMA 4, 4X,
                        13</a></li>
               </ul>
            </li>
            <li data-refid="_17719079_70688" class="topicref brand:sd tocentry"><span class="topichead">
                  <b class="ph b" data-xtrc="b:1" lang="English_en">Type SK Corrosion Resistant Illuminated Operators </b>
                  </span><ul>
                  <li class="topicref tocentry"><a href="/portals/ui/digest/viewer/561d5d65e4b0c5c41a243bf2/561d5f9ae4b0c5c41a244830/r/_17719079_70688#TypeSKCorrosionResistantIlluminated-02D3FF692" data-refids=" TypeSKCorrosionResistantIlluminated-02D3FF69">Type SK Corrosion Resistant Illuminated Operators</a></li>
               </ul>
            </li>
            <li data-refid="_17719080_34859" class="topicref tocentry"><span class="topichead">9001SK Corrosion Resistant Selector Switches</span><ul>
                  <li class="topicref tocentry"><a href="/portals/ui/digest/viewer/561d5d65e4b0c5c41a243bf2/561d5f9ae4b0c5c41a244830/r/_17719080_34859#SK2PositionSelectorSwitches-05ED2CD12" data-refids=" SK2PositionSelectorSwitches-05ED2CD1">9001SK 2-Position Selector Switches</a></li>
                  <li class="topicref tocentry"><a href="/portals/ui/digest/viewer/561d5d65e4b0c5c41a243bf2/561d5f9ae4b0c5c41a244830/r/_17719080_34859#SK3PositionSelectorSwitches-05ED92142" data-refids=" SK3PositionSelectorSwitches-05ED9214">9001SK 3-Position Selector Switches</a></li>
                  <li class="topicref tocentry"><a href="/portals/ui/digest/viewer/561d5d65e4b0c5c41a243bf2/561d5f9ae4b0c5c41a244830/r/_17719080_34859#SK4-PositionSelectorSwitches-05F0DAE12" data-refids=" SK4-PositionSelectorSwitches-05F0DAE1">9001SK 4-Position Selector Switches</a></li>
                  <li class="topicref tocentry"><a href="/portals/ui/digest/viewer/561d5d65e4b0c5c41a243bf2/561d5f9ae4b0c5c41a244830/r/_17719080_34859#_17719082_Heading5_1542" data-refids=" _17719082_Heading5_154">Potentiometers with Dial Plate</a></li>
               </ul>
            </li>
            <li data-refid="_17719083_55332" class="topicref brand:sd tocentry"><span class="topichead">Type SK Corrosion Resistant Pilot Lights</span><ul>
                  <li class="topicref tocentry"><a href="/portals/ui/digest/viewer/561d5d65e4b0c5c41a243bf2/561d5f9ae4b0c5c41a244830/r/_17719083_55332#TypeSKCorrosionResistantPilotLights-F57163872" data-refids=" TypeSKCorrosionResistantPilotLights-F5716387">Type SK Corrosion Resistant Pilot Lights</a></li>
               </ul>
            </li>
            <li data-refid="_17719084_88021" class="topicref brand:sd tocentry"><span class="topichead">Type SK Corrosion Resistant Multifunction Operators</span><ul>
                  <li class="topicref tocentry"><a href="/portals/ui/digest/viewer/561d5d65e4b0c5c41a243bf2/561d5f9ae4b0c5c41a244830/r/_17719084_88021#TypeSKCorrosionResistantMultifuncti-F572519F2" data-refids=" TypeSKCorrosionResistantMultifuncti-F572519F">Type SK Corrosion Resistant Multifunction Operators</a></li>
               </ul>
            </li>
            <li data-refid="_17719085_82046" class="topicref brand:sd tocentry"><span class="topichead">
                  <b class="ph b" data-xtrc="b:1" lang="English_en">Type K, SK and KX Electrical Components</b> 
                  </span><ul>
                  <li class="topicref tocentry"><a href="/portals/ui/digest/viewer/561d5d65e4b0c5c41a243bf2/561d5f9ae4b0c5c41a244830/r/_17719085_82046#ContactBlocks-F57720232" data-refids=" ContactBlocks-F5772023">Type KA Contact Blocks</a></li>
                  <li class="topicref tocentry"><a href="/portals/ui/digest/viewer/561d5d65e4b0c5c41a243bf2/561d5f9ae4b0c5c41a244830/r/_17719085_82046#StandardLightModules-F57775582" data-refids=" StandardLightModules-F5777558">Standard and Shallow Depth Light Modules</a></li>
                  <li class="topicref tocentry"><a href="/portals/ui/digest/viewer/561d5d65e4b0c5c41a243bf2/561d5f9ae4b0c5c41a244830/r/_17719085_82046#SquareDOfferingAccordingToClassDivi-F5D5E2652" data-refids=" SquareDOfferingAccordingToClassDivi-F5D5E265">Square D Offering According to Class, Division, and Group</a></li>
                  <li class="topicref tocentry"><a href="/portals/ui/digest/viewer/561d5d65e4b0c5c41a243bf2/561d5f9ae4b0c5c41a244830/r/_17719085_82046#HermeticallySealedLogicReedContactB-F5D718D52" data-refids=" HermeticallySealedLogicReedContactB-F5D718D5">Hermetically Sealed Logic Reed Contact Blocks</a></li>
                  <li class="topicref tocentry"><a href="/portals/ui/digest/viewer/561d5d65e4b0c5c41a243bf2/561d5f9ae4b0c5c41a244830/r/_17719085_82046#HermeticallySealedPowerReedContactB-F5D74C5B2" data-refids=" HermeticallySealedPowerReedContactB-F5D74C5B">Hermetically Sealed Power Reed Contact Blocks</a></li>
               </ul>
            </li>
            <li data-refid="_17719088_55537" class="topicref brand:sd tocentry"><span class="topichead">
                  <b class="ph b" data-xtrc="b:1" lang="English_en">Type K, SK and KX Contact Block “H” Numbers</b>
                  </span><ul>
                  <li class="topicref tocentry"><a href="/portals/ui/digest/viewer/561d5d65e4b0c5c41a243bf2/561d5f9ae4b0c5c41a244830/r/_17719088_55537#_17719088_683902" data-refids=" _17719088_68390">Type K, SK, and KX Contact Block “H” Numbers</a></li>
               </ul>
            </li>
            <li data-refid="_17719089_55332" class="topicref brand:sd tocentry"><span class="topichead">Type K and SK Accessories</span><ul>
                  <li class="topicref tocentry"><a href="/portals/ui/digest/viewer/561d5d65e4b0c5c41a243bf2/561d5f9ae4b0c5c41a244830/r/_17719089_55332#_17719089_685172" data-refids=" _17719089_68517">Legend Plates for Types K and SK Operators</a></li>
                  <li class="topicref tocentry"><a href="/portals/ui/digest/viewer/561d5d65e4b0c5c41a243bf2/561d5f9ae4b0c5c41a244830/r/_17719089_55332#PadlockAttachmentsForTypeKAndSKOper-045C23AB2" data-refids=" PadlockAttachmentsForTypeKAndSKOper-045C23AB">Padlock Attachments for Type K and SK Operators</a></li>
                  <li class="topicref tocentry"><a href="/portals/ui/digest/viewer/561d5d65e4b0c5c41a243bf2/561d5f9ae4b0c5c41a244830/r/_17719089_55332#MushroomButtonGuardsForTypeKAndSKOp-045E28592" data-refids=" MushroomButtonGuardsForTypeKAndSKOp-045E2859">Mushroom Button Guards for Type K and SK Operators</a></li>
                  <li class="topicref tocentry"><a href="/portals/ui/digest/viewer/561d5d65e4b0c5c41a243bf2/561d5f9ae4b0c5c41a244830/r/_17719089_55332#PotectiveBootsForTypeKAndSKOperator-045E583E2" data-refids=" PotectiveBootsForTypeKAndSKOperator-045E583E">Potective Boots for Type K and SK Operators</a></li>
                  <li class="topicref tocentry"><a href="/portals/ui/digest/viewer/561d5d65e4b0c5c41a243bf2/561d5f9ae4b0c5c41a244830/r/_17719089_55332#ClosingPlatesForTypeKAndSKOperators-045E82EA2" data-refids=" ClosingPlatesForTypeKAndSKOperators-045E82EA">Closing Plates for Type K and SK Operators</a></li>
                  <li class="topicref tocentry"><a href="/portals/ui/digest/viewer/561d5d65e4b0c5c41a243bf2/561d5f9ae4b0c5c41a244830/r/_17719089_55332#AdditionalAccessoriesForTypeKAndSKO-045EF2322" data-refids=" AdditionalAccessoriesForTypeKAndSKO-045EF232">Additional Accessories for Type K and SK Operators</a></li>
                  <li class="topicref tocentry"><a href="/portals/ui/digest/viewer/561d5d65e4b0c5c41a243bf2/561d5f9ae4b0c5c41a244830/r/_17719089_55332#RingNutsForTypeKAndSKOperators-045F681F2" data-refids=" RingNutsForTypeKAndSKOperators-045F681F">Ring Nuts for Type K and SK Operators</a></li>
                  <li class="topicref tocentry"><a href="/portals/ui/digest/viewer/561d5d65e4b0c5c41a243bf2/561d5f9ae4b0c5c41a244830/r/_17719089_55332#ReplacementAndRepairPartsForTypeKAn-0460F3CF2" data-refids=" ReplacementAndRepairPartsForTypeKAn-0460F3CF">Replacement and Repair Parts for Type K and SK Operators</a></li>
                  <li class="topicref tocentry"><a href="/portals/ui/digest/viewer/561d5d65e4b0c5c41a243bf2/561d5f9ae4b0c5c41a244830/r/_17719089_55332#InterlockForTypeKAndSKOperators-0460C65E2" data-refids=" InterlockForTypeKAndSKOperators-0460C65E">Interlock for Type K and SK Operators</a></li>
                  <li class="topicref tocentry"><a href="/portals/ui/digest/viewer/561d5d65e4b0c5c41a243bf2/561d5f9ae4b0c5c41a244830/r/_17719089_55332#ScrewdriverForTypeKAndSKOperators-046044452" data-refids=" ScrewdriverForTypeKAndSKOperators-04604445">Screwdriver for Type K and SK Operators</a></li>
                  <li class="topicref tocentry"><a href="/portals/ui/digest/viewer/561d5d65e4b0c5c41a243bf2/561d5f9ae4b0c5c41a244830/r/_17719089_55332#WrenchesForTypeKAndSKOperators-045FC4582" data-refids=" WrenchesForTypeKAndSKOperators-045FC458">Wrenches for Type K and SK Operators</a></li>
               </ul>
            </li>
         </ul>
      </li>
      <li data-refid="_17719094_10822" class="topicref chapter brand:se tocentry"><span class="topichead">30 mm Push Buttons (Square)</span><ul>
            <li data-refid="_17719094_74908" class="topicref tocentry"><span class="topichead">KX Square Multifunction Operators</span><ul>
                  <li class="topicref tocentry"><a href="/portals/ui/digest/viewer/561d5d65e4b0c5c41a243bf2/561d5f9ae4b0c5c41a244830/r/_17719094_74908#KXSquarePushButtonsWithContacts-0467F0E12" data-refids=" KXSquarePushButtonsWithContacts-0467F0E1">KX Square Push Buttons with Contacts</a></li>
                  <li class="topicref tocentry"><a href="/portals/ui/digest/viewer/561d5d65e4b0c5c41a243bf2/561d5f9ae4b0c5c41a244830/r/_17719094_74908#KXSquareSelectorSwitchesWithContact-0466979F2" data-refids=" KXSquareSelectorSwitchesWithContact-0466979F">KX Square Selector Switches with Contacts</a></li>
                  <li class="topicref tocentry"><a href="/portals/ui/digest/viewer/561d5d65e4b0c5c41a243bf2/561d5f9ae4b0c5c41a244830/r/_17719094_74908#KXSquarePotentiometers-046657232" data-refids=" KXSquarePotentiometers-04665723">KX Square Potentiometers</a></li>
                  <li class="topicref tocentry"><a href="/portals/ui/digest/viewer/561d5d65e4b0c5c41a243bf2/561d5f9ae4b0c5c41a244830/r/_17719094_74908#KXSquarePilotLights-046633C72" data-refids=" KXSquarePilotLights-046633C7">KX Square Pilot Lights</a></li>
                  <li class="topicref tocentry"><a href="/portals/ui/digest/viewer/561d5d65e4b0c5c41a243bf2/561d5f9ae4b0c5c41a244830/r/_17719094_74908#_17719096_10151182" data-refids=" _17719096_1015118">KX Square Push Buttons without Contacts</a></li>
                  <li class="topicref tocentry"><a href="/portals/ui/digest/viewer/561d5d65e4b0c5c41a243bf2/561d5f9ae4b0c5c41a244830/r/_17719094_74908#KXSquareSelectorsWithoutContacts-046947262" data-refids=" KXSquareSelectorsWithoutContacts-04694726">KX Square Selectors without Contacts</a></li>
                  <li class="topicref tocentry"><a href="/portals/ui/digest/viewer/561d5d65e4b0c5c41a243bf2/561d5f9ae4b0c5c41a244830/r/_17719094_74908#KXContactBlocks-04695EF32" data-refids=" KXContactBlocks-04695EF3">Contact Blocks</a></li>
               </ul>
            </li>
            <li data-refid="_17719098_99961" class="topicref brand:sd tocentry"><span class="topichead">KX Accessories</span><ul>
                  <li class="topicref tocentry"><a href="/portals/ui/digest/viewer/561d5d65e4b0c5c41a243bf2/561d5f9ae4b0c5c41a244830/r/_17719098_99961#TypeKXLegendPlates-04C1ABED2" data-refids=" TypeKXLegendPlates-04C1ABED">Type KX Legend Plates</a></li>
                  <li class="topicref tocentry"><a href="/portals/ui/digest/viewer/561d5d65e4b0c5c41a243bf2/561d5f9ae4b0c5c41a244830/r/_17719098_99961#AdditionalAccessoriesForTypeKXOpera-04C553C82" data-refids=" AdditionalAccessoriesForTypeKXOpera-04C553C8">Additional Accessories for Type KX Operators</a></li>
               </ul>
            </li>
         </ul>
      </li>
      <li data-refid="_17719100_38799" class="topicref chapter brand:se tocentry"><span class="topichead">Control Stations and Enclosures</span><ul>
            <li data-refid="_17719100_13941" class="topicref tocentry"><span class="topichead">XAL 22 mm Control Stations </span><ul>
                  <li class="topicref tocentry"><a href="/portals/ui/digest/viewer/561d5d65e4b0c5c41a243bf2/561d5f9ae4b0c5c41a244830/r/_17719100_13941#XALControlStationsEnclosuresAndAcce-04C6F7CB2" data-refids=" XALControlStationsEnclosuresAndAcce-04C6F7CB">XAL Control Stations, Enclosures, and Accessories</a></li>
               </ul>
            </li>
            <li data-refid="_17719102_70132" class="topicref tocentry"><span class="topichead">XAP 22 mm Enclosures and Accessories </span><ul>
                  <li class="topicref tocentry"><a href="/portals/ui/digest/viewer/561d5d65e4b0c5c41a243bf2/561d5f9ae4b0c5c41a244830/r/_17719102_70132#XAPEnclosuresAndAccessories-04C7BA842" data-refids=" XAPEnclosuresAndAccessories-04C7BA84">XAP Enclosures and Accessories</a></li>
               </ul>
            </li>
            <li data-refid="_17719103_46114" class="topicref tocentry"><span class="topichead">9001B Standard Duty Control Stations</span><ul>
                  <li class="topicref tocentry"><a href="/portals/ui/digest/viewer/561d5d65e4b0c5c41a243bf2/561d5f9ae4b0c5c41a244830/r/_17719103_46114#BStandardDutyControlStations-04C91B762" data-refids=" BStandardDutyControlStations-04C91B76">9001B Standard Duty Control Stations</a></li>
               </ul>
            </li>
         </ul>
      </li>
      <li data-refid="_17719104_Heading1_2" class="topicref chapter brand:se tocentry"><span class="topichead">30 mm Control Stations and Enclosures</span><ul>
            <li data-refid="_17719104_75343" class="topicref tocentry"><span class="topichead">Type B Standard Duty Control Stations—Replacement Parts</span><ul>
                  <li class="topicref tocentry"><a href="/portals/ui/digest/viewer/561d5d65e4b0c5c41a243bf2/561d5f9ae4b0c5c41a244830/r/_17719104_75343#ReplacementPartsForTypeBStandardDut-04C996F72" data-refids=" ReplacementPartsForTypeBStandardDut-04C996F7">Replacement Parts for Type B Standard Duty Control Stations</a></li>
               </ul>
            </li>
         </ul>
      </li>
      <li data-refid="_17719105_82752" class="topicref chapter brand:se tocentry"><span class="topichead">30 mm Enclosures</span><ul>
            <li data-refid="_17719105_12990" class="topicref tocentry"><span class="topichead">9001KY/SKY Control Stations</span><ul>
                  <li class="topicref tocentry"><a href="/portals/ui/digest/viewer/561d5d65e4b0c5c41a243bf2/561d5f9ae4b0c5c41a244830/r/_17719105_12990#KYAnd9001SKYControlStations-04CA222D2" data-refids=" KYAnd9001SKYControlStations-04CA222D">9001KY and 9001SKY Control Stations</a></li>
                  <li class="topicref tocentry"><a href="/portals/ui/digest/viewer/561d5d65e4b0c5c41a243bf2/561d5f9ae4b0c5c41a244830/r/_17719105_12990#Assembled9001KYSKYControlStations-04CB00942" data-refids=" Assembled9001KYSKYControlStations-04CB0094">Assembled 9001KY/SKY Control Stations</a></li>
               </ul>
            </li>
         </ul>
      </li>
      <li data-refid="PointOfPurchasePoPProducts-39DBD18A" class="topicref chapter brand:se tocentry"><span class="topichead">Point of Purchase—PoP Products</span><ul>
            <li data-refid="PointOfPurchase-6C5AEB82" class="topicref tocentry"><span class="topichead">Point of Purchase</span><ul>
                  <li class="topicref tocentry"><a href="/portals/ui/digest/viewer/561d5d65e4b0c5c41a243bf2/561d5f9ae4b0c5c41a244830/r/PointOfPurchase-6C5AEB82#PointOfPurchasePoPProducts-39DBDE992" data-refids=" PointOfPurchasePoPProducts-39DBDE99">Point of Purchase—PoP Products</a></li>
               </ul>
            </li>
         </ul>
      </li>
      <li data-refid="_17719107_Heading1_2" class="topicref chapter brand:se tocentry"><span class="topichead">Tower Lights and Beacons</span><ul>
            <li data-refid="_17719110_44655" class="topicref tocentry"><span class="topichead">XVB—70 mm Diameter (2.75 inches)</span><ul>
                  <li class="topicref tocentry"><a href="/portals/ui/digest/viewer/561d5d65e4b0c5c41a243bf2/561d5f9ae4b0c5c41a244830/r/_17719110_44655#XVBBeaconsAndAccessories-04D0FEAF" data-refids=" XVB70MmBeacons-14D8DC96">XVB 70 mm Diameter Beacons</a></li>
                  <li class="topicref tocentry"><a href="/portals/ui/digest/viewer/561d5d65e4b0c5c41a243bf2/561d5f9ae4b0c5c41a244830/r/_17719110_44655#XVB70MmBeaconComponents-04D2201E2" data-refids=" XVB70MmBeaconComponents-04D2201E">XVB 70 mm Components</a></li>
                  <li class="topicref tocentry"><a href="/portals/ui/digest/viewer/561d5d65e4b0c5c41a243bf2/561d5f9ae4b0c5c41a244830/r/_17719110_44655#XVB70MmBeaconAccessories-04D25E3D2" data-refids=" XVB70MmBeaconAccessories-04D25E3D">XVB 70 mm Accessories</a></li>
               </ul>
            </li>
            <li data-refid="_17719108_63145" class="topicref tocentry"><span class="topichead">XVC, 40 mm, 60 mm, and 100 mm Diameter</span><ul>
                  <li class="topicref tocentry"><a href="/portals/ui/digest/viewer/561d5d65e4b0c5c41a243bf2/561d5f9ae4b0c5c41a244830/r/_17719108_63145#XVCTowerLights-04D051962" data-refids=" XVCTowerLights-04D05196">XVC Tower Lights and Accessories</a></li>
               </ul>
            </li>
            <li data-refid="XVU60MmDiameter-39E0935D" class="topicref tocentry"><span class="topichead">XVU 60 mm Diameter</span><ul>
                  <li class="topicref tocentry"><a href="/portals/ui/digest/viewer/561d5d65e4b0c5c41a243bf2/561d5f9ae4b0c5c41a244830/r/XVU60MmDiameter-39E0935D#XVU60MmDiameter-39E09F6B2" data-refids=" XVU60MmDiameter-39E09F6B">XVU 60 mm Diameter Tower Lights Description</a></li>
                  <li class="topicref new tocentry"><a href="/portals/ui/digest/viewer/561d5d65e4b0c5c41a243bf2/561d5f9ae4b0c5c41a244830/r/XVU60MmDiameter-39E0935D#XVUIlluminatedLEDUnitsIP65-39E388752" data-refids=" XVUIlluminatedLEDUnitsIP65-39E38875">XVU Illuminated LED Units: IP 65</a></li>
                  <li class="topicref new tocentry"><a href="/portals/ui/digest/viewer/561d5d65e4b0c5c41a243bf2/561d5f9ae4b0c5c41a244830/r/XVU60MmDiameter-39E0935D#XVUAudibleUnitsIP65-39E3ADC52" data-refids=" XVUAudibleUnitsIP65-39E3ADC5">XVU Audible Units: IP 54</a></li>
                  <li class="topicref new tocentry"><a href="/portals/ui/digest/viewer/561d5d65e4b0c5c41a243bf2/561d5f9ae4b0c5c41a244830/r/XVU60MmDiameter-39E0935D#XVUBodyUnitsIP65-39E3C03C2" data-refids=" XVUBodyUnitsIP65-39E3C03C">XVU Body Units: IP 65</a></li>
                  <li class="topicref new tocentry"><a href="/portals/ui/digest/viewer/561d5d65e4b0c5c41a243bf2/561d5f9ae4b0c5c41a244830/r/XVU60MmDiameter-39E0935D#XVUAccessories-39E3C9C62" data-refids=" XVUAccessories-39E3C9C6">XVU Accessories</a></li>
               </ul>
            </li>
            <li data-refid="XVGUTowerLights-3BFE115F" class="topicref tocentry"><span class="topichead">XVGU 60 mm Diameter</span><ul>
                  <li class="topicref tocentry"><a href="/portals/ui/digest/viewer/561d5d65e4b0c5c41a243bf2/561d5f9ae4b0c5c41a244830/r/XVGUTowerLights-3BFE115F#XVGUMulti-colorUSBTowerLights-3BFE64F92" data-refids=" XVGUMulti-colorUSBTowerLights-3BFE64F9">XVGU Multi-color USB Tower Lights</a></li>
               </ul>
            </li>
            <li data-refid="_17719107_70688" class="topicref tocentry"><span class="topichead">XVR Pre-Wired Rotating Mirror Beacons</span><ul>
                  <li class="topicref tocentry"><a href="/portals/ui/digest/viewer/561d5d65e4b0c5c41a243bf2/561d5f9ae4b0c5c41a244830/r/_17719107_70688#XVRPre-WiredBeaconsAndAccessories-04CBA5012" data-refids=" XVRPre-WiredBeaconsAndAccessories-04CBA501">XVR Pre-Wired Beacons and Accessories</a></li>
               </ul>
            </li>
            <li data-refid="_17719116_78325" class="topicref tocentry"><span class="topichead">XVS Sirens and Electronic Alarms</span><ul>
                  <li class="topicref tocentry"><a href="/portals/ui/digest/viewer/561d5d65e4b0c5c41a243bf2/561d5f9ae4b0c5c41a244830/r/_17719116_78325#XVSSirensAndElectronicAlarmsAlarms-04DF3D822" data-refids=" XVSSirensAndElectronicAlarmsAlarms-04DF3D82">XVS Sirens and Electronic Alarms</a></li>
               </ul>
            </li>
         </ul>
      </li>
      <li data-refid="_17719117_Heading1_2" class="topicref chapter brand:se tocentry"><span class="topichead">Pendant Stations</span><ul>
            <li data-refid="WirelessRemoteControlSystem-3A002C98" class="topicref tocentry"><span class="topichead">Wireless Remote Control System</span><ul>
                  <li class="topicref tocentry"><a href="/portals/ui/digest/viewer/561d5d65e4b0c5c41a243bf2/561d5f9ae4b0c5c41a244830/r/WirelessRemoteControlSystem-3A002C98#HarmonyEXLhoistOperatorControlStati-3A005A9C2" data-refids=" HarmonyEXLhoistOperatorControlStati-3A005A9C">Harmony eXLhoist Operator Control Stations</a></li>
               </ul>
            </li>
            <li data-refid="_17719117_81647" class="topicref brand:sd tocentry"><span class="topichead">
                  <b class="ph b" data-xtrc="b:1" lang="English_en">Type BW Pendant Stations</b>
                  </span><ul>
                  <li class="topicref tocentry"><a href="/portals/ui/digest/viewer/561d5d65e4b0c5c41a243bf2/561d5f9ae4b0c5c41a244830/r/_17719117_81647#_17719117_1133712" data-refids=" _17719117_113371">Type BW Pendant Stations and Accessories</a></li>
               </ul>
            </li>
            <li data-refid="_17719118_70688" class="topicref tocentry"><span class="topichead">XAC Standard Duty Pistol Grips, Enclosures, Contact Blocks</span><ul>
                  <li class="topicref tocentry"><a href="/portals/ui/digest/viewer/561d5d65e4b0c5c41a243bf2/561d5f9ae4b0c5c41a244830/r/_17719118_70688#XACPistolGripStations-04E200202" data-refids=" XACPistolGripStations-04E20020">XAC Pistol Grip Stations and General Purpose Pendants</a></li>
                  <li class="topicref tocentry"><a href="/portals/ui/digest/viewer/561d5d65e4b0c5c41a243bf2/561d5f9ae4b0c5c41a244830/r/_17719118_70688#XACContactBlocks-04E2E6952" data-refids=" XACContactBlocks-04E2E695">XAC Contact Blocks</a></li>
                  <li class="topicref tocentry"><a href="/portals/ui/digest/viewer/561d5d65e4b0c5c41a243bf2/561d5f9ae4b0c5c41a244830/r/_17719118_70688#XACOperatorsAndAccessories-04E2C3332" data-refids=" XACOperatorsAndAccessories-04E2C333">XAC Operators and Accessories</a></li>
               </ul>
            </li>
            <li data-refid="_17719121_80883" class="topicref brand:sd tocentry"><span class="topichead">Type XACA Worksheet</span><ul>
                  <li class="topicref tocentry"><a href="/portals/ui/digest/viewer/561d5d65e4b0c5c41a243bf2/561d5f9ae4b0c5c41a244830/r/_17719121_80883#_17719121_808842" data-refids=" _17719121_80884">Type XACA Worksheet</a></li>
               </ul>
            </li>
            <li data-refid="_17719122_64161" class="topicref tocentry"><span class="topichead">Application and Ordering Information</span><ul>
                  <li class="topicref tocentry"><a href="/portals/ui/digest/viewer/561d5d65e4b0c5c41a243bf2/561d5f9ae4b0c5c41a244830/r/_17719122_64161#ApplicationAndOrderingInformation-145F57BC2" data-refids=" ApplicationAndOrderingInformation-145F57BC">Pendant Station Application and Ordering Information</a></li>
                  <li class="topicref tocentry"><a href="/portals/ui/digest/viewer/561d5d65e4b0c5c41a243bf2/561d5f9ae4b0c5c41a244830/r/_17719122_64161#_17719123_808842" data-refids=" _17719123_80884">Type SKYP Worksheet</a></li>
               </ul>
            </li>
         </ul>
      </li>
      <li data-refid="_17719124_73838" class="topicref chapter brand:se tocentry"><span class="topichead">Foot Switches</span><ul>
            <li data-refid="_17719124_70688" class="topicref tocentry"><span class="topichead">9002A Heavy Duty Industrial</span><ul>
                  <li class="topicref tocentry"><a href="/portals/ui/digest/viewer/561d5d65e4b0c5c41a243bf2/561d5f9ae4b0c5c41a244830/r/_17719124_70688#_17719124_Heading5_52" data-refids=" _17719124_Heading5_5">Heavy Duty Industrial Foot Switches—Oiltight, Watertight,
                        Dusttight and Driptight Enclosure, NEMA 2, 4 and 13</a></li>
               </ul>
            </li>
         </ul>
      </li>
      <li data-refid="_17719126_Heading1_126" class="topicref chapter brand:se tocentry"><span class="topichead">Rotary Cam Switches</span><ul>
            <li data-refid="_17719126_Heading2_126" class="topicref tocentry"><span class="topichead">K2 Custom and K30–K150 Power Switching</span><ul>
                  <li class="topicref tocentry"><a href="/portals/ui/digest/viewer/561d5d65e4b0c5c41a243bf2/561d5f9ae4b0c5c41a244830/r/_17719126_Heading2_126#TypeKRotaryCamSwitches-14E33EF22" data-refids=" TypeKRotaryCamSwitches-14E33EF2">Type K Rotary Cam Switches</a></li>
               </ul>
            </li>
            <li data-refid="_17719126_Heading2_128" class="topicref tocentry"><span class="topichead">Application and Ordering Information</span><ul>
                  <li class="topicref tocentry"><a href="/portals/ui/digest/viewer/561d5d65e4b0c5c41a243bf2/561d5f9ae4b0c5c41a244830/r/_17719126_Heading2_128#InstructionsFor9003K2KeySheet-7BA793A82" data-refids=" InstructionsFor9003K2KeySheet-7BA793A8">Instructions for 9003K2 Key Sheet</a></li>
                  <li class="topicref tocentry"><a href="/portals/ui/digest/viewer/561d5d65e4b0c5c41a243bf2/561d5f9ae4b0c5c41a244830/r/_17719126_Heading2_128#K2CamSwitchOrderForm-7B54EEC12" data-refids=" K2CamSwitchOrderForm-7B54EEC1">9003K2 Cam Switch Order Form</a></li>
                  <li class="topicref tocentry"><a href="/portals/ui/digest/viewer/561d5d65e4b0c5c41a243bf2/561d5f9ae4b0c5c41a244830/r/_17719126_Heading2_128#K2CamSwitchOrderFormExample-7B547A422" data-refids=" K2CamSwitchOrderFormExample-7B547A42">9003K2 Cam Switch Order Form—Example</a></li>
               </ul>
            </li>
         </ul>
      </li>
   </ul>
</div>        </div>
              
      </div>
          
<script type="text/javascript">
  var refId = '';
  $(document).ready(function() {
    
    function sendFeedback(feedback, type) {
      $.ajax({
        url : HARPPortal.getPortalRpcUrl('feedback'),
        type : type,
        data : JSON.stringify(feedback),
        contentType : 'application/json',
      });
    }

    function confirmFeedback(fromNegative) {
      $('#feedbackComponent').children().fadeOut(500);
      if (fromNegative) {
        $('#feedbackContainer').removeClass('col-xs-12 col-sm-6').addClass('col-sm-3');    
      }
      $('#feedbackComponent').html($('#feedbackConfirm').fadeIn(500));
    }

    $('.feedbackButton').click(function(event) {
      var feedback = {}, contentElement = $("#viewerContent");

      feedback.id = $('body').attr('data-pageId');
      feedback.topicUseful = this.value;
      feedback.portalKey = contentElement.attr("data-portalKey");
      feedback.topicKey = contentElement.attr("data-itemKey");
      feedback.projectKey = contentElement.attr("data-projectKey");
      feedback.parentKey = contentElement.attr("data-parentKey");
      feedback.refId = refId;

      sendFeedback(feedback, 'POST');

      if (this.value === 'false') {
        $('#feedbackComponent').children().fadeOut(500);
        $('#feedbackContainer').removeClass('col-sm-3').addClass('col-xs-12 col-sm-6');
        $('#feedbackComponent').html($('#feedbackComment').fadeIn(500));

        $('#commentButton').click(function() {
          $('#feedbackComponent').off('keypress');
          var comment = $("#feedbackInput").val().trim();
          if (comment !== "") {
            feedback.comment = comment;
            sendFeedback(feedback, 'PUT');
          }
          confirmFeedback(true);
        });

        $('#feedbackInput').focus();

        $('#feedbackComponent').on('keypress', function(e) {
          if (e.which === 13) {
            $('#commentButton').trigger('click');
          }
        });

      } else {
        confirmFeedback();
      }
    });
  });   
</script>

<div class="row">
  <div class="col-sm-3 pull-right" id="feedbackContainer">
    <div id="feedbackComponent">
      <div id="feedbackHelpful">
        <p>Was this helpful?</p>
        <div id="buttonDiv">
          <button class="btn btn-primary btn-xs feedbackButton" value="true">Yes</button>
          <button class="btn btn-primary btn-xs feedbackButton" value="false">No</button>
        </div>
      </div>
    </div>
  </div>
  <div id="feedbackConfirm" style="display: none">Thanks!</div>
  <div id="feedbackComment" style="display: none">
    <label for="feedbackInput">Tell us why!</label><br>
    <textarea rows="4" id="feedbackInput"></textarea><br>
    <button class="btn btn-primary btn-xs" id="commentButton">Send</button>
  </div>
</div>
                        
        <div class="col-sm-10 col-sm-offset-1 col-xs-11">

         </div>
          
	</div>
<!-- BEGIN footer -->
<footer class="navbar navbar-default harp-portal-footer" style="width: 100%; margin: 20px 0 0 0;"> <!-- navbar-fixed-bottom  -->
	<div class="container">
  <p class="navbar-text navbar-left hidden-xs">
    <span class="glyphicon glyphicon-qrcode" id="qrcodeLink"
          title="Show QR code for this page"></span>
  </p>
  <img src="/portals/qrgen?url=http%3A%2F%2Fwww.productinfo.schneider-electric.com%2Fportals%2Fui%2Fdigest%2Fviewer%2F561d5d65e4b0c5c41a243bf2%2Fnocontext%2FMaster%2BBookmap%2BContent%2F17719_MAIN%2B(bookmap)_0000052086.xml&size=180"
       id="qrcode"
       style="width: 180px; height: 180px;"
       alt="QR code for this page"
       title="QR code for this page">
<script>
  $(function() {
    var $qr = $('#qrcode')
    , $link = $('#qrcodeLink')
    , on = $qr.is('visible')
    , shown = false;
    ;

    function show() {
      var pos = $link.position();
      $qr.css({
        left: pos.left + 'px',
        bottom: ($link.outerHeight() + 20) + 'px'
      });
      $qr.fadeIn();
      on = true;
      shown = true;
    }

    function toggle() {
      if (on) {
        $qr.fadeOut();
        on = false;
      } else {
        show();
      }
    }

    $link.click(toggle);
    $qr.click(toggle);
    $link.mouseover(function() {
      if (!shown) {
        show();
      }
    });
  });
</script>
<!--		<p class="navbar-text navbar-right">
			<a href="https://td-demo.titaniasoftware.com/portals/ui/website/pages/product/delivery"
				class="navbar-link harp-footer-link" target="_blank">Powered by Titania Delivery</a>
		      <a id="footerLogo" href="http://www.titaniasoftware.com"
                class="navbar-link harp-footer-link" target="_blank">
                <img src="/portals/ui/_theme/digest/images/titania-logo_128w.png"
                        style="width: 43px; height: 16px;" alt="Titania Delivery" title="Titania Delivery">
             </a>
		</p>-->
	</div>
</footer>
<!-- END footer --></body>
</html>