<!DOCTYPE html>
<html>
<head>
<link rel="shortcut icon" href="/portals/ui/_theme/digest/favicon.ico" mce_href="/portals/ui/_theme/digest/favicon.ico" type="image/x-icon"/>
<meta name="viewport" content="width=device-width, initial-scale=1.0">
<meta http-equiv="X-UA-Compatible" content="IE=11">
<!-- HTML5 Shim and Respond.js IE8 support of HTML5 elements and media queries -->
<!--[if lt IE 9]>
  <script src="https://oss.maxcdn.com/libs/html5shiv/3.7.0/html5shiv.js"></script>
  <script src="https://oss.maxcdn.com/libs/respond.js/1.3.0/respond.min.js"></script>
<![endif]-->

<title>Section 18: Contactors and Starters-IEC - Digest 177</title>

<script type="text/javascript" src="/portals/resources/scripts/libs/jquery-1.11.0.min.js"></script>

<script type="text/javascript" src="/portals/ui/_theme/digest/scripts/bannerfix.js"></script>
<link rel="stylesheet" href="/portals/ui/_theme/digest/style/harp-portals.less"></link>
<script type="text/javascript" src="/portals/ui/_theme/digest/scripts/bootstrap.min.js"></script>
<script type="text/javascript" src="/portals/resources/scripts/harp-sdk.js"></script><link rel="stylesheet" href="/portals/resources/cm/cm.css"></link>
<script type="text/javascript" src="/portals/resources/scripts/libs/moment.min.js"></script>
<script type="text/javascript" src="/portals/resources/cm/cm.js"></script>

<script>
  (function(i,s,o,g,r,a,m){i['GoogleAnalyticsObject']=r;i[r]=i[r]||function(){
  (i[r].q=i[r].q||[]).push(arguments)},i[r].l=1*new Date();a=s.createElement(o),
  m=s.getElementsByTagName(o)[0];a.async=1;a.src=g;m.parentNode.insertBefore(a,m)
  })(window,document,'script','//www.google-analytics.com/analytics.js','ga');

  ga('create', 'UA-39869895-2', 'auto');
  ga('send', 'pageview');

</script>

<script>
$(function() {
    $('li.topicref.harp-portal-filter-exclude > a').click(function(e) {
        alert("This content is currently unavailable.");
        e.preventDefault();
        return false;
    });
});
</script>

</head>

<body class="readerPage" data-pageId=39f00004-39c9-4ba4-b32d-d7b0b63c124f>


<!-- BEGIN HEADER -->
<header class="navbar navbar-default" id="harp-header-bar" role="navigation">
	<div class="container">
		<div class="navbar-header">
			<button type="button" class="navbar-toggle" data-toggle="collapse"
				data-target=".navbar-collapse">
				<span class="sr-only">Toggle navigation</span> <span
					class="icon-bar"></span> <span class="icon-bar"></span> <span
					class="icon-bar"></span>
			</button>
			<a class="navbar-brand" style="padding: 0 50px 0 0" href="http://www.schneider-electric.com/us/en" target="_blank">
  			<img src="/portals/ui/_theme/digest/images/Logo_SE_White_Transparent_RGB.PNG" style="width: 171px; height: 52px;" class="hidden-xs">
			<img src="/portals/ui/_theme/digest/images/Logo_SE_White_Transparent_RGB.PNG" style="width: 85px; height: 26px; margin-top: 9px;" class="visible-xs">
            </a>

              <!-- <a href='/portals/ui/digest/'
	               class="header-logo-link">
	                <img src="/portals/ui/_theme/digest/images/se_logo.gif" class="header-logo">
	           	</a> -->
	            <!-- <a href='/portals/ui/digest/'>
	             Digest 177
	            </a> -->
			<!-- </span>  -->
		</div>

		<div class="navbar-collapse collapse" id="headerMenu">

				<form role="search" action='/portals/ui/digest/search' class="navbar-form navbar-right hidden-xs">
					<div class="form-group">
						<label class="sr-only" for="headerTerm">Search Term</label> <input
							type="text" placeholder="Search" class="form-control"
							id="headerTerm" name="term">
					</div>
                    <button type="submit" class="btn btn-primary">
                        <span class="glyphicon glyphicon-search"></span>
                    </button>
				</form>
				<form role="search" action='/portals/ui/digest/search' class="navbar-form navbar-right navbar-input-group visible-xs">
				    <div class="form-group">
				        <label class="sr-only" for="headerTerm">Search Term</label>
				        <div class="input-group">
				            <input type="text" placeholder="Search" class="form-control"
				                id="headerTerm" name="term">
				            <span class="input-group-btn">
				                <button type="submit" class="btn btn-primary">
				                    <span class="glyphicon glyphicon-search"></span>
				                </button>
				            </span>
				        </div>
				    </div>
				</form>

			<ul class="nav navbar-nav">
                <li><a href="http://www.digestplus-us.schneider-electric.com/" target="_blank">DigestPLUS</a></li>
              	<li><a href='/portals/ui/digest/pages/landingPages/digest177'>Digest 177</a></li>
                <li><a href='/portals/ui/digest/pages/landingPages/digest177_supplement'>Supplemental Digest 177</a></li>
			</ul>
		</div>
	</div>
</header>

<div id="docTitle" class="sectionColor4">
  <div class="container">
    <div class="row">
      <div class="col-xs-12">
        <h3>        <span class="context-title">
          Section 18: Contactors and Starters-IEC
        </span>
</h3>
      </div>
    </div>
  </div>
</div>

  <div id="floatingDocTitle" class="sectionColor4">
    <div class="container">
      <div class="row">
        <div class="col-xs-12">
          <h3>        <span class="context-title">
          Section 18: Contactors and Starters-IEC
        </span>
</h3>
        </div>
      </div>
    </div>
  </div>

<!-- END HEADER -->
	
	<div class="container" id="tocPage">
      

      <div class="row">
        <div class="col-sm-10 col-sm-offset-1 col-xs-12 content-container" id="viewerContent"
                 	data-portalKey="562794fee4b05736848a7cb4"
                    data-itemKey="561d5f9ae4b0c5c41a24482d"
                    data-projectKey="561d5d65e4b0c5c41a243bf2">
              	
<div class="map bookmap" lang="English_en" data-xtrc="bookmap:1" data-xtrf="harp://561d5d65e4b0c5c41a243bf2/pr/ORIGINAL/Master%20Bookmap%20Content/17718_MAIN%20(bookmap)_0000058904.xml">
   <div class="topicmeta bookmeta" data-xtrc="bookmeta:1" lang="English_en">
      
      <div class="metadata" data-xtrc="metadata:1" lang="English_en">
         
         
      </div>
      
   </div>
   <ul id="toc">
      <li data-refid="_17718002_19014" class="topicref chapter tocentry"><span class="topichead">Contactors and Overload Relays</span><ul>
            <li data-refid="_17718026_58496" class="topicref tocentry"><span class="topichead">TeSys™ K Contactors and Overload Relays</span><ul>
                  <li class="topicref tocentry"><a href="/portals/ui/digest/viewer/561d5d65e4b0c5c41a243bf2/561d5f9ae4b0c5c41a24482d/r/_17718026_58496#_17718024_Heading5_42" data-refids=" _17718024_Heading5_4">TeSys™ K Non-Reversing Mini-Contactors</a></li>
                  <li class="topicref tocentry"><a href="/portals/ui/digest/viewer/561d5d65e4b0c5c41a243bf2/561d5f9ae4b0c5c41a24482d/r/_17718026_58496#TeSysKOverloadRelays-7C40F81C2" data-refids=" TeSysKOverloadRelays-7C40F81C">TeSys™ K Overload Relays</a></li>
                  <li class="topicref tocentry"><a href="/portals/ui/digest/viewer/561d5d65e4b0c5c41a243bf2/561d5f9ae4b0c5c41a24482d/r/_17718026_58496#_17718025_99640" data-refids=" 3-PoleReversingMini-ContactorsCPT_0000058633">TeSys™ K Reversing Mini-Contactors</a></li>
               </ul>
            </li>
            <li data-refid="_17718002_72792" class="topicref tocentry"><span class="topichead">TeSys™ D Contactors and Overload Relays</span><ul>
                  <li class="topicref tocentry"><a href="/portals/ui/digest/viewer/561d5d65e4b0c5c41a243bf2/561d5f9ae4b0c5c41a24482d/r/_17718002_72792#_17718002_829694" data-refids=" _17718002_829692">TeSys™ D Catalog Number Interpretation</a></li>
                  <li class="topicref tocentry"><a href="/portals/ui/digest/viewer/561d5d65e4b0c5c41a243bf2/561d5f9ae4b0c5c41a24482d/r/_17718002_72792#_17718004_905172" data-refids=" TeSys™DNon-reversingCPT_0000058491">TeSys™ D Non-Reversing
                        Contactors</a></li>
                  <li class="topicref tocentry"><a href="/portals/ui/digest/viewer/561d5d65e4b0c5c41a243bf2/561d5f9ae4b0c5c41a24482d/r/_17718002_72792#_17718004_905173" data-refids=" _17718004_90517">TeSys™ D Overload
                        Relays</a></li>
                  <li class="topicref tocentry"><a href="/portals/ui/digest/viewer/561d5d65e4b0c5c41a243bf2/561d5f9ae4b0c5c41a24482d/r/_17718002_72792#_17718006_584142" data-refids=" _17718006_58414">TeSys™ D Reversing Contactors</a></li>
               </ul>
            </li>
            <li data-refid="_17718003_79390" class="topicref tocentry"><span class="topichead">TeSys™ F Contactors and Overload Relays</span><ul>
                  <li class="topicref tocentry"><a href="/portals/ui/digest/viewer/561d5d65e4b0c5c41a243bf2/561d5f9ae4b0c5c41a24482d/r/_17718003_79390#_17718003_793514" data-refids=" _17718003_793512">TeSys™ F Catalog Number Interpretation</a></li>
                  <li class="topicref tocentry"><a href="/portals/ui/digest/viewer/561d5d65e4b0c5c41a243bf2/561d5f9ae4b0c5c41a24482d/r/_17718003_79390#_17718005_796112" data-refids=" _17718005_79611">TeSys™ F Non-Reversing Contactors</a></li>
                  <li class="topicref tocentry"><a href="/portals/ui/digest/viewer/561d5d65e4b0c5c41a243bf2/561d5f9ae4b0c5c41a24482d/r/_17718003_79390#TeSysFOverloadRelays-7C47DFB22" data-refids=" TeSysFOverloadRelays-7C47DFB2">TeSys™ F Overload Relays</a></li>
                  <li class="topicref tocentry"><a href="/portals/ui/digest/viewer/561d5d65e4b0c5c41a243bf2/561d5f9ae4b0c5c41a24482d/r/_17718003_79390#_17718007_698302" data-refids=" _17718007_69830">TeSys™ F Reversing Contactors</a></li>
               </ul>
            </li>
         </ul>
      </li>
      <li data-refid="_17718008_12167" class="topicref chapter tocentry"><span class="topichead">Contactor Accessories</span><ul>
            <li data-refid="_17718027_60720" class="topicref tocentry"><span class="topichead">TeSys™ K Contactors</span><ul>
                  <li class="topicref tocentry"><a href="/portals/ui/digest/viewer/561d5d65e4b0c5c41a243bf2/561d5f9ae4b0c5c41a24482d/r/_17718027_60720#_17718027_701323" data-refids=" _17718027_701322">TeSys™ K Contactors</a></li>
               </ul>
            </li>
            <li data-refid="_17718008_72604" class="topicref tocentry"><span class="topichead">TeSys™ D and F Contactors</span><ul>
                  <li class="topicref tocentry"><a href="/portals/ui/digest/viewer/561d5d65e4b0c5c41a243bf2/561d5f9ae4b0c5c41a24482d/r/_17718008_72604#_17718008_726063" data-refids=" _17718008_726062">TeSys™ D and F Auxiliary Contacts, Time Delay, Mechanical
                        Latch</a></li>
               </ul>
            </li>
            <li data-refid="_17718011_33004" class="topicref tocentry"><span class="topichead">TeSys™ D and F Accessories</span><ul>
                  <li class="topicref tocentry"><a href="/portals/ui/digest/viewer/561d5d65e4b0c5c41a243bf2/561d5f9ae4b0c5c41a24482d/r/_17718011_33004#_17718011_707133" data-refids=" _17718011_707132">TeSys™ D and F Accessories</a></li>
               </ul>
            </li>
            <li data-refid="_17718009_66748" class="topicref tocentry"><span class="topichead">TeSys™ D Contactors</span><ul>
                  <li class="topicref tocentry"><a href="/portals/ui/digest/viewer/561d5d65e4b0c5c41a243bf2/561d5f9ae4b0c5c41a24482d/r/_17718009_66748#_17718009_Heading5_42" data-refids=" _17718009_Heading5_4">RC and Varistor Coil Suppressors</a></li>
                  <li class="topicref tocentry"><a href="/portals/ui/digest/viewer/561d5d65e4b0c5c41a243bf2/561d5f9ae4b0c5c41a24482d/r/_17718009_66748#_17718009_Heading5_1122" data-refids=" _17718009_Heading5_112">Diode Coil Suppressor</a></li>
                  <li class="topicref tocentry"><a href="/portals/ui/digest/viewer/561d5d65e4b0c5c41a243bf2/561d5f9ae4b0c5c41a24482d/r/_17718009_66748#_17718009_Heading5_1402" data-refids=" _17718009_Heading5_140">Bidirectional Diode Coil Suppressor</a></li>
               </ul>
            </li>
            <li data-refid="_17718010_80900" class="topicref tocentry"><span class="topichead">TeSys™ D Contactors</span><ul>
                  <li class="topicref tocentry"><a href="/portals/ui/digest/viewer/561d5d65e4b0c5c41a243bf2/561d5f9ae4b0c5c41a24482d/r/_17718010_80900#_17718010_693224" data-refids=" _17718010_693222">TeSys™ D Electronic Timers and Interface Modules</a></li>
               </ul>
            </li>
            <li data-refid="_17718014_58496" class="topicref tocentry"><span class="topichead">TeSys™ D Contactors</span><ul>
                  <li class="topicref tocentry"><a href="/portals/ui/digest/viewer/561d5d65e4b0c5c41a243bf2/561d5f9ae4b0c5c41a24482d/r/_17718014_58496#_17718014_584974" data-refids=" _17718014_584972">TeSys™ D Reversing Contactors</a></li>
               </ul>
            </li>
            <li data-refid="_17718015_58496" class="topicref tocentry"><span class="topichead">TeSys™ F Contactors</span><ul>
                  <li class="topicref tocentry"><a href="/portals/ui/digest/viewer/561d5d65e4b0c5c41a243bf2/561d5f9ae4b0c5c41a24482d/r/_17718015_58496#_17718015_584973" data-refids=" _17718015_584972">TeSys™ F Component Parts and Vertical Mounting</a></li>
               </ul>
            </li>
            <li data-refid="_17718012_13016" class="topicref tocentry"><span class="topichead">TeSys™ F Contactors</span><ul>
                  <li class="topicref tocentry"><a href="/portals/ui/digest/viewer/561d5d65e4b0c5c41a243bf2/561d5f9ae4b0c5c41a24482d/r/_17718012_13016#_17718012_692433" data-refids=" _17718012_692432">TeSys™ F Contactors</a></li>
               </ul>
            </li>
         </ul>
      </li>
      <li data-refid="_17718014_39210" class="topicref chapter tocentry"><span class="topichead">Overload Relay Accessories</span><ul>
            <li data-refid="_17718016_28044" class="topicref tocentry"><span class="topichead">TeSys™ D and F Overload Relays</span><ul>
                  <li class="topicref tocentry"><a href="/portals/ui/digest/viewer/561d5d65e4b0c5c41a243bf2/561d5f9ae4b0c5c41a24482d/r/_17718016_28044#_17718016_Heading5_42" data-refids=" _17718016_Heading5_4">TeSys D Overload Relay Accessories</a></li>
                  <li class="topicref tocentry"><a href="/portals/ui/digest/viewer/561d5d65e4b0c5c41a243bf2/561d5f9ae4b0c5c41a24482d/r/_17718016_28044#_17718016_Heading5_1102" data-refids=" _17718016_Heading5_110">TeSys F Overload
                        Relay Accessories</a></li>
               </ul>
            </li>
         </ul>
      </li>
      <li data-refid="_17718028_93709" class="topicref chapter tocentry"><span class="topichead">Motor Starters and Protectors</span><ul>
            <li data-refid="_17718028_43621" class="topicref tocentry"><span class="topichead">TeSys™ U Open Motor Starter</span><ul>
                  <li class="topicref tocentry"><a href="/portals/ui/digest/viewer/561d5d65e4b0c5c41a243bf2/561d5f9ae4b0c5c41a24482d/r/_17718028_43621#_17718028_759144" data-refids=" _17718028_759142">TeSys™ U Motor Starter</a></li>
                  <li class="topicref tocentry"><a href="/portals/ui/digest/viewer/561d5d65e4b0c5c41a243bf2/561d5f9ae4b0c5c41a24482d/r/_17718028_43621#_17718028_Heading5_62" data-refids=" _17718028_Heading5_6">Selecting TeSys U Motor Starters in Three Steps</a></li>
                  <li class="topicref tocentry"><a href="/portals/ui/digest/viewer/561d5d65e4b0c5c41a243bf2/561d5f9ae4b0c5c41a24482d/r/_17718028_43621#_17718029_703752" data-refids=" _17718029_70375">Control Units and Functions</a></li>
                  <li class="topicref tocentry"><a href="/portals/ui/digest/viewer/561d5d65e4b0c5c41a243bf2/561d5f9ae4b0c5c41a24482d/r/_17718028_43621#_17718029_Heading5_1572" data-refids=" _17718029_Heading5_157">Power Base and Plug-in Accessories</a></li>
                  <li class="topicref tocentry"><a href="/portals/ui/digest/viewer/561d5d65e4b0c5c41a243bf2/561d5f9ae4b0c5c41a24482d/r/_17718028_43621#_17718030_703872" data-refids=" _17718030_70387">TeSys™ U Simple Motor Starter</a></li>
                  <li class="topicref tocentry"><a href="/portals/ui/digest/viewer/561d5d65e4b0c5c41a243bf2/561d5f9ae4b0c5c41a24482d/r/_17718028_43621#_17718031_728952" data-refids=" _17718031_72895">Communication Modules and Control Circuit Accessories</a></li>
                  <li class="topicref tocentry"><a href="/portals/ui/digest/viewer/561d5d65e4b0c5c41a243bf2/561d5f9ae4b0c5c41a24482d/r/_17718028_43621#_17718031_Heading5_1272" data-refids=" _17718031_Heading5_127">Power Bus Bars</a></li>
               </ul>
            </li>
            <li data-refid="_17718057_Heading2_5" class="topicref tocentry"><span class="topichead">TeSys U™ Enclosed Combination Starters</span><ul>
                  <li class="topicref tocentry"><a href="/portals/ui/digest/viewer/561d5d65e4b0c5c41a243bf2/561d5f9ae4b0c5c41a24482d/r/_17718057_Heading2_5#_17718057_Heading5_53" data-refids=" _17718057_Heading5_5">1. Choose a base configuration</a></li>
                  <li class="topicref tocentry"><a href="/portals/ui/digest/viewer/561d5d65e4b0c5c41a243bf2/561d5f9ae4b0c5c41a24482d/r/_17718057_Heading2_5#_17718057_Heading5_54" data-refids=" _17718057_Heading5_52">2. Choose Thermal Overload Relay (Plug-in Control Unit)</a></li>
                  <li class="topicref tocentry"><a href="/portals/ui/digest/viewer/561d5d65e4b0c5c41a243bf2/561d5f9ae4b0c5c41a24482d/r/_17718057_Heading2_5#_17718057_Heading5_902" data-refids=" _17718057_Heading5_90">2.1 Choose the thermal overload protection type</a></li>
                  <li class="topicref tocentry"><a href="/portals/ui/digest/viewer/561d5d65e4b0c5c41a243bf2/561d5f9ae4b0c5c41a24482d/r/_17718057_Heading2_5#_17718057_Heading5_2462" data-refids=" _17718057_Heading5_246">2.2 Choose the Motor Full Load Amperage</a></li>
                  <li class="topicref tocentry"><a href="/portals/ui/digest/viewer/561d5d65e4b0c5c41a243bf2/561d5f9ae4b0c5c41a24482d/r/_17718057_Heading2_5#_17718058_Heading5_32" data-refids=" _17718058_Heading5_3">3. Choose the Control Power Source</a></li>
                  <li class="topicref tocentry"><a href="/portals/ui/digest/viewer/561d5d65e4b0c5c41a243bf2/561d5f9ae4b0c5c41a24482d/r/_17718057_Heading2_5#_17718058_Heading5_2672" data-refids=" _17718058_Heading5_267">4. Choose Communication Type</a></li>
                  <li class="topicref tocentry"><a href="/portals/ui/digest/viewer/561d5d65e4b0c5c41a243bf2/561d5f9ae4b0c5c41a24482d/r/_17718057_Heading2_5#_17718058_Heading5_3082" data-refids=" _17718058_Heading5_308">5. Choose Factory Modifications</a></li>
                  <li class="topicref tocentry"><a href="/portals/ui/digest/viewer/561d5d65e4b0c5c41a243bf2/561d5f9ae4b0c5c41a24482d/r/_17718057_Heading2_5#_17718058_Heading5_3102" data-refids=" _17718058_Heading5_310">5.1 Abbreviated Forms</a></li>
                  <li class="topicref tocentry"><a href="/portals/ui/digest/viewer/561d5d65e4b0c5c41a243bf2/561d5f9ae4b0c5c41a24482d/r/_17718057_Heading2_5#_17718058_Heading5_3614" data-refids=" _17718058_Heading5_361">5.2 Standard Forms</a></li>
                  <li class="topicref tocentry"><a href="/portals/ui/digest/viewer/561d5d65e4b0c5c41a243bf2/561d5f9ae4b0c5c41a24482d/r/_17718057_Heading2_5#_17718058_Heading5_3613" data-refids=" _17718058_Heading5_3612">Self-Protected Combination Starters</a></li>
               </ul>
            </li>
            <li data-refid="_17718033_82397" class="topicref tocentry"><span class="topichead">TeSys™ GV Manual Starters and Protectors</span><ul>
                  <li class="topicref tocentry"><a href="/portals/ui/digest/viewer/561d5d65e4b0c5c41a243bf2/561d5f9ae4b0c5c41a24482d/r/_17718033_82397#_17718033_584144" data-refids=" _17718033_584142">TeSys™ GV Family</a></li>
               </ul>
            </li>
            <li data-refid="_17718037_58496" class="topicref tocentry"><span class="topichead">PowerPact™ Manual Starters</span><ul>
                  <li class="topicref tocentry"><a href="/portals/ui/digest/viewer/561d5d65e4b0c5c41a243bf2/561d5f9ae4b0c5c41a24482d/r/_17718037_58496#_17718033_Heading5_4752" data-refids=" _17718033_Heading5_475">Motor Protector Circuit Breakers</a></li>
                  <li class="topicref tocentry"><a href="/portals/ui/digest/viewer/561d5d65e4b0c5c41a243bf2/561d5f9ae4b0c5c41a24482d/r/_17718037_58496#_17718037_584974" data-refids=" _17718037_584972">TeSys™ GV2 Accessories and Enclosures</a></li>
               </ul>
            </li>
            <li data-refid="_17718034_58351" class="topicref tocentry"><span class="topichead">TeSys™ GV Manual Starters and Protectors</span><ul>
                  <li class="topicref tocentry"><a href="/portals/ui/digest/viewer/561d5d65e4b0c5c41a243bf2/561d5f9ae4b0c5c41a24482d/r/_17718034_58351#_17718034_584144" data-refids=" _17718034_584142">Voltage Trips</a></li>
               </ul>
            </li>
            <li data-refid="_17718035_58351" class="topicref tocentry"><span class="topichead">TeSys™ GV Manual Starters and Protectors</span><ul>
                  <li class="topicref tocentry"><a href="/portals/ui/digest/viewer/561d5d65e4b0c5c41a243bf2/561d5f9ae4b0c5c41a24482d/r/_17718035_58351#_17718035_584143" data-refids=" _17718035_584142">TeSys™ GV2, GV3, GV7 Manual Starters and Protectors</a></li>
               </ul>
            </li>
            <li data-refid="_17718021_58496" class="topicref tocentry"><span class="topichead">TeSys™ D Enclosed Starters</span><ul>
                  <li class="topicref tocentry"><a href="/portals/ui/digest/viewer/561d5d65e4b0c5c41a243bf2/561d5f9ae4b0c5c41a24482d/r/_17718021_58496#_17718021_890674" data-refids=" _17718021_890672">Enclosed TeSys™ D Starters</a></li>
               </ul>
            </li>
            <li data-refid="_17718022_58351" class="topicref tocentry"><span class="topichead">TeSys™ D Enclosed Combination Starters</span><ul>
                  <li class="topicref tocentry"><a href="/portals/ui/digest/viewer/561d5d65e4b0c5c41a243bf2/561d5f9ae4b0c5c41a24482d/r/_17718022_58351#_17718022_584144" data-refids=" _17718022_584142">TeSys™ D Enclosed Fusible, Circuit Breaker and Non-Fusible</a></li>
               </ul>
            </li>
            <li data-refid="_17718023_58496" class="topicref tocentry"><span class="topichead">TeSys™ D Enclosed Combination Starters</span><ul>
                  <li class="topicref tocentry"><a href="/portals/ui/digest/viewer/561d5d65e4b0c5c41a243bf2/561d5f9ae4b0c5c41a24482d/r/_17718023_58496#_17718023_Heading5_42" data-refids=" _17718023_Heading5_4">Factory Modifications and Insta-Kits™ Selection </a></li>
               </ul>
            </li>
            <li data-refid="_17718036_70194" class="topicref tocentry"><span class="topichead">TeSys™ LS1 Fuse Holders</span><ul>
                  <li class="topicref tocentry"><a href="/portals/ui/digest/viewer/561d5d65e4b0c5c41a243bf2/561d5f9ae4b0c5c41a24482d/r/_17718036_70194#_17718036_701954" data-refids=" _17718036_701952">TeSys™ LS1 Fuse Holders</a></li>
               </ul>
            </li>
         </ul>
      </li>
      <li data-refid="_17718032_98504" class="topicref chapter tocentry"><span class="topichead">Soft Starter Module ATSU01</span><ul>
            <li data-refid="_17718032_53039" class="topicref tocentry"><span class="topichead">ATSU01 Altistart™ and TeSys™ U</span><ul>
                  <li class="topicref tocentry"><a href="/portals/ui/digest/viewer/561d5d65e4b0c5c41a243bf2/561d5f9ae4b0c5c41a24482d/r/_17718032_53039#_17718032_Heading5_62" data-refids=" _17718032_Heading5_6">Altistart Drive and TeSys U Motor Starter</a></li>
               </ul>
            </li>
         </ul>
      </li>
      <li data-refid="_17718013_21542" class="topicref chapter tocentry"><span class="topichead">Replacement Parts</span><ul>
            <li data-refid="_17718018_71442" class="topicref tocentry"><span class="topichead">TeSys™ D AC Coils</span><ul>
                  <li class="topicref tocentry"><a href="/portals/ui/digest/viewer/561d5d65e4b0c5c41a243bf2/561d5f9ae4b0c5c41a24482d/r/_17718018_71442#_17718017_710383" data-refids=" _17718017_710382">TeSys™ D AC Coils</a></li>
                  <li class="topicref tocentry"><a href="/portals/ui/digest/viewer/561d5d65e4b0c5c41a243bf2/561d5f9ae4b0c5c41a24482d/r/_17718018_71442#_17718018_584143" data-refids=" _17718018_58414">TeSys™ D AC Coils</a></li>
               </ul>
            </li>
            <li data-refid="TeSysFACCoils-7DE8B563" class="topicref tocentry"><span class="topichead">TeSys™ F AC Coils</span><ul>
                  <li class="topicref tocentry"><a href="/portals/ui/digest/viewer/561d5d65e4b0c5c41a243bf2/561d5f9ae4b0c5c41a24482d/r/TeSysFACCoils-7DE8B563#_17718018_Heading5_7512" data-refids=" _17718018_Heading5_751">Application Note on Contactor Drop-out Times</a></li>
               </ul>
            </li>
            <li data-refid="_17718019_13642" class="topicref tocentry"><span class="topichead">TeSys™ D DC Coils</span><ul>
                  <li class="topicref tocentry"><a href="/portals/ui/digest/viewer/561d5d65e4b0c5c41a243bf2/561d5f9ae4b0c5c41a24482d/r/_17718019_13642#_17718019_584144" data-refids=" _17718019_584142">TeSys™ D DC Coils</a></li>
               </ul>
            </li>
            <li data-refid="TeSysFDCCoils-7DE84CAF" class="topicref tocentry"><span class="topichead">TeSys™ F DC Coils</span><ul>
                  <li class="topicref tocentry"><a href="/portals/ui/digest/viewer/561d5d65e4b0c5c41a243bf2/561d5f9ae4b0c5c41a24482d/r/TeSysFDCCoils-7DE84CAF#_17718020_Heading5_42" data-refids=" _17718020_Heading5_4">TeSys F DC Coils</a></li>
               </ul>
            </li>
            <li data-refid="_17718013_95367" class="topicref tocentry"><span class="topichead">TeSys™ F Contactors</span><ul>
                  <li class="topicref tocentry"><a href="/portals/ui/digest/viewer/561d5d65e4b0c5c41a243bf2/561d5f9ae4b0c5c41a24482d/r/_17718013_95367#_17718013_584143" data-refids=" _17718013_584142">TeSys™ F Contact Kits, Arc Chambers</a></li>
               </ul>
            </li>
         </ul>
      </li>
      <li data-refid="_17718039_35189" class="topicref chapter tocentry"><span class="topichead">Wiring Systems</span><ul>
            <li data-refid="_17718038_58496" class="topicref tocentry"><span class="topichead">Splitter Boxes, Power Connections, and Accessories</span><ul>
                  <li class="topicref tocentry"><a href="/portals/ui/digest/viewer/561d5d65e4b0c5c41a243bf2/561d5f9ae4b0c5c41a24482d/r/_17718038_58496#_17718038_584974" data-refids=" _17718038_584972">Splitter Boxes, Power Connections and Accessories</a></li>
               </ul>
            </li>
            <li data-refid="_17718039_58351" class="topicref tocentry"><span class="topichead">TeSys™ AK5 Panel Busbar System</span><ul>
                  <li class="topicref tocentry"><a href="/portals/ui/digest/viewer/561d5d65e4b0c5c41a243bf2/561d5f9ae4b0c5c41a24482d/r/_17718039_58351#_17718039_584144" data-refids=" _17718039_584142">TeSys™ AK5 Panel Busbar System</a></li>
               </ul>
            </li>
         </ul>
      </li>
      <li data-refid="_17718040_58096" class="topicref chapter tocentry"><span class="topichead">Dimensions</span><ul>
            <li data-refid="_17718040_58351" class="topicref tocentry"><span class="topichead">TeSys™ D Non-Reversing Contactors</span><ul>
                  <li class="topicref tocentry"><a href="/portals/ui/digest/viewer/561d5d65e4b0c5c41a243bf2/561d5f9ae4b0c5c41a24482d/r/_17718040_58351#_17718040_584143" data-refids=" _17718040_584142">TeSys™ D Contactors, AC and DC Coil</a></li>
               </ul>
            </li>
            <li data-refid="_17718041_18103" class="topicref tocentry"><span class="topichead">TeSys™ D Non-Reversing Contactors</span><ul>
                  <li class="topicref tocentry"><a href="/portals/ui/digest/viewer/561d5d65e4b0c5c41a243bf2/561d5f9ae4b0c5c41a24482d/r/_17718041_18103#_17718041_584974" data-refids=" _17718041_584972">TeSys™ D Contactors, DC Coil</a></li>
               </ul>
            </li>
            <li data-refid="_17718042_58351" class="topicref tocentry"><span class="topichead">TeSys™ F Non-Reversing Contactors</span><ul>
                  <li class="topicref tocentry"><a href="/portals/ui/digest/viewer/561d5d65e4b0c5c41a243bf2/561d5f9ae4b0c5c41a24482d/r/_17718042_58351#_17718042_584143" data-refids=" _17718042_584142">TeSys™ F Contactors, Dimensions</a></li>
               </ul>
            </li>
            <li data-refid="_17718044_58496" class="topicref tocentry"><span class="topichead">TeSys™ D Reversing Contactors</span><ul>
                  <li class="topicref tocentry"><a href="/portals/ui/digest/viewer/561d5d65e4b0c5c41a243bf2/561d5f9ae4b0c5c41a24482d/r/_17718044_58496#_17718044_584974" data-refids=" _17718044_584972">TeSys™ D Reversing Contactor Dimensions</a></li>
               </ul>
            </li>
            <li data-refid="_17718046_58496" class="topicref tocentry"><span class="topichead">TeSys™ D Open Starters</span><ul>
                  <li class="topicref tocentry"><a href="/portals/ui/digest/viewer/561d5d65e4b0c5c41a243bf2/561d5f9ae4b0c5c41a24482d/r/_17718046_58496#_17718046_723314" data-refids=" _17718046_723312">TeSys™ D Open Starter Dimensions</a></li>
               </ul>
            </li>
            <li data-refid="TeSysDOverloadRelays-7DFF8518" class="topicref tocentry"><span class="topichead">TeSys™ D Overload Relays</span><ul>
                  <li class="topicref tocentry"><a href="/portals/ui/digest/viewer/561d5d65e4b0c5c41a243bf2/561d5f9ae4b0c5c41a24482d/r/TeSysDOverloadRelays-7DFF8518#TeSysDThermalOverloadRelayDimension-7DFF96262" data-refids=" TeSysDThermalOverloadRelayDimension-7DFF9626">TeSys™ D Thermal Overload Relay Dimensions</a></li>
               </ul>
            </li>
            <li data-refid="_17718047_58351" class="topicref tocentry"><span class="topichead">TeSys™ F Overload Relays</span><ul>
                  <li class="topicref tocentry"><a href="/portals/ui/digest/viewer/561d5d65e4b0c5c41a243bf2/561d5f9ae4b0c5c41a24482d/r/_17718047_58351#_17718047_584143" data-refids=" _17718047_584142">TeSys™ F Overload Relay Dimensions</a></li>
               </ul>
            </li>
            <li data-refid="_17718048_70708" class="topicref tocentry"><span class="topichead">TeSys™ D Enclosed Starters and Combination Starters</span><ul>
                  <li class="topicref tocentry"><a href="/portals/ui/digest/viewer/561d5d65e4b0c5c41a243bf2/561d5f9ae4b0c5c41a24482d/r/_17718048_70708#_17718048_584143" data-refids=" _17718048_584142">TeSys™ D Combination Starter Dimensions</a></li>
               </ul>
            </li>
            <li data-refid="_17718049_66390" class="topicref tocentry"><span class="topichead">TeSys™ K Contactors, Overload Relays and Starters</span><ul>
                  <li class="topicref tocentry"><a href="/portals/ui/digest/viewer/561d5d65e4b0c5c41a243bf2/561d5f9ae4b0c5c41a24482d/r/_17718049_66390#_17718049_663913" data-refids=" _17718049_663912">TeSys™ K Contactor Dimensions</a></li>
               </ul>
            </li>
            <li data-refid="_17718050_58496" class="topicref tocentry"><span class="topichead">TeSys™ U Open Motor Starters</span><ul>
                  <li class="topicref tocentry"><a href="/portals/ui/digest/viewer/561d5d65e4b0c5c41a243bf2/561d5f9ae4b0c5c41a24482d/r/_17718050_58496#_17718050_584973" data-refids=" _17718050_584972">TeSys™ U Starter Dimensions</a></li>
               </ul>
            </li>
            <li data-refid="_17718051_58496" class="topicref tocentry"><span class="topichead">Soft Starter Module ATSU01</span><ul>
                  <li class="topicref tocentry"><a href="/portals/ui/digest/viewer/561d5d65e4b0c5c41a243bf2/561d5f9ae4b0c5c41a24482d/r/_17718051_58496#_17718051_584974" data-refids=" _17718051_584972">Altistart U01 and TeSys U Soft Starters, Mounting</a></li>
               </ul>
            </li>
            <li data-refid="_17718052_70542" class="topicref tocentry"><span class="topichead">TeSys™ GV Manual Starters and Protectors</span><ul>
                  <li class="topicref tocentry"><a href="/portals/ui/digest/viewer/561d5d65e4b0c5c41a243bf2/561d5f9ae4b0c5c41a24482d/r/_17718052_70542#_17718052_705433" data-refids=" _17718052_705432">TeSys GV2 and GV3 Manual Starter and Protector Dimensions</a></li>
               </ul>
            </li>
            <li data-refid="_17718054_58496" class="topicref tocentry"><span class="topichead">TeSys™ GV Manual Starters and Protectors</span><ul>
                  <li class="topicref tocentry"><a href="/portals/ui/digest/viewer/561d5d65e4b0c5c41a243bf2/561d5f9ae4b0c5c41a24482d/r/_17718054_58496#_17718054_584973" data-refids=" _17718054_584972">TeSys GV7 Manual Starter and Protector Dimensions</a></li>
               </ul>
            </li>
         </ul>
      </li>
   </ul>
</div>        </div>
              
      </div>
          
<script type="text/javascript">
  var refId = '';
  $(document).ready(function() {
    
    function sendFeedback(feedback, type) {
      $.ajax({
        url : HARPPortal.getPortalRpcUrl('feedback'),
        type : type,
        data : JSON.stringify(feedback),
        contentType : 'application/json',
      });
    }

    function confirmFeedback(fromNegative) {
      $('#feedbackComponent').children().fadeOut(500);
      if (fromNegative) {
        $('#feedbackContainer').removeClass('col-xs-12 col-sm-6').addClass('col-sm-3');    
      }
      $('#feedbackComponent').html($('#feedbackConfirm').fadeIn(500));
    }

    $('.feedbackButton').click(function(event) {
      var feedback = {}, contentElement = $("#viewerContent");

      feedback.id = $('body').attr('data-pageId');
      feedback.topicUseful = this.value;
      feedback.portalKey = contentElement.attr("data-portalKey");
      feedback.topicKey = contentElement.attr("data-itemKey");
      feedback.projectKey = contentElement.attr("data-projectKey");
      feedback.parentKey = contentElement.attr("data-parentKey");
      feedback.refId = refId;

      sendFeedback(feedback, 'POST');

      if (this.value === 'false') {
        $('#feedbackComponent').children().fadeOut(500);
        $('#feedbackContainer').removeClass('col-sm-3').addClass('col-xs-12 col-sm-6');
        $('#feedbackComponent').html($('#feedbackComment').fadeIn(500));

        $('#commentButton').click(function() {
          $('#feedbackComponent').off('keypress');
          var comment = $("#feedbackInput").val().trim();
          if (comment !== "") {
            feedback.comment = comment;
            sendFeedback(feedback, 'PUT');
          }
          confirmFeedback(true);
        });

        $('#feedbackInput').focus();

        $('#feedbackComponent').on('keypress', function(e) {
          if (e.which === 13) {
            $('#commentButton').trigger('click');
          }
        });

      } else {
        confirmFeedback();
      }
    });
  });   
</script>

<div class="row">
  <div class="col-sm-3 pull-right" id="feedbackContainer">
    <div id="feedbackComponent">
      <div id="feedbackHelpful">
        <p>Was this helpful?</p>
        <div id="buttonDiv">
          <button class="btn btn-primary btn-xs feedbackButton" value="true">Yes</button>
          <button class="btn btn-primary btn-xs feedbackButton" value="false">No</button>
        </div>
      </div>
    </div>
  </div>
  <div id="feedbackConfirm" style="display: none">Thanks!</div>
  <div id="feedbackComment" style="display: none">
    <label for="feedbackInput">Tell us why!</label><br>
    <textarea rows="4" id="feedbackInput"></textarea><br>
    <button class="btn btn-primary btn-xs" id="commentButton">Send</button>
  </div>
</div>
                        
        <div class="col-sm-10 col-sm-offset-1 col-xs-11">

         </div>
          
	</div>
<!-- BEGIN footer -->
<footer class="navbar navbar-default harp-portal-footer" style="width: 100%; margin: 20px 0 0 0;"> <!-- navbar-fixed-bottom  -->
	<div class="container">
  <p class="navbar-text navbar-left hidden-xs">
    <span class="glyphicon glyphicon-qrcode" id="qrcodeLink"
          title="Show QR code for this page"></span>
  </p>
  <img src="/portals/qrgen?url=http%3A%2F%2Fwww.productinfo.schneider-electric.com%2Fportals%2Fui%2Fdigest%2Fviewer%2F561d5d65e4b0c5c41a243bf2%2Fnocontext%2FMaster%2BBookmap%2BContent%2F17718_MAIN%2B(bookmap)_0000058904.xml&size=180"
       id="qrcode"
       style="width: 180px; height: 180px;"
       alt="QR code for this page"
       title="QR code for this page">
<script>
  $(function() {
    var $qr = $('#qrcode')
    , $link = $('#qrcodeLink')
    , on = $qr.is('visible')
    , shown = false;
    ;

    function show() {
      var pos = $link.position();
      $qr.css({
        left: pos.left + 'px',
        bottom: ($link.outerHeight() + 20) + 'px'
      });
      $qr.fadeIn();
      on = true;
      shown = true;
    }

    function toggle() {
      if (on) {
        $qr.fadeOut();
        on = false;
      } else {
        show();
      }
    }

    $link.click(toggle);
    $qr.click(toggle);
    $link.mouseover(function() {
      if (!shown) {
        show();
      }
    });
  });
</script>
<!--		<p class="navbar-text navbar-right">
			<a href="https://td-demo.titaniasoftware.com/portals/ui/website/pages/product/delivery"
				class="navbar-link harp-footer-link" target="_blank">Powered by Titania Delivery</a>
		      <a id="footerLogo" href="http://www.titaniasoftware.com"
                class="navbar-link harp-footer-link" target="_blank">
                <img src="/portals/ui/_theme/digest/images/titania-logo_128w.png"
                        style="width: 43px; height: 16px;" alt="Titania Delivery" title="Titania Delivery">
             </a>
		</p>-->
	</div>
</footer>
<!-- END footer --></body>
</html>