<!DOCTYPE html>
<html>
<head>
<link rel="shortcut icon" href="/portals/ui/_theme/digest/favicon.ico" mce_href="/portals/ui/_theme/digest/favicon.ico" type="image/x-icon"/>
<meta name="viewport" content="width=device-width, initial-scale=1.0">
<meta http-equiv="X-UA-Compatible" content="IE=11">
<!-- HTML5 Shim and Respond.js IE8 support of HTML5 elements and media queries -->
<!--[if lt IE 9]>
  <script src="https://oss.maxcdn.com/libs/html5shiv/3.7.0/html5shiv.js"></script>
  <script src="https://oss.maxcdn.com/libs/respond.js/1.3.0/respond.min.js"></script>
<![endif]-->

<title>Section 16: NEMA and Definite Purpose Contactors and Starters - Digest 177</title>

<script type="text/javascript" src="/portals/resources/scripts/libs/jquery-1.11.0.min.js"></script>

<script type="text/javascript" src="/portals/ui/_theme/digest/scripts/bannerfix.js"></script>
<link rel="stylesheet" href="/portals/ui/_theme/digest/style/harp-portals.less"></link>
<script type="text/javascript" src="/portals/ui/_theme/digest/scripts/bootstrap.min.js"></script>
<script type="text/javascript" src="/portals/resources/scripts/harp-sdk.js"></script><link rel="stylesheet" href="/portals/resources/cm/cm.css"></link>
<script type="text/javascript" src="/portals/resources/scripts/libs/moment.min.js"></script>
<script type="text/javascript" src="/portals/resources/cm/cm.js"></script>

<script>
  (function(i,s,o,g,r,a,m){i['GoogleAnalyticsObject']=r;i[r]=i[r]||function(){
  (i[r].q=i[r].q||[]).push(arguments)},i[r].l=1*new Date();a=s.createElement(o),
  m=s.getElementsByTagName(o)[0];a.async=1;a.src=g;m.parentNode.insertBefore(a,m)
  })(window,document,'script','//www.google-analytics.com/analytics.js','ga');

  ga('create', 'UA-39869895-2', 'auto');
  ga('send', 'pageview');

</script>

<script>
$(function() {
    $('li.topicref.harp-portal-filter-exclude > a').click(function(e) {
        alert("This content is currently unavailable.");
        e.preventDefault();
        return false;
    });
});
</script>

</head>

<body class="readerPage" data-pageId=248db8a3-a854-454b-a1a4-fa6080324ddf>


<!-- BEGIN HEADER -->
<header class="navbar navbar-default" id="harp-header-bar" role="navigation">
	<div class="container">
		<div class="navbar-header">
			<button type="button" class="navbar-toggle" data-toggle="collapse"
				data-target=".navbar-collapse">
				<span class="sr-only">Toggle navigation</span> <span
					class="icon-bar"></span> <span class="icon-bar"></span> <span
					class="icon-bar"></span>
			</button>
			<a class="navbar-brand" style="padding: 0 50px 0 0" href="http://www.schneider-electric.com/us/en" target="_blank">
  			<img src="/portals/ui/_theme/digest/images/Logo_SE_White_Transparent_RGB.PNG" style="width: 171px; height: 52px;" class="hidden-xs">
			<img src="/portals/ui/_theme/digest/images/Logo_SE_White_Transparent_RGB.PNG" style="width: 85px; height: 26px; margin-top: 9px;" class="visible-xs">
            </a>

              <!-- <a href='/portals/ui/digest/'
	               class="header-logo-link">
	                <img src="/portals/ui/_theme/digest/images/se_logo.gif" class="header-logo">
	           	</a> -->
	            <!-- <a href='/portals/ui/digest/'>
	             Digest 177
	            </a> -->
			<!-- </span>  -->
		</div>

		<div class="navbar-collapse collapse" id="headerMenu">

				<form role="search" action='/portals/ui/digest/search' class="navbar-form navbar-right hidden-xs">
					<div class="form-group">
						<label class="sr-only" for="headerTerm">Search Term</label> <input
							type="text" placeholder="Search" class="form-control"
							id="headerTerm" name="term">
					</div>
                    <button type="submit" class="btn btn-primary">
                        <span class="glyphicon glyphicon-search"></span>
                    </button>
				</form>
				<form role="search" action='/portals/ui/digest/search' class="navbar-form navbar-right navbar-input-group visible-xs">
				    <div class="form-group">
				        <label class="sr-only" for="headerTerm">Search Term</label>
				        <div class="input-group">
				            <input type="text" placeholder="Search" class="form-control"
				                id="headerTerm" name="term">
				            <span class="input-group-btn">
				                <button type="submit" class="btn btn-primary">
				                    <span class="glyphicon glyphicon-search"></span>
				                </button>
				            </span>
				        </div>
				    </div>
				</form>

			<ul class="nav navbar-nav">
                <li><a href="http://www.digestplus-us.schneider-electric.com/" target="_blank">DigestPLUS</a></li>
              	<li><a href='/portals/ui/digest/pages/landingPages/digest177'>Digest 177</a></li>
                <li><a href='/portals/ui/digest/pages/landingPages/digest177_supplement'>Supplemental Digest 177</a></li>
			</ul>
		</div>
	</div>
</header>

<div id="docTitle" class="sectionColor2">
  <div class="container">
    <div class="row">
      <div class="col-xs-12">
        <h3>        <span class="context-title">
          Section 16: NEMA and Definite Purpose Contactors and Starters
        </span>
</h3>
      </div>
    </div>
  </div>
</div>

  <div id="floatingDocTitle" class="sectionColor2">
    <div class="container">
      <div class="row">
        <div class="col-xs-12">
          <h3>        <span class="context-title">
          Section 16: NEMA and Definite Purpose Contactors and Starters
        </span>
</h3>
        </div>
      </div>
    </div>
  </div>

<!-- END HEADER -->
	
	<div class="container" id="tocPage">
      

      <div class="row">
        <div class="col-sm-10 col-sm-offset-1 col-xs-12 content-container" id="viewerContent"
                 	data-portalKey="562794fee4b05736848a7cb4"
                    data-itemKey="561d5f9ae4b0c5c41a244827"
                    data-projectKey="561d5d65e4b0c5c41a243bf2">
              	
<div class="map bookmap" lang="English_en" data-xtrc="bookmap:1" data-xtrf="harp://561d5d65e4b0c5c41a243bf2/pr/ORIGINAL/Master%20Bookmap%20Content/17716_MAIN%20(bookmap)_0000062583.xml">
   <div class="topicmeta bookmeta" data-xtrc="bookmeta:1" lang="English_en">
      
      <div class="metadata" data-xtrc="metadata:1" lang="English_en">
         
         
      </div>
      
   </div>
   <ul id="toc">
      <li data-refid="SelectionInformation-0243520D" class="topicref chapter brand:sd tocentry"><span class="topichead">Selection Information</span><ul>
            <li data-refid="NEMAAndDefinitePurposeContactorsAnd-024375EE" class="topicref tocentry"><span class="topichead">NEMA and Definite Purpose Contactors and Starters</span><ul>
                  <li class="topicref tocentry"><a href="/portals/ui/digest/viewer/561d5d65e4b0c5c41a243bf2/561d5f9ae4b0c5c41a244827/r/NEMAAndDefinitePurposeContactorsAnd-024375EE#_17716002_10016602" data-refids=" _17716002_1001660">Selection Information</a></li>
                  <li class="topicref tocentry"><a href="/portals/ui/digest/viewer/561d5d65e4b0c5c41a243bf2/561d5f9ae4b0c5c41a244827/r/NEMAAndDefinitePurposeContactorsAnd-024375EE#_17716003_9983182" data-refids=" _17716003_998318">Selection Information</a></li>
               </ul>
            </li>
         </ul>
      </li>
      <li data-refid="_17716004_64752" class="topicref chapter brand:sd tocentry"><span class="topichead">Manual Starters and Switches</span><ul>
            <li data-refid="_17716004_67228" class="topicref tocentry"><span class="topichead">Manual Starters, Type F—Fractional Horsepower </span><ul>
                  <li class="topicref tocentry"><a href="/portals/ui/digest/viewer/561d5d65e4b0c5c41a243bf2/561d5f9ae4b0c5c41a244827/r/_17716004_67228#_17716004_532152" data-refids=" _17716004_53215">Fractional Horsepower Manual Starters with Melting Alloy Type
                        Thermal Overload Relay</a></li>
               </ul>
            </li>
            <li class="topicref tocentry"><a href="/portals/ui/digest/viewer/561d5d65e4b0c5c41a243bf2/561d5f9ae4b0c5c41a244827/r/_17716005_67282#_17716005_67282" data-refids=" _17716005_67282">Manual Switches, 30 A—Type K </a></li>
            <li data-refid="_17716006_65825" class="topicref tocentry"><span class="topichead">Type F and K—Approximate Dimensions</span><ul>
                  <li class="topicref tocentry"><a href="/portals/ui/digest/viewer/561d5d65e4b0c5c41a243bf2/561d5f9ae4b0c5c41a244827/r/_17716006_65825#_17716006_663532" data-refids=" _17716006_66353">Open Type</a></li>
                  <li class="topicref tocentry"><a href="/portals/ui/digest/viewer/561d5d65e4b0c5c41a243bf2/561d5f9ae4b0c5c41a244827/r/_17716006_65825#_17716006_664052" data-refids=" _17716006_66405">NEMA 1 General Purpose Enclosure (Surface Mount)</a></li>
                  <li class="topicref tocentry"><a href="/portals/ui/digest/viewer/561d5d65e4b0c5c41a243bf2/561d5f9ae4b0c5c41a244827/r/_17716006_65825#_17716006_664332" data-refids=" _17716006_66433">NEMA 1 General Purpose Enclosure (Flush Mount)</a></li>
                  <li class="topicref tocentry"><a href="/portals/ui/digest/viewer/561d5d65e4b0c5c41a243bf2/561d5f9ae4b0c5c41a244827/r/_17716006_65825#_17716006_663692" data-refids=" _17716006_66369">NEMA 4 Watertight Die-Cast Zinc Enclosure</a></li>
               </ul>
            </li>
            <li data-refid="_17716007_65665" class="topicref tocentry"><span class="topichead">
                  <b class="ph b" data-xtrc="b:1" lang="English_en">Approximate Dimensions—Type F and K </b>
                  </span><ul>
                  <li class="topicref tocentry"><a href="/portals/ui/digest/viewer/561d5d65e4b0c5c41a243bf2/561d5f9ae4b0c5c41a244827/r/_17716007_65665#_17716007_Heading5_42" data-refids=" _17716007_Heading5_4">NEMA 3R, 7, and 9 Aluminum Enclosure for Hazardous Locations</a></li>
                  <li class="topicref tocentry"><a href="/portals/ui/digest/viewer/561d5d65e4b0c5c41a243bf2/561d5f9ae4b0c5c41a244827/r/_17716007_65665#_17716007_Heading5_182" data-refids=" _17716007_Heading5_18">Dimensions for Duplex Devices</a></li>
               </ul>
            </li>
            <li data-refid="_17716008_70597" class="topicref tocentry"><span class="topichead">Manual Starters, Type M and T—Integral Horsepower </span><ul>
                  <li class="topicref tocentry"><a href="/portals/ui/digest/viewer/561d5d65e4b0c5c41a243bf2/561d5f9ae4b0c5c41a244827/r/_17716008_70597#IntegralHorsepower-19E27C222" data-refids=" IntegralHorsepower-19E27C22">Integral Horsepower</a></li>
                  <li class="topicref tocentry"><a href="/portals/ui/digest/viewer/561d5d65e4b0c5c41a243bf2/561d5f9ae4b0c5c41a244827/r/_17716008_70597#_17716009_682632" data-refids=" _17716009_68263">Reversing and Two Speed</a><ul>
                        <li class="topicref tocentry"><a href="/portals/ui/digest/viewer/561d5d65e4b0c5c41a243bf2/561d5f9ae4b0c5c41a244827/r/_17716008_70597#_17716009_Heading5_972" data-refids=" _17716009_Heading5_97">Thermal Units</a></li>
                        <li class="topicref tocentry"><a href="/portals/ui/digest/viewer/561d5d65e4b0c5c41a243bf2/561d5f9ae4b0c5c41a244827/r/_17716008_70597#_17716009_Heading5_992" data-refids=" _17716009_Heading5_99">Application Data</a></li>
                        <li class="topicref tocentry"><a href="/portals/ui/digest/viewer/561d5d65e4b0c5c41a243bf2/561d5f9ae4b0c5c41a244827/r/_17716008_70597#_17716009_Heading5_1072" data-refids=" _17716009_Heading5_107">Maintenance of Equipment</a></li>
                     </ul>
                  </li>
                  <li class="topicref tocentry"><a href="/portals/ui/digest/viewer/561d5d65e4b0c5c41a243bf2/561d5f9ae4b0c5c41a244827/r/_17716008_70597#_17716009_621362" data-refids=" _17716009_62136">Accessories and Modification Kits</a></li>
                  <li class="topicref tocentry"><a href="/portals/ui/digest/viewer/561d5d65e4b0c5c41a243bf2/561d5f9ae4b0c5c41a244827/r/_17716008_70597#ApproximateDimensions-19E2940B2" data-refids=" ApproximateDimensions-19E2940B">Approximate Dimensions</a></li>
               </ul>
            </li>
            <li data-refid="_17716011_19306" class="topicref tocentry"><span class="topichead">Accessories, Modifications, and Replacement Parts</span><ul>
                  <li class="topicref tocentry"><a href="/portals/ui/digest/viewer/561d5d65e4b0c5c41a243bf2/561d5f9ae4b0c5c41a244827/r/_17716011_19306#_17716011_Heading5_1882" data-refids=" _17716011_Heading5_188">Accessories, Modifications, and Replacement Parts</a></li>
               </ul>
            </li>
         </ul>
      </li>
      <li data-refid="_17716012_93709" class="topicref chapter tocentry"><span class="topichead">TeSys™ U Motor Starters</span><ul>
            <li data-refid="_17716012_43621" class="topicref tocentry"><span class="topichead">TeSys™ U Starter Components</span><ul>
                  <li class="topicref tocentry"><a href="/portals/ui/digest/viewer/561d5d65e4b0c5c41a243bf2/561d5f9ae4b0c5c41a244827/r/_17716012_43621#_17716012_Heading5_72" data-refids=" _17716012_Heading5_7">TeSys U Selection</a></li>
               </ul>
            </li>
         </ul>
      </li>
      <li data-refid="_17716139_Heading1_2" class="topicref chapter tocentry"><span class="topichead">TeSys™ N Contactors, Starters, and Self-Protected Combination
            Starters</span><ul>
            <li data-refid="_17716139_58351" class="topicref tocentry"><span class="topichead">Catalog Numbering System: T02, T36, and T40</span><ul>
                  <li class="topicref tocentry"><a href="/portals/ui/digest/viewer/561d5d65e4b0c5c41a243bf2/561d5f9ae4b0c5c41a244827/r/_17716139_58351#TeSysNCatalogNumberingSystemT40CA13-19E2E62D2" data-refids=" TeSysNCatalogNumberingSystemT40CA13-19E2E62D">Interpreting the Catalog Number</a></li>
               </ul>
            </li>
            <li data-refid="_17716152_57172" class="topicref tocentry"><span class="topichead">
                  <b class="ph b" data-xtrc="b:1" lang="English_en">Self-Protected Combination Starters</b>
                  </span><ul>
                  <li class="topicref new tocentry"><a href="/portals/ui/digest/viewer/561d5d65e4b0c5c41a243bf2/561d5f9ae4b0c5c41a244827/r/_17716152_57172#_17716152_Heading2_52" data-refids=" _17716152_Heading2_5">Choosing a Configuration</a></li>
                  <li class="topicref tocentry"><a href="/portals/ui/digest/viewer/561d5d65e4b0c5c41a243bf2/561d5f9ae4b0c5c41a244827/r/_17716152_57172#_17716154_Heading2_32" data-refids=" _17716154_Heading2_3">Factory Modifications</a></li>
               </ul>
            </li>
            <li data-refid="ContactorsAndStarters-F36C4C99" class="topicref tocentry"><span class="topichead">Non-Reversing Contactors</span><ul>
                  <li class="topicref new tocentry"><a href="/portals/ui/digest/viewer/561d5d65e4b0c5c41a243bf2/561d5f9ae4b0c5c41a244827/r/ContactorsAndStarters-F36C4C99#_17716140_748012" data-refids=" _17716140_74801">TeSys N Non-Reversing Contactors</a></li>
               </ul>
            </li>
            <li data-refid="_17716141_77310" class="topicref tocentry"><span class="topichead">Reversing Contactors</span><ul>
                  <li class="topicref new tocentry"><a href="/portals/ui/digest/viewer/561d5d65e4b0c5c41a243bf2/561d5f9ae4b0c5c41a244827/r/_17716141_77310#_17716141_764272" data-refids=" _17716141_76427">TeSys N Reversing Contactors</a></li>
               </ul>
            </li>
            <li data-refid="ContactorsAndStarters-F36C6601" class="topicref tocentry"><span class="topichead">Non-Reversing Starters</span><ul>
                  <li class="topicref new tocentry"><a href="/portals/ui/digest/viewer/561d5d65e4b0c5c41a243bf2/561d5f9ae4b0c5c41a244827/r/ContactorsAndStarters-F36C6601#_17716142_748012" data-refids=" _17716142_74801">TeSys N Non-Reversing Starters</a></li>
               </ul>
            </li>
            <li data-refid="TeSysNContactorsAndStarters-F36C7C34" class="topicref tocentry"><span class="topichead">Reversing Starters</span><ul>
                  <li class="topicref new tocentry"><a href="/portals/ui/digest/viewer/561d5d65e4b0c5c41a243bf2/561d5f9ae4b0c5c41a244827/r/TeSysNContactorsAndStarters-F36C7C34#_17716143_708412" data-refids=" _17716143_70841">TeSys N Reversing Starters</a></li>
               </ul>
            </li>
            <li data-refid="_17716145_Heading1_2" class="topicref tocentry"><span class="topichead">Accessories</span><ul>
                  <li class="topicref tocentry"><a href="/portals/ui/digest/viewer/561d5d65e4b0c5c41a243bf2/561d5f9ae4b0c5c41a244827/r/_17716145_Heading1_2#_17716144_726042" data-refids=" _17716144_72604">Auxiliary
                        Contacts, Time Delay, Mechanical Latch</a></li>
                  <li class="topicref tocentry"><a href="/portals/ui/digest/viewer/561d5d65e4b0c5c41a243bf2/561d5f9ae4b0c5c41a244827/r/_17716145_Heading1_2#_17716145_667482" data-refids=" _17716145_66748">Coil Suppressors and Cabling Accessories</a><ul>
                        <li class="topicref tocentry"><a href="/portals/ui/digest/viewer/561d5d65e4b0c5c41a243bf2/561d5f9ae4b0c5c41a244827/r/_17716145_Heading1_2#_17716145_Heading5_32" data-refids=" _17716145_Heading5_3">RC Coil Suppressor</a></li>
                        <li class="topicref tocentry"><a href="/portals/ui/digest/viewer/561d5d65e4b0c5c41a243bf2/561d5f9ae4b0c5c41a244827/r/_17716145_Heading1_2#_17716145_Heading5_382" data-refids=" _17716145_Heading5_38">Varistor Coil Suppressor</a></li>
                        <li class="topicref tocentry"><a href="/portals/ui/digest/viewer/561d5d65e4b0c5c41a243bf2/561d5f9ae4b0c5c41a244827/r/_17716145_Heading1_2#_17716145_Heading5_712" data-refids=" _17716145_Heading5_71">Diode Coil Suppressor</a></li>
                        <li class="topicref tocentry"><a href="/portals/ui/digest/viewer/561d5d65e4b0c5c41a243bf2/561d5f9ae4b0c5c41a244827/r/_17716145_Heading1_2#_17716145_Heading5_932" data-refids=" _17716145_Heading5_93">Bidirectional Diode Coil Suppressor</a></li>
                        <li class="topicref tocentry"><a href="/portals/ui/digest/viewer/561d5d65e4b0c5c41a243bf2/561d5f9ae4b0c5c41a244827/r/_17716145_Heading1_2#CablingAccessoriesUsageMountingOnOp-19E2DAC22" data-refids=" CablingAccessoriesUsageMountingOnOp-19E2DAC2">TeSys N Cabling Accessories</a></li>
                     </ul>
                  </li>
                  <li class="topicref tocentry"><a href="/portals/ui/digest/viewer/561d5d65e4b0c5c41a243bf2/561d5f9ae4b0c5c41a244827/r/_17716145_Heading1_2#_17716146_809002" data-refids=" _17716146_80900">Electronic Timers and Interface Modules</a></li>
               </ul>
            </li>
            <li data-refid="ReplacementParts-6CCBE6C9" class="topicref tocentry"><span class="topichead">Replacement Parts</span><ul>
                  <li class="topicref tocentry"><a href="/portals/ui/digest/viewer/561d5d65e4b0c5c41a243bf2/561d5f9ae4b0c5c41a244827/r/ReplacementParts-6CCBE6C9#ReplacementParts-3F8DDB7A2" data-refids=" ReplacementParts-3F8DDB7A">Replacement Contacts and Coils</a></li>
               </ul>
            </li>
            <li data-refid="_17716147_Heading1_2" class="topicref tocentry"><span class="topichead">TeSys™ N Dimensions</span><ul>
                  <li class="topicref tocentry"><a href="/portals/ui/digest/viewer/561d5d65e4b0c5c41a243bf2/561d5f9ae4b0c5c41a244827/r/_17716147_Heading1_2#_17716147_809002" data-refids=" _17716147_80900">TeSys™ N Non-Reversing Contactors</a></li>
                  <li class="topicref tocentry"><a href="/portals/ui/digest/viewer/561d5d65e4b0c5c41a243bf2/561d5f9ae4b0c5c41a244827/r/_17716147_Heading1_2#_17716148_809002" data-refids=" _17716148_80900">TeSys™ N Reversing Contactors</a></li>
                  <li class="topicref tocentry"><a href="/portals/ui/digest/viewer/561d5d65e4b0c5c41a243bf2/561d5f9ae4b0c5c41a244827/r/_17716147_Heading1_2#_17716149_809002" data-refids=" _17716149_80900">TeSys N Starters, Size 00–2</a></li>
                  <li class="topicref tocentry"><a href="/portals/ui/digest/viewer/561d5d65e4b0c5c41a243bf2/561d5f9ae4b0c5c41a244827/r/_17716147_Heading1_2#_17716150_809002" data-refids=" _17716150_80900">TeSys N Starters, Size 3–4</a></li>
                  <li class="topicref tocentry"><a href="/portals/ui/digest/viewer/561d5d65e4b0c5c41a243bf2/561d5f9ae4b0c5c41a244827/r/_17716147_Heading1_2#_17716151_809002" data-refids=" _17716151_80900">TeSys N Starters, Size 5–7</a></li>
               </ul>
            </li>
         </ul>
      </li>
      <li data-refid="_17716013_56640" class="topicref chapter brand:sd tocentry"><span class="topichead">Catalog Numbering System</span><ul>
            <li class="topicref tocentry"><a href="/portals/ui/digest/viewer/561d5d65e4b0c5c41a243bf2/561d5f9ae4b0c5c41a244827/r/_17716013_66028#_17716013_66028" data-refids=" _17716013_66028">NEMA AC Magnetic Contactors and Starters</a></li>
         </ul>
      </li>
      <li data-refid="_17716014_37677" class="topicref chapter brand:sd tocentry"><span class="topichead">Full Voltage Contactors and Starters</span><ul>
            <li data-refid="_17716015_Heading2_2" class="topicref tocentry"><span class="topichead">Contactors, Type S</span><ul>
                  <li class="topicref tocentry"><a href="/portals/ui/digest/viewer/561d5d65e4b0c5c41a243bf2/561d5f9ae4b0c5c41a244827/r/_17716015_Heading2_2#GeneralInformation-19E21F402" data-refids=" GeneralInformation-19E21F40">General Information</a></li>
                  <li class="topicref tocentry"><a href="/portals/ui/digest/viewer/561d5d65e4b0c5c41a243bf2/561d5f9ae4b0c5c41a244827/r/_17716015_Heading2_2#_17716015_Heading5_1732" data-refids=" _17716015_Heading5_173">3-Pole Polyphase in NEMA 4X, 7 &amp; 9, and 12/3R Enclosures</a></li>
                  <li class="topicref tocentry"><a href="/portals/ui/digest/viewer/561d5d65e4b0c5c41a243bf2/561d5f9ae4b0c5c41a244827/r/_17716015_Heading2_2#VacMaximum5060HzNEMASizeContinuousC-19E21A702" data-refids=" VacMaximum5060HzNEMASizeContinuousC-19E21A70">Single-Phase, 4- and 5-Pole Polyphase: Open
                        Type, NEMA 1 and 4 &amp; 4X Enclosures</a></li>
                  <li class="topicref tocentry"><a href="/portals/ui/digest/viewer/561d5d65e4b0c5c41a243bf2/561d5f9ae4b0c5c41a244827/r/_17716015_Heading2_2#_17716017_713622" data-refids=" _17716017_71362">Single-Phase and 4- and 5-Pole Polyphase: NEMA
                        4X, 7 &amp; 9, and 12/3R Enclosures</a></li>
               </ul>
            </li>
            <li data-refid="_17716018_Heading2_2" class="topicref tocentry"><span class="topichead">Starters, Type S</span><ul>
                  <li class="topicref tocentry"><a href="/portals/ui/digest/viewer/561d5d65e4b0c5c41a243bf2/561d5f9ae4b0c5c41a244827/r/_17716018_Heading2_2#_17716018_694752" data-refids=" _17716018_69475">General Information</a></li>
                  <li class="topicref tocentry"><a href="/portals/ui/digest/viewer/561d5d65e4b0c5c41a243bf2/561d5f9ae4b0c5c41a244827/r/_17716018_Heading2_2#_17716019_794902" data-refids=" _17716019_79490">3-Pole Polyphase: NEMA 7 &amp; 9 and 12/3R</a></li>
                  <li class="topicref tocentry"><a href="/portals/ui/digest/viewer/561d5d65e4b0c5c41a243bf2/561d5f9ae4b0c5c41a244827/r/_17716018_Heading2_2#_17716020_683722" data-refids=" _17716020_68372">2-Pole Single Phase</a></li>
                  <li class="topicref tocentry"><a href="/portals/ui/digest/viewer/561d5d65e4b0c5c41a243bf2/561d5f9ae4b0c5c41a244827/r/_17716018_Heading2_2#_17716022_606222" data-refids=" _17716022_60622">Types SB–SD With Auxiliary Load Terminals</a></li>
                  <li class="topicref tocentry"><a href="/portals/ui/digest/viewer/561d5d65e4b0c5c41a243bf2/561d5f9ae4b0c5c41a244827/r/_17716018_Heading2_2#_17716022_673632" data-refids=" _17716022_67363">Extra Capacity Single Phase Starters (Not NEMA Style) </a></li>
               </ul>
            </li>
            <li data-refid="_17716023_Heading2_2" class="topicref tocentry"><span class="topichead">Application Data</span><ul>
                  <li class="topicref tocentry"><a href="/portals/ui/digest/viewer/561d5d65e4b0c5c41a243bf2/561d5f9ae4b0c5c41a244827/r/_17716023_Heading2_2#_17716023_670482" data-refids=" _17716023_67048">Application Data for Selection</a></li>
               </ul>
            </li>
            <li data-refid="_17716024_Heading2_2" class="topicref tocentry"><span class="topichead">Approximate Dimensions</span><ul>
                  <li class="topicref tocentry"><a href="/portals/ui/digest/viewer/561d5d65e4b0c5c41a243bf2/561d5f9ae4b0c5c41a244827/r/_17716024_Heading2_2#_17716024_722582" data-refids=" _17716024_72258">Dimensions for Open Type and NEMA 1 Enclosures</a></li>
                  <li class="topicref tocentry"><a href="/portals/ui/digest/viewer/561d5d65e4b0c5c41a243bf2/561d5f9ae4b0c5c41a244827/r/_17716024_Heading2_2#_17716025_711422" data-refids=" _17716025_71142">Dimensions for NEMA 4 and 4X Enclosures</a></li>
                  <li class="topicref tocentry"><a href="/portals/ui/digest/viewer/561d5d65e4b0c5c41a243bf2/561d5f9ae4b0c5c41a244827/r/_17716024_Heading2_2#_17716026_627262" data-refids=" _17716026_62726">NEMA 7 and 9 Enclosures</a></li>
                  <li class="topicref tocentry"><a href="/portals/ui/digest/viewer/561d5d65e4b0c5c41a243bf2/561d5f9ae4b0c5c41a244827/r/_17716024_Heading2_2#_17716027_703832" data-refids=" _17716027_70383">Dimensions for NEMA 12/3R Enclosures</a></li>
               </ul>
            </li>
         </ul>
      </li>
      <li data-refid="_17716028_42745" class="topicref chapter brand:sd tocentry"><span class="topichead">Vacuum Contactors and Starters, Full Voltage</span><ul>
            <li data-refid="_17716028_62322" class="topicref tocentry"><span class="topichead">NEMA Style Contactors, 600 V</span><ul>
                  <li class="topicref tocentry"><a href="/portals/ui/digest/viewer/561d5d65e4b0c5c41a243bf2/561d5f9ae4b0c5c41a244827/r/_17716028_62322#_17716028_573722" data-refids=" _17716028_57372">General Information</a></li>
               </ul>
            </li>
            <li data-refid="_17716029_63936" class="topicref tocentry"><span class="topichead">NEMA Style Contactors, 1500 V</span><ul>
                  <li class="topicref tocentry"><a href="/portals/ui/digest/viewer/561d5d65e4b0c5c41a243bf2/561d5f9ae4b0c5c41a244827/r/_17716029_63936#_17716029_617352" data-refids=" _17716029_61735">General Information</a></li>
               </ul>
            </li>
            <li data-refid="_17716030_64803" class="topicref tocentry"><span class="topichead">NEMA Style Starters, 600 V</span><ul>
                  <li class="topicref tocentry"><a href="/portals/ui/digest/viewer/561d5d65e4b0c5c41a243bf2/561d5f9ae4b0c5c41a244827/r/_17716030_64803#_17716030_Heading5_42" data-refids=" _17716030_Heading5_4">General Information</a></li>
               </ul>
            </li>
         </ul>
      </li>
      <li data-refid="_17716031_32897" class="topicref chapter brand:sd tocentry"><span class="topichead">Combination Starters</span><ul>
            <li data-refid="_17716031_55852" class="topicref tocentry"><span class="topichead">Non-Reversing</span><ul>
                  <li class="topicref tocentry"><a href="/portals/ui/digest/viewer/561d5d65e4b0c5c41a243bf2/561d5f9ae4b0c5c41a244827/r/_17716031_55852#_17716031_770812" data-refids=" _17716031_77081">Fusible Disconnect Switch Type3-Pole Polyphase—600
                        Vac Maximum—50–60 Hz</a></li>
                  <li class="topicref tocentry"><a href="/portals/ui/digest/viewer/561d5d65e4b0c5c41a243bf2/561d5f9ae4b0c5c41a244827/r/_17716031_55852#_17716032_606122" data-refids=" _17716032_60612">Non-Fusible Disconnect Switch Type3-Pole Polyphase—600
                        Vac Maximum—50–60 Hz</a></li>
                  <li class="topicref tocentry"><a href="/portals/ui/digest/viewer/561d5d65e4b0c5c41a243bf2/561d5f9ae4b0c5c41a244827/r/_17716031_55852#_17716033_617352" data-refids=" _17716033_61735">Fusible Disconnect Switch Type with Class R Fuse Clips3-Pole Polyphase—600 Vac Maximum—50–60
                        Hz</a></li>
                  <li class="topicref tocentry"><a href="/portals/ui/digest/viewer/561d5d65e4b0c5c41a243bf2/561d5f9ae4b0c5c41a244827/r/_17716031_55852#_17716034_Heading5_42" data-refids=" _17716034_Heading5_4">Full Voltage Type with Motor Logic Solid-State Overload Relays3-Pole Polyphase—600
                        Vac Maximum—50–60
                        Hz</a></li>
                  <li class="topicref tocentry"><a href="/portals/ui/digest/viewer/561d5d65e4b0c5c41a243bf2/561d5f9ae4b0c5c41a244827/r/_17716031_55852#_17716036_842382" data-refids=" _17716036_84238">Electronic Motor Circuit Protector (MCP)3-Pole
                        Polyphase—600 Vac Maximum—50–60 Hz</a><ul>
                        <li class="topicref tocentry"><a href="/portals/ui/digest/viewer/561d5d65e4b0c5c41a243bf2/561d5f9ae4b0c5c41a244827/r/_17716031_55852#_17716037_477302" data-refids=" _17716037_47730">NEMA Size 0–2 in Oversized Enclosure3-Pole
                              Polyphase—600 Vac Maximum—50–60 Hz</a></li>
                     </ul>
                  </li>
                  <li class="topicref tocentry"><a href="/portals/ui/digest/viewer/561d5d65e4b0c5c41a243bf2/561d5f9ae4b0c5c41a244827/r/_17716031_55852#_17716038_690582" data-refids=" _17716038_69058">Thermal Magnetic Circuit Breaker</a><ul>
                        <li class="topicref tocentry"><a href="/portals/ui/digest/viewer/561d5d65e4b0c5c41a243bf2/561d5f9ae4b0c5c41a244827/r/_17716031_55852#_17716038_606122" data-refids=" _17716038_60612">Full Voltage Type3-Pole Polyphase—600
                              Vac Maximum—50–60 Hz</a></li>
                        <li class="topicref tocentry"><a href="/portals/ui/digest/viewer/561d5d65e4b0c5c41a243bf2/561d5f9ae4b0c5c41a244827/r/_17716031_55852#_17716039_500582" data-refids=" _17716039_50058">Line Voltage Type3-Pole Polyphase—600
                              Vac Maximum—50–60 Hz</a></li>
                     </ul>
                  </li>
                  <li class="topicref tocentry"><a href="/portals/ui/digest/viewer/561d5d65e4b0c5c41a243bf2/561d5f9ae4b0c5c41a244827/r/_17716031_55852#_17716040_640382" data-refids=" _17716040_64038">Application Data</a></li>
                  <li class="topicref tocentry"><a href="/portals/ui/digest/viewer/561d5d65e4b0c5c41a243bf2/561d5f9ae4b0c5c41a244827/r/_17716031_55852#_17716041_670592" data-refids=" _17716041_67059">Accessories—Interlocks and Control Transformers</a></li>
                  <li class="topicref tocentry"><a href="/portals/ui/digest/viewer/561d5d65e4b0c5c41a243bf2/561d5f9ae4b0c5c41a244827/r/_17716031_55852#_17716042_656182" data-refids=" _17716042_65618">Approximate Dimensions</a><ul>
                        <li class="topicref tocentry"><a href="/portals/ui/digest/viewer/561d5d65e4b0c5c41a243bf2/561d5f9ae4b0c5c41a244827/r/_17716031_55852#_17716043_641012" data-refids=" _17716043_64101">Enclosures</a></li>
                     </ul>
                  </li>
               </ul>
            </li>
         </ul>
      </li>
      <li data-refid="_17716048_64364" class="topicref chapter brand:sd tocentry"><span class="topichead">Reversing Full Voltage Contactors and Starters</span><ul>
            <li data-refid="_17716044_45096" class="topicref tocentry"><span class="topichead">Contactors, Type S</span><ul>
                  <li class="topicref tocentry"><a href="/portals/ui/digest/viewer/561d5d65e4b0c5c41a243bf2/561d5f9ae4b0c5c41a244827/r/_17716044_45096#NEMA000And1ReversingContactorClass8-19E225882" data-refids=" NEMA000And1ReversingContactorClass8-19E22588">General Information</a></li>
                  <li class="topicref tocentry"><a href="/portals/ui/digest/viewer/561d5d65e4b0c5c41a243bf2/561d5f9ae4b0c5c41a244827/r/_17716044_45096#VacMaximum5060HzNEMASizeContinuousC-19E22DE22" data-refids=" VacMaximum5060HzNEMASizeContinuousC-19E22DE2">Single-Phase and 4–Pole Polyphase</a></li>
               </ul>
            </li>
            <li data-refid="_17716046_17116" class="topicref tocentry"><span class="topichead">
                  <b class="ph b" data-xtrc="b:1" lang="English_en">Starters, Type S</b>
                  </span><ul>
                  <li class="topicref tocentry"><a href="/portals/ui/digest/viewer/561d5d65e4b0c5c41a243bf2/561d5f9ae4b0c5c41a244827/r/_17716046_17116#NEMASizes0001ReversingStarterHorizo-19E233342" data-refids=" NEMASizes0001ReversingStarterHorizo-19E23334">Introduction</a><ul>
                        <li class="topicref tocentry"><a href="/portals/ui/digest/viewer/561d5d65e4b0c5c41a243bf2/561d5f9ae4b0c5c41a244827/r/_17716046_17116#TypeS3PolePolyphase-13CAAE952" data-refids=" TypeS3PolePolyphase-13CAAE95">Type S Reversing Starters, 3–Pole Polyphase</a></li>
                        <li class="topicref tocentry"><a href="/portals/ui/digest/viewer/561d5d65e4b0c5c41a243bf2/561d5f9ae4b0c5c41a244827/r/_17716046_17116#_17716047_632812" data-refids=" _17716047_63281">Type S, 2- and 3-Pole Single Phase, 4-Pole Polyphase</a></li>
                     </ul>
                  </li>
               </ul>
            </li>
            <li data-refid="_17716048_Heading2_2" class="topicref tocentry"><span class="topichead">Approximate Dimensions</span><ul>
                  <li class="topicref tocentry"><a href="/portals/ui/digest/viewer/561d5d65e4b0c5c41a243bf2/561d5f9ae4b0c5c41a244827/r/_17716048_Heading2_2#_17716048_657452" data-refids=" _17716048_65745">Open and NEMA 1 Enclosures</a></li>
                  <li class="topicref tocentry"><a href="/portals/ui/digest/viewer/561d5d65e4b0c5c41a243bf2/561d5f9ae4b0c5c41a244827/r/_17716048_Heading2_2#_17716049_651842" data-refids=" _17716049_65184">NEMA 4, 4X, 7, 9, and 12/3R Enclosures</a></li>
               </ul>
            </li>
         </ul>
      </li>
      <li data-refid="_17716050_63996" class="topicref chapter brand:sd tocentry"><span class="topichead">
            <b class="ph b" data-xtrc="b:1" lang="English_en">Reversing Vacuum Contactors, Full Voltage</b>
            </span><ul>
            <li data-refid="_17716050_Heading2_2" class="topicref tocentry"><span class="topichead">Type W</span><ul>
                  <li class="topicref tocentry"><a href="/portals/ui/digest/viewer/561d5d65e4b0c5c41a243bf2/561d5f9ae4b0c5c41a244827/r/_17716050_Heading2_2#Class8702TypeWReversingVacuumContac-19E239742" data-refids=" Class8702TypeWReversingVacuumContac-19E23974">Class 8702 Type W</a></li>
               </ul>
            </li>
         </ul>
      </li>
      <li data-refid="_17716051_25484" class="topicref chapter brand:sd tocentry"><span class="topichead">Reversing Combination Starters</span><ul>
            <li data-refid="_17716051_Heading2_2" class="topicref tocentry"><span class="topichead">Reversing</span><ul>
                  <li class="topicref tocentry"><a href="/portals/ui/digest/viewer/561d5d65e4b0c5c41a243bf2/561d5f9ae4b0c5c41a244827/r/_17716051_Heading2_2#_17716051_859362" data-refids=" _17716051_85936">Class 8738 Fusible Disconnect Switch Type3-Pole
                        Polyphase—600 Vac Maximum—50–60 Hz</a></li>
                  <li class="topicref tocentry"><a href="/portals/ui/digest/viewer/561d5d65e4b0c5c41a243bf2/561d5f9ae4b0c5c41a244827/r/_17716051_Heading2_2#_17716052_627822" data-refids=" _17716052_62782">Non-Fusible and Fusible Disconnect Switch Type3-Pole Polyphase—600 Vac Maximum—50–60
                        Hz</a></li>
                  <li class="topicref tocentry"><a href="/portals/ui/digest/viewer/561d5d65e4b0c5c41a243bf2/561d5f9ae4b0c5c41a244827/r/_17716051_Heading2_2#_17716053_606202" data-refids=" _17716053_60620">Electronic Motor Circuit Protector (MCP)3-Pole
                        Polyphase—600 Vac Maximum—50–60 Hz</a></li>
                  <li class="topicref tocentry"><a href="/portals/ui/digest/viewer/561d5d65e4b0c5c41a243bf2/561d5f9ae4b0c5c41a244827/r/_17716051_Heading2_2#_17716055_672632" data-refids=" _17716055_67263">Thermal Magnetic Circuit Breaker3-Pole Polyphase—600
                        Vac Maximum—50–60 Hz</a></li>
                  <li class="topicref tocentry"><a href="/portals/ui/digest/viewer/561d5d65e4b0c5c41a243bf2/561d5f9ae4b0c5c41a244827/r/_17716051_Heading2_2#_17716056_672812" data-refids=" _17716056_67281">Thermal Magnetic Circuit Breaker3-Pole Polyphase—600
                        Vac Maximum—50–60 Hz</a></li>
               </ul>
            </li>
            <li data-refid="_17716057_Heading2_2" class="topicref tocentry"><span class="topichead">Approximate Dimensions</span><ul>
                  <li class="topicref tocentry"><a href="/portals/ui/digest/viewer/561d5d65e4b0c5c41a243bf2/561d5f9ae4b0c5c41a244827/r/_17716057_Heading2_2#_17716057_665852" data-refids=" _17716057_66585">NEMA 1, 12, and 3R Dimensions</a></li>
                  <li class="topicref tocentry"><a href="/portals/ui/digest/viewer/561d5d65e4b0c5c41a243bf2/561d5f9ae4b0c5c41a244827/r/_17716057_Heading2_2#_17716058_650532" data-refids=" _17716058_65053">NEMA 4, 4X Dimensions</a></li>
               </ul>
            </li>
         </ul>
      </li>
      <li data-refid="_17716059_76290" class="topicref chapter brand:sd tocentry"><span class="topichead">Lighting Contactors</span><ul>
            <li data-refid="_17716059_Heading2_2" class="topicref tocentry"><span class="topichead">Multipole Lighting Contactors, Type&nbsp;L&nbsp;and&nbsp;LX</span><ul>
                  <li class="topicref tocentry"><a href="/portals/ui/digest/viewer/561d5d65e4b0c5c41a243bf2/561d5f9ae4b0c5c41a244827/r/_17716059_Heading2_2#_17716059_692302" data-refids=" _17716059_69230">Features</a></li>
               </ul>
            </li>
            <li data-refid="MultipoleLightingContactorsTypeS-4016184D" class="topicref tocentry"><span class="topichead">Multipole Lighting Contactors, Type S</span><ul>
                  <li class="topicref tocentry"><a href="/portals/ui/digest/viewer/561d5d65e4b0c5c41a243bf2/561d5f9ae4b0c5c41a244827/r/MultipoleLightingContactorsTypeS-4016184D#_17716060_655692" data-refids=" _17716060_65569">Features</a></li>
               </ul>
            </li>
            <li data-refid="_17716061_71274" class="topicref tocentry"><span class="topichead">Combination Lighting Contactors, Type S</span><ul>
                  <li class="topicref tocentry"><a href="/portals/ui/digest/viewer/561d5d65e4b0c5c41a243bf2/561d5f9ae4b0c5c41a244827/r/_17716061_71274#_17716061_712772" data-refids=" _17716061_71277">Features</a></li>
               </ul>
            </li>
            <li data-refid="_17716062_66640" class="topicref tocentry"><span class="topichead">Night-Master™ Combination Lighting Contactors</span><ul>
                  <li class="topicref tocentry"><a href="/portals/ui/digest/viewer/561d5d65e4b0c5c41a243bf2/561d5f9ae4b0c5c41a244827/r/_17716062_66640#_17716062_611792" data-refids=" _17716062_61179">Night-Master Combination Lighting Contactors</a></li>
               </ul>
            </li>
            <li class="topicref tocentry"><a href="/portals/ui/digest/viewer/561d5d65e4b0c5c41a243bf2/561d5f9ae4b0c5c41a244827/r/_17716063_69132#_17716063_69132" data-refids=" _17716063_69132">Factory Modifications (Forms)</a></li>
            <li data-refid="_17716064_66312" class="topicref tocentry"><span class="topichead">Field Modifications</span><ul>
                  <li class="topicref tocentry"><a href="/portals/ui/digest/viewer/561d5d65e4b0c5c41a243bf2/561d5f9ae4b0c5c41a244827/r/_17716064_66312#_17716065_640442" data-refids=" _17716065_64044">Cover Mounted Control Units</a></li>
               </ul>
            </li>
            <li data-refid="_17716066_Heading2_2" class="topicref tocentry"><span class="topichead">Approximate Dimensions</span><ul>
                  <li class="topicref tocentry"><a href="/portals/ui/digest/viewer/561d5d65e4b0c5c41a243bf2/561d5f9ae4b0c5c41a244827/r/_17716066_Heading2_2#_17716066_699232" data-refids=" _17716066_69923">Open Type and NEMA 1</a></li>
                  <li class="topicref tocentry"><a href="/portals/ui/digest/viewer/561d5d65e4b0c5c41a243bf2/561d5f9ae4b0c5c41a244827/r/_17716066_Heading2_2#_17716067_669072" data-refids=" _17716067_66907">NEMA 3R, 4, and 4X</a></li>
                  <li class="topicref tocentry"><a href="/portals/ui/digest/viewer/561d5d65e4b0c5c41a243bf2/561d5f9ae4b0c5c41a244827/r/_17716066_Heading2_2#_17716068_657162" data-refids=" _17716068_65716">NEMA 12/3R and Night-Master™, NEMA 3R</a></li>
                  <li class="topicref tocentry"><a href="/portals/ui/digest/viewer/561d5d65e4b0c5c41a243bf2/561d5f9ae4b0c5c41a244827/r/_17716066_Heading2_2#_17716069_651522" data-refids=" _17716069_65152">Combination Lighting Contactors</a></li>
               </ul>
            </li>
         </ul>
      </li>
      <li data-refid="_17716070_84579" class="topicref chapter brand:sd tocentry"><span class="topichead">Definite Purpose Contactors</span><ul>
            <li data-refid="_17716070_65172" class="topicref tocentry"><span class="topichead">Types DP, DPA</span><ul>
                  <li class="topicref tocentry"><a href="/portals/ui/digest/viewer/561d5d65e4b0c5c41a243bf2/561d5f9ae4b0c5c41a244827/r/_17716070_65172#_17716071_639722" data-refids=" _17716071_63972">Types DP, DPA Application Data</a></li>
                  <li class="topicref tocentry"><a href="/portals/ui/digest/viewer/561d5d65e4b0c5c41a243bf2/561d5f9ae4b0c5c41a244827/r/_17716070_65172#TypesDPDPAApproximateDimensions-19E301E22" data-refids=" TypesDPDPAApproximateDimensions-19E301E2">Types DP, DPA Approximate Dimensions</a></li>
               </ul>
            </li>
         </ul>
      </li>
      <li data-refid="_17716074_36714" class="topicref chapter brand:sd tocentry"><span class="topichead">
            <b class="ph b" data-xtrc="b:1" lang="English_en">Definite Purpose Starters</b>
            </span><ul>
            <li class="topicref tocentry"><a href="/portals/ui/digest/viewer/561d5d65e4b0c5c41a243bf2/561d5f9ae4b0c5c41a244827/r/_17716074_64443#_17716074_64443" data-refids=" _17716074_64443">Types DPS and H through M</a></li>
         </ul>
      </li>
      <li data-refid="_17716075_15268" class="topicref chapter brand:sd tocentry"><span class="topichead">Well-Guard Control™ Pump Panels</span><ul>
            <li data-refid="_17716075_63377" class="topicref tocentry"><span class="topichead">Full Voltage, Type NS, SS, XS</span><ul>
                  <li class="topicref tocentry"><a href="/portals/ui/digest/viewer/561d5d65e4b0c5c41a243bf2/561d5f9ae4b0c5c41a244827/r/_17716075_63377#TypeSSD4030TypeSSE4050MotorLogicSSO-19E184B02" data-refids=" TypeSSD4030TypeSSE4050MotorLogicSSO-19E184B0">Class 8940 Type SS, XS Selection</a></li>
               </ul>
            </li>
            <li data-refid="_17716076_62202" class="topicref tocentry"><span class="topichead">Full Voltage, Style S2</span><ul>
                  <li class="topicref tocentry"><a href="/portals/ui/digest/viewer/561d5d65e4b0c5c41a243bf2/561d5f9ae4b0c5c41a244827/r/_17716076_62202#TypeWC3S2V06TypeXE3S2V02B12SClass89-19E144712" data-refids=" TypeWC3S2V06TypeXE3S2V02B12SClass89-19E14471">Class 8940 Type W, X</a></li>
               </ul>
            </li>
            <li data-refid="_17716077_Heading2_2" class="topicref tocentry"><span class="topichead">Replacement Parts and Dimensions</span><ul>
                  <li class="topicref tocentry"><a href="/portals/ui/digest/viewer/561d5d65e4b0c5c41a243bf2/561d5f9ae4b0c5c41a244827/r/_17716077_Heading2_2#_17716077_973842" data-refids=" _17716077_97384">Approximate Dimensions</a></li>
               </ul>
            </li>
         </ul>
      </li>
      <li data-refid="_17716078_85032" class="topicref chapter brand:sd tocentry"><span class="topichead">Duplex AC Motor Controllers</span><ul>
            <li data-refid="_17716078_Heading2_2" class="topicref tocentry"><span class="topichead">Full Voltage</span><ul>
                  <li class="topicref tocentry"><a href="/portals/ui/digest/viewer/561d5d65e4b0c5c41a243bf2/561d5f9ae4b0c5c41a244827/r/_17716078_Heading2_2#Selection-19E1AFFF2" data-refids=" Selection-19E1AFFF">Selection</a></li>
                  <li class="topicref tocentry"><a href="/portals/ui/digest/viewer/561d5d65e4b0c5c41a243bf2/561d5f9ae4b0c5c41a244827/r/_17716078_Heading2_2#FactoryModificationsForms-19E1A44F2" data-refids=" FactoryModificationsForms-19E1A44F">Factory Modifications (Forms)</a></li>
                  <li class="topicref tocentry"><a href="/portals/ui/digest/viewer/561d5d65e4b0c5c41a243bf2/561d5f9ae4b0c5c41a244827/r/_17716078_Heading2_2#_17716080_913302" data-refids=" _17716080_91330">Approximate Dimensions (in.)</a></li>
               </ul>
            </li>
         </ul>
      </li>
      <li data-refid="_17716081_38338" class="topicref chapter brand:sd tocentry"><span class="topichead">
            <b class="ph b" data-xtrc="b:1" lang="English_en">Definite Purpose Contactors</b>
            </span><ul>
            <li data-refid="_17716081_62909" class="topicref tocentry"><span class="topichead">Reversing Hoist, Type DPR</span><ul>
                  <li class="topicref tocentry"><a href="/portals/ui/digest/viewer/561d5d65e4b0c5c41a243bf2/561d5f9ae4b0c5c41a244827/r/_17716081_62909#_17716081_Heading5_1172" data-refids=" _17716081_Heading5_117">Approximate Dimensions</a></li>
               </ul>
            </li>
         </ul>
      </li>
      <li data-refid="_17716082_66927" class="topicref chapter brand:sd tocentry"><span class="topichead">Thermal Overload Relays</span><ul>
            <li class="topicref tocentry"><a href="/portals/ui/digest/viewer/561d5d65e4b0c5c41a243bf2/561d5f9ae4b0c5c41a244827/r/_17716082_62135#_17716082_62135" data-refids=" _17716082_62135">Melting Alloy Overload Relay</a></li>
            <li data-refid="_17716083_63809" class="topicref tocentry"><span class="topichead">Motor Logic™ Solid-State Overload Relay</span><ul>
                  <li class="topicref tocentry"><a href="/portals/ui/digest/viewer/561d5d65e4b0c5c41a243bf2/561d5f9ae4b0c5c41a244827/r/_17716083_63809#_17716083_997022" data-refids=" _17716083_99702">Motor Logic Solid-State Overload Relays</a></li>
                  <li class="topicref tocentry"><a href="/portals/ui/digest/viewer/561d5d65e4b0c5c41a243bf2/561d5f9ae4b0c5c41a244827/r/_17716083_63809#_17716091_156812" data-refids=" _17716091_15681">Approximate Dimensions</a></li>
               </ul>
            </li>
         </ul>
      </li>
      <li data-refid="_17716084_Heading2_2" class="topicref chapter tocentry"><span class="topichead">Protection Components</span><ul>
            <li data-refid="_17716084_70948" class="topicref tocentry"><span class="topichead">
                  <b class="ph b" data-xtrc="b:1" lang="English_en">TeSys™ T Motor Management System</b>
                  </span><ul>
                  <li class="topicref new tocentry"><a href="/portals/ui/digest/viewer/561d5d65e4b0c5c41a243bf2/561d5f9ae4b0c5c41a244827/r/_17716084_70948#_17716084_773002" data-refids=" _17716084_77300">Introduction</a></li>
                  <li class="topicref new tocentry"><a href="/portals/ui/digest/viewer/561d5d65e4b0c5c41a243bf2/561d5f9ae4b0c5c41a244827/r/_17716084_70948#_17716085_Heading5_12" data-refids=" _17716085_Heading5_1">LTMR Controller</a></li>
                  <li class="topicref new tocentry"><a href="/portals/ui/digest/viewer/561d5d65e4b0c5c41a243bf2/561d5f9ae4b0c5c41a244827/r/_17716084_70948#_17716085_Heading5_1752" data-refids=" _17716085_Heading5_175">Components</a></li>
                  <li class="topicref new tocentry"><a href="/portals/ui/digest/viewer/561d5d65e4b0c5c41a243bf2/561d5f9ae4b0c5c41a244827/r/_17716084_70948#Components-13CAE87A2" data-refids=" Components-13CAE87A">Components</a></li>
                  <li class="topicref tocentry"><a href="/portals/ui/digest/viewer/561d5d65e4b0c5c41a243bf2/561d5f9ae4b0c5c41a244827/r/_17716084_70948#_17716086_790692" data-refids=" _17716086_79069">Configuration with SoMove Software</a></li>
                  <li class="topicref new tocentry"><a href="/portals/ui/digest/viewer/561d5d65e4b0c5c41a243bf2/561d5f9ae4b0c5c41a244827/r/_17716084_70948#_17716087_730592" data-refids=" _17716087_73059">Accessories</a></li>
                  <li class="topicref tocentry"><a href="/portals/ui/digest/viewer/561d5d65e4b0c5c41a243bf2/561d5f9ae4b0c5c41a244827/r/_17716084_70948#_17716088_131022" data-refids=" _17716088_13102">Dimensions (mm)</a></li>
               </ul>
            </li>
         </ul>
      </li>
      <li data-refid="_17716082_669272" class="topicref chapter brand:sd tocentry"><span class="topichead">Thermal Overload Relays</span><ul>
            <li data-refid="_17716089_63652" class="topicref tocentry"><span class="topichead">Bimetallic Overload Relay</span><ul>
                  <li class="topicref new tocentry"><a href="/portals/ui/digest/viewer/561d5d65e4b0c5c41a243bf2/561d5f9ae4b0c5c41a244827/r/_17716089_63652#_17716089_684792" data-refids=" _17716089_68479">Adapted Bimetallic Overload Relay Mounting Bracket Adapter (NEMA Sizes 00–1)<img src="/portals/ui/digest/viewer/561d5d65e4b0c5c41a243bf2/561d5f9ae4b0c5c41a244827/Master+Bookmap+Content/newlogored_sm_0000062088.eps">
                        </a></li>
               </ul>
            </li>
            <li data-refid="_17716092_21265" class="topicref tocentry"><span class="topichead">External Reset Mechanisms</span><ul>
                  <li class="topicref tocentry"><a href="/portals/ui/digest/viewer/561d5d65e4b0c5c41a243bf2/561d5f9ae4b0c5c41a244827/r/_17716092_21265#_17716092_203492" data-refids=" _17716092_20349">External Reset Mechanisms, Class 9066</a></li>
               </ul>
            </li>
         </ul>
      </li>
      <li data-refid="_17716093_10585" class="topicref chapter brand:sd tocentry"><span class="topichead">Separate Enclosures</span><ul>
            <li data-refid="_17716093_64025" class="topicref tocentry"><span class="topichead">NEMA 3R, 4, 4X, and 12</span><ul>
                  <li class="topicref tocentry"><a href="/portals/ui/digest/viewer/561d5d65e4b0c5c41a243bf2/561d5f9ae4b0c5c41a244827/r/_17716093_64025#TypeSCW21NEMA4XEnclosureTypeSCA11NE-19E10F892" data-refids=" TypeSCW21NEMA4XEnclosureTypeSCA11NE-19E10F89">Separate Enclosures, Class 9991</a></li>
               </ul>
            </li>
            <li data-refid="_17716094_66951" class="topicref tocentry"><span class="topichead">NEMA 1 and Flush Mounting</span><ul>
                  <li class="topicref tocentry"><a href="/portals/ui/digest/viewer/561d5d65e4b0c5c41a243bf2/561d5f9ae4b0c5c41a244827/r/_17716094_66951#_17716094_358642" data-refids=" _17716094_35864">Flush Mounting, General Purpose Separate Enclosures</a></li>
               </ul>
            </li>
            <li data-refid="_17716095_15875" class="topicref tocentry"><span class="topichead">NEMA Types 1, 4, 12/3R, and Oversize</span><ul>
                  <li class="topicref tocentry"><a href="/portals/ui/digest/viewer/561d5d65e4b0c5c41a243bf2/561d5f9ae4b0c5c41a244827/r/_17716095_15875#_17716095_704362" data-refids=" _17716095_70436">Enclosure Selection</a></li>
               </ul>
            </li>
            <li data-refid="_17716096_89110" class="topicref tocentry"><span class="topichead">Approximate Dimensions</span><ul>
                  <li class="topicref tocentry"><a href="/portals/ui/digest/viewer/561d5d65e4b0c5c41a243bf2/561d5f9ae4b0c5c41a244827/r/_17716096_89110#_17716096_649262" data-refids=" _17716096_64926">NEMA 1 Enclosures</a></li>
                  <li class="topicref tocentry"><a href="/portals/ui/digest/viewer/561d5d65e4b0c5c41a243bf2/561d5f9ae4b0c5c41a244827/r/_17716096_89110#_17716097_630062" data-refids=" _17716097_63006">NEMA 1 and 3R Enclosures</a></li>
                  <li class="topicref tocentry"><a href="/portals/ui/digest/viewer/561d5d65e4b0c5c41a243bf2/561d5f9ae4b0c5c41a244827/r/_17716096_89110#_17716098_649392" data-refids=" _17716098_64939">NEMA 4 and 4X Enclosures</a></li>
                  <li class="topicref tocentry"><a href="/portals/ui/digest/viewer/561d5d65e4b0c5c41a243bf2/561d5f9ae4b0c5c41a244827/r/_17716096_89110#_17716099_655072" data-refids=" _17716099_65507">NEMA 12/3R and Flush Mounting General Purpose Enclosures</a></li>
               </ul>
            </li>
         </ul>
      </li>
      <li data-refid="_17716100_89709" class="topicref chapter brand:sd tocentry"><span class="topichead">Factory Modifications (Forms)</span><ul>
            <li data-refid="_17716101_Heading2_2" class="topicref tocentry"><span class="topichead">Full Voltage Contactors, Starters, and Overload Relays</span><ul>
                  <li class="topicref tocentry"><a href="/portals/ui/digest/viewer/561d5d65e4b0c5c41a243bf2/561d5f9ae4b0c5c41a244827/r/_17716101_Heading2_2#_17716100_674512" data-refids=" _17716100_67451">Full Voltage Starters</a></li>
                  <li class="topicref tocentry"><a href="/portals/ui/digest/viewer/561d5d65e4b0c5c41a243bf2/561d5f9ae4b0c5c41a244827/r/_17716101_Heading2_2#_17716101_849102" data-refids=" _17716101_84910">Full Voltage Contactors and Starters</a></li>
                  <li class="topicref tocentry"><a href="/portals/ui/digest/viewer/561d5d65e4b0c5c41a243bf2/561d5f9ae4b0c5c41a244827/r/_17716101_Heading2_2#_17716102_Heading5_42" data-refids=" _17716102_Heading5_4">Solid-State Overload Relay</a></li>
               </ul>
            </li>
            <li data-refid="_17716103_41987" class="topicref tocentry"><span class="topichead">For Full Voltage Contactors &amp; Starters</span><ul>
                  <li class="topicref tocentry"><a href="/portals/ui/digest/viewer/561d5d65e4b0c5c41a243bf2/561d5f9ae4b0c5c41a244827/r/_17716103_41987#TeSysTMotorManagementSystemModifica-19E1EA2F2" data-refids=" TeSysTMotorManagementSystemModifica-19E1EA2F">TeSys T Factory Modifications (Forms)</a></li>
                  <li class="topicref tocentry"><a href="/portals/ui/digest/viewer/561d5d65e4b0c5c41a243bf2/561d5f9ae4b0c5c41a244827/r/_17716103_41987#_17716104_698502" data-refids=" _17716104_69850">Type S Contactor and Starter Forms</a></li>
               </ul>
            </li>
         </ul>
      </li>
      <li data-refid="_17716105_92144" class="topicref chapter brand:sd tocentry"><span class="topichead">Magnetic Coils</span><ul>
            <li class="topicref tocentry"><a href="/portals/ui/digest/viewer/561d5d65e4b0c5c41a243bf2/561d5f9ae4b0c5c41a244827/r/_17716106_Heading2_2#_17716106_Heading2_2" data-refids=" _17716106_Heading2_2">Replacement Magnet Coils</a></li>
         </ul>
      </li>
      <li data-refid="_17716107_68232" class="topicref chapter brand:sd tocentry"><span class="topichead">Replacement Parts Kits</span><ul>
            <li class="topicref tocentry"><a href="/portals/ui/digest/viewer/561d5d65e4b0c5c41a243bf2/561d5f9ae4b0c5c41a244827/r/_17716107_Heading2_2#_17716107_Heading2_2" data-refids=" _17716107_Heading2_2">Contactor and Starter Replacement Part Kits</a></li>
            <li class="topicref tocentry"><a href="/portals/ui/digest/viewer/561d5d65e4b0c5c41a243bf2/561d5f9ae4b0c5c41a244827/r/_17716108_61925#_17716108_61925" data-refids=" _17716108_61925">Starter Accessories</a></li>
         </ul>
      </li>
      <li data-refid="_17716109_78723" class="topicref chapter brand:sd tocentry"><span class="topichead">Accessories</span><ul>
            <li data-refid="_17716109_Heading2_2" class="topicref tocentry"><span class="topichead">Cover-Mounted Control Units</span><ul>
                  <li class="topicref tocentry"><a href="/portals/ui/digest/viewer/561d5d65e4b0c5c41a243bf2/561d5f9ae4b0c5c41a244827/r/_17716109_Heading2_2#_17716109_654682" data-refids=" _17716109_65468">Cover-Mounted Control Unit Selection</a></li>
               </ul>
            </li>
            <li data-refid="_17716110_43072" class="topicref tocentry"><span class="topichead">Auxiliary Contacts</span><ul>
                  <li class="topicref tocentry"><a href="/portals/ui/digest/viewer/561d5d65e4b0c5c41a243bf2/561d5f9ae4b0c5c41a244827/r/_17716110_43072#_17716110_809072" data-refids=" _17716110_80907">Auxiliary Contacts for Manual and Magnetic Contactors and Starters</a></li>
               </ul>
            </li>
            <li data-refid="_17716111_15171" class="topicref tocentry"><span class="topichead">Motor Logic™ Solid-State Overload Relay</span><ul>
                  <li class="topicref tocentry"><a href="/portals/ui/digest/viewer/561d5d65e4b0c5c41a243bf2/561d5f9ae4b0c5c41a244827/r/_17716111_15171#_17716111_252382" data-refids=" _17716111_25238">Motor Logic—Class 9999</a></li>
               </ul>
            </li>
            <li data-refid="_17716112_Heading2_2" class="topicref tocentry"><span class="topichead">NEMA and Definite Purpose Contactors and Starters</span><ul>
                  <li class="topicref tocentry"><a href="/portals/ui/digest/viewer/561d5d65e4b0c5c41a243bf2/561d5f9ae4b0c5c41a244827/r/_17716112_Heading2_2#_17716112_614702" data-refids=" _17716112_61470">Power Pole Adders</a></li>
                  <li class="topicref tocentry"><a href="/portals/ui/digest/viewer/561d5d65e4b0c5c41a243bf2/561d5f9ae4b0c5c41a244827/r/_17716112_Heading2_2#_17716112_616202" data-refids=" _17716112_61620">Control Circuit Fuse Holder</a></li>
                  <li class="topicref tocentry"><a href="/portals/ui/digest/viewer/561d5d65e4b0c5c41a243bf2/561d5f9ae4b0c5c41a244827/r/_17716112_Heading2_2#_17716112_615302" data-refids=" _17716112_61530">Transient Suppression Module</a></li>
               </ul>
            </li>
            <li data-refid="_17716113_Heading2_2" class="topicref tocentry"><span class="topichead">NEMA and Definite Purpose Contactors and Starters</span><ul>
                  <li class="topicref tocentry"><a href="/portals/ui/digest/viewer/561d5d65e4b0c5c41a243bf2/561d5f9ae4b0c5c41a244827/r/_17716113_Heading2_2#_17716113_617422" data-refids=" _17716113_61742">Isolated Alarm Contacts For Melting Alloy Overload Relays</a></li>
                  <li class="topicref tocentry"><a href="/portals/ui/digest/viewer/561d5d65e4b0c5c41a243bf2/561d5f9ae4b0c5c41a244827/r/_17716113_Heading2_2#_17716113_619892" data-refids=" _17716113_61989">Solid Neutral</a></li>
                  <li class="topicref tocentry"><a href="/portals/ui/digest/viewer/561d5d65e4b0c5c41a243bf2/561d5f9ae4b0c5c41a244827/r/_17716113_Heading2_2#_17716113_670612" data-refids=" _17716113_67061">Tie Point Terminal Block</a></li>
               </ul>
            </li>
            <li data-refid="_17716114_61470" class="topicref tocentry"><span class="topichead">Mechanical Interlocks</span><ul>
                  <li class="topicref tocentry"><a href="/portals/ui/digest/viewer/561d5d65e4b0c5c41a243bf2/561d5f9ae4b0c5c41a244827/r/_17716114_61470#_17716114_606212" data-refids=" _17716114_60621">Mechanical Interlock</a></li>
               </ul>
            </li>
            <li data-refid="_17716115_70725" class="topicref tocentry"><span class="topichead">Fuse Block Replacement Parts Kits </span><ul>
                  <li class="topicref tocentry"><a href="/portals/ui/digest/viewer/561d5d65e4b0c5c41a243bf2/561d5f9ae4b0c5c41a244827/r/_17716115_70725#Class9422TC33FuseBlockClass8538Seri-19E109822" data-refids=" Class9422TC33FuseBlockClass8538Seri-19E10982">
                        <b class="ph b" data-xtrc="b:1" lang="English_en">Fuse Block Replacement Parts Kits</b>
                        </a></li>
               </ul>
            </li>
         </ul>
      </li>
      <li data-refid="_17716116_92441" class="topicref chapter brand:sd tocentry"><span class="topichead">Thermal Units</span><ul>
            <li data-refid="_17716116_Heading2_2" class="topicref tocentry"><span class="topichead">Thermal Unit Selection</span><ul>
                  <li class="topicref tocentry"><a href="/portals/ui/digest/viewer/561d5d65e4b0c5c41a243bf2/561d5f9ae4b0c5c41a244827/r/_17716116_Heading2_2#_17716116_908772" data-refids=" _17716116_90877">General</a><ul>
                        <li class="topicref tocentry"><a href="/portals/ui/digest/viewer/561d5d65e4b0c5c41a243bf2/561d5f9ae4b0c5c41a244827/r/_17716116_Heading2_2#_17716116_Heading5_42" data-refids=" _17716116_Heading5_4">Selection Procedure</a></li>
                        <li class="topicref tocentry"><a href="/portals/ui/digest/viewer/561d5d65e4b0c5c41a243bf2/561d5f9ae4b0c5c41a244827/r/_17716116_Heading2_2#_17716116_383252" data-refids=" _17716116_38325">Slow Trip Thermal Unit Selection</a></li>
                     </ul>
                  </li>
                  <li class="topicref tocentry"><a href="/portals/ui/digest/viewer/561d5d65e4b0c5c41a243bf2/561d5f9ae4b0c5c41a244827/r/_17716116_Heading2_2#_17716116_510042" data-refids=" _17716116_51004">
                        <b class="ph b" data-xtrc="b:1" lang="English_en">Thermal Unit Selection</b>
                        </a></li>
                  <li class="topicref tocentry"><a href="/portals/ui/digest/viewer/561d5d65e4b0c5c41a243bf2/561d5f9ae4b0c5c41a244827/r/_17716116_Heading2_2#_17716116_835712" data-refids=" _17716116_83571">
                        <b class="ph b" data-xtrc="b:1" lang="English_en">Thermal Unit Selection</b>
                        </a></li>
                  <li class="topicref tocentry"><a href="/portals/ui/digest/viewer/561d5d65e4b0c5c41a243bf2/561d5f9ae4b0c5c41a244827/r/_17716116_Heading2_2#_17716116_763622" data-refids=" _17716116_76362">Calculation of  the Trip Current Rating</a><ul>
                        <li class="topicref tocentry"><a href="/portals/ui/digest/viewer/561d5d65e4b0c5c41a243bf2/561d5f9ae4b0c5c41a244827/r/_17716116_Heading2_2#_17716116_Heading5_9912" data-refids=" _17716116_Heading5_991">Calculation Procedure</a></li>
                     </ul>
                  </li>
                  <li class="topicref tocentry"><a href="/portals/ui/digest/viewer/561d5d65e4b0c5c41a243bf2/561d5f9ae4b0c5c41a244827/r/_17716116_Heading2_2#_17716116_665682" data-refids=" _17716116_66568">Calculation of  the Trip Current for Ambient Temperatures
                        Other Than 40 °C</a></li>
                  <li class="topicref tocentry"><a href="/portals/ui/digest/viewer/561d5d65e4b0c5c41a243bf2/561d5f9ae4b0c5c41a244827/r/_17716116_Heading2_2#_17716116_451842" data-refids=" _17716116_45184">Approximate Thermal Unit Selection Based On Horsepower and
                        Voltage</a></li>
                  <li class="topicref tocentry"><a href="/portals/ui/digest/viewer/561d5d65e4b0c5c41a243bf2/561d5f9ae4b0c5c41a244827/r/_17716116_Heading2_2#_17716116_997612" data-refids=" _17716116_99761">Mounting of the Thermal Units</a></li>
                  <li class="topicref tocentry"><a href="/portals/ui/digest/viewer/561d5d65e4b0c5c41a243bf2/561d5f9ae4b0c5c41a244827/r/_17716116_Heading2_2#_17716116_671012" data-refids=" _17716116_67101">Thermal Unit Selection Tables</a></li>
               </ul>
            </li>
         </ul>
      </li>
   </ul>
</div>        </div>
              
      </div>
          
<script type="text/javascript">
  var refId = '';
  $(document).ready(function() {
    
    function sendFeedback(feedback, type) {
      $.ajax({
        url : HARPPortal.getPortalRpcUrl('feedback'),
        type : type,
        data : JSON.stringify(feedback),
        contentType : 'application/json',
      });
    }

    function confirmFeedback(fromNegative) {
      $('#feedbackComponent').children().fadeOut(500);
      if (fromNegative) {
        $('#feedbackContainer').removeClass('col-xs-12 col-sm-6').addClass('col-sm-3');    
      }
      $('#feedbackComponent').html($('#feedbackConfirm').fadeIn(500));
    }

    $('.feedbackButton').click(function(event) {
      var feedback = {}, contentElement = $("#viewerContent");

      feedback.id = $('body').attr('data-pageId');
      feedback.topicUseful = this.value;
      feedback.portalKey = contentElement.attr("data-portalKey");
      feedback.topicKey = contentElement.attr("data-itemKey");
      feedback.projectKey = contentElement.attr("data-projectKey");
      feedback.parentKey = contentElement.attr("data-parentKey");
      feedback.refId = refId;

      sendFeedback(feedback, 'POST');

      if (this.value === 'false') {
        $('#feedbackComponent').children().fadeOut(500);
        $('#feedbackContainer').removeClass('col-sm-3').addClass('col-xs-12 col-sm-6');
        $('#feedbackComponent').html($('#feedbackComment').fadeIn(500));

        $('#commentButton').click(function() {
          $('#feedbackComponent').off('keypress');
          var comment = $("#feedbackInput").val().trim();
          if (comment !== "") {
            feedback.comment = comment;
            sendFeedback(feedback, 'PUT');
          }
          confirmFeedback(true);
        });

        $('#feedbackInput').focus();

        $('#feedbackComponent').on('keypress', function(e) {
          if (e.which === 13) {
            $('#commentButton').trigger('click');
          }
        });

      } else {
        confirmFeedback();
      }
    });
  });   
</script>

<div class="row">
  <div class="col-sm-3 pull-right" id="feedbackContainer">
    <div id="feedbackComponent">
      <div id="feedbackHelpful">
        <p>Was this helpful?</p>
        <div id="buttonDiv">
          <button class="btn btn-primary btn-xs feedbackButton" value="true">Yes</button>
          <button class="btn btn-primary btn-xs feedbackButton" value="false">No</button>
        </div>
      </div>
    </div>
  </div>
  <div id="feedbackConfirm" style="display: none">Thanks!</div>
  <div id="feedbackComment" style="display: none">
    <label for="feedbackInput">Tell us why!</label><br>
    <textarea rows="4" id="feedbackInput"></textarea><br>
    <button class="btn btn-primary btn-xs" id="commentButton">Send</button>
  </div>
</div>
                        
        <div class="col-sm-10 col-sm-offset-1 col-xs-11">

         </div>
          
	</div>
<!-- BEGIN footer -->
<footer class="navbar navbar-default harp-portal-footer" style="width: 100%; margin: 20px 0 0 0;"> <!-- navbar-fixed-bottom  -->
	<div class="container">
  <p class="navbar-text navbar-left hidden-xs">
    <span class="glyphicon glyphicon-qrcode" id="qrcodeLink"
          title="Show QR code for this page"></span>
  </p>
  <img src="/portals/qrgen?url=http%3A%2F%2Fwww.productinfo.schneider-electric.com%2Fportals%2Fui%2Fdigest%2Fviewer%2F561d5d65e4b0c5c41a243bf2%2Fnocontext%2FMaster%2BBookmap%2BContent%2F17716_MAIN%2B(bookmap)_0000062583.xml&size=180"
       id="qrcode"
       style="width: 180px; height: 180px;"
       alt="QR code for this page"
       title="QR code for this page">
<script>
  $(function() {
    var $qr = $('#qrcode')
    , $link = $('#qrcodeLink')
    , on = $qr.is('visible')
    , shown = false;
    ;

    function show() {
      var pos = $link.position();
      $qr.css({
        left: pos.left + 'px',
        bottom: ($link.outerHeight() + 20) + 'px'
      });
      $qr.fadeIn();
      on = true;
      shown = true;
    }

    function toggle() {
      if (on) {
        $qr.fadeOut();
        on = false;
      } else {
        show();
      }
    }

    $link.click(toggle);
    $qr.click(toggle);
    $link.mouseover(function() {
      if (!shown) {
        show();
      }
    });
  });
</script>
<!--		<p class="navbar-text navbar-right">
			<a href="https://td-demo.titaniasoftware.com/portals/ui/website/pages/product/delivery"
				class="navbar-link harp-footer-link" target="_blank">Powered by Titania Delivery</a>
		      <a id="footerLogo" href="http://www.titaniasoftware.com"
                class="navbar-link harp-footer-link" target="_blank">
                <img src="/portals/ui/_theme/digest/images/titania-logo_128w.png"
                        style="width: 43px; height: 16px;" alt="Titania Delivery" title="Titania Delivery">
             </a>
		</p>-->
	</div>
</footer>
<!-- END footer --></body>
</html>