<!DOCTYPE html>
<html>
<head>
<link rel="shortcut icon" href="/portals/ui/_theme/digest/favicon.ico" mce_href="/portals/ui/_theme/digest/favicon.ico" type="image/x-icon"/>
<meta name="viewport" content="width=device-width, initial-scale=1.0">
<meta http-equiv="X-UA-Compatible" content="IE=11">
<!-- HTML5 Shim and Respond.js IE8 support of HTML5 elements and media queries -->
<!--[if lt IE 9]>
  <script src="https://oss.maxcdn.com/libs/html5shiv/3.7.0/html5shiv.js"></script>
  <script src="https://oss.maxcdn.com/libs/respond.js/1.3.0/respond.min.js"></script>
<![endif]-->

<title>Section 22: Pressure, Vacuum, and Float Switches - Digest 177</title>

<script type="text/javascript" src="/portals/resources/scripts/libs/jquery-1.11.0.min.js"></script>

<script type="text/javascript" src="/portals/ui/_theme/digest/scripts/bannerfix.js"></script>
<link rel="stylesheet" href="/portals/ui/_theme/digest/style/harp-portals.less"></link>
<script type="text/javascript" src="/portals/ui/_theme/digest/scripts/bootstrap.min.js"></script>
<script type="text/javascript" src="/portals/resources/scripts/harp-sdk.js"></script><link rel="stylesheet" href="/portals/resources/cm/cm.css"></link>
<script type="text/javascript" src="/portals/resources/scripts/libs/moment.min.js"></script>
<script type="text/javascript" src="/portals/resources/cm/cm.js"></script>

<script>
  (function(i,s,o,g,r,a,m){i['GoogleAnalyticsObject']=r;i[r]=i[r]||function(){
  (i[r].q=i[r].q||[]).push(arguments)},i[r].l=1*new Date();a=s.createElement(o),
  m=s.getElementsByTagName(o)[0];a.async=1;a.src=g;m.parentNode.insertBefore(a,m)
  })(window,document,'script','//www.google-analytics.com/analytics.js','ga');

  ga('create', 'UA-39869895-2', 'auto');
  ga('send', 'pageview');

</script>

<script>
$(function() {
    $('li.topicref.harp-portal-filter-exclude > a').click(function(e) {
        alert("This content is currently unavailable.");
        e.preventDefault();
        return false;
    });
});
</script>

</head>

<body class="readerPage" data-pageId=d836511a-1775-439e-bf88-bb3f5b58a064>


<!-- BEGIN HEADER -->
<header class="navbar navbar-default" id="harp-header-bar" role="navigation">
	<div class="container">
		<div class="navbar-header">
			<button type="button" class="navbar-toggle" data-toggle="collapse"
				data-target=".navbar-collapse">
				<span class="sr-only">Toggle navigation</span> <span
					class="icon-bar"></span> <span class="icon-bar"></span> <span
					class="icon-bar"></span>
			</button>
			<a class="navbar-brand" style="padding: 0 50px 0 0" href="http://www.schneider-electric.com/us/en" target="_blank">
  			<img src="/portals/ui/_theme/digest/images/Logo_SE_White_Transparent_RGB.PNG" style="width: 171px; height: 52px;" class="hidden-xs">
			<img src="/portals/ui/_theme/digest/images/Logo_SE_White_Transparent_RGB.PNG" style="width: 85px; height: 26px; margin-top: 9px;" class="visible-xs">
            </a>

              <!-- <a href='/portals/ui/digest/'
	               class="header-logo-link">
	                <img src="/portals/ui/_theme/digest/images/se_logo.gif" class="header-logo">
	           	</a> -->
	            <!-- <a href='/portals/ui/digest/'>
	             Digest 177
	            </a> -->
			<!-- </span>  -->
		</div>

		<div class="navbar-collapse collapse" id="headerMenu">

				<form role="search" action='/portals/ui/digest/search' class="navbar-form navbar-right hidden-xs">
					<div class="form-group">
						<label class="sr-only" for="headerTerm">Search Term</label> <input
							type="text" placeholder="Search" class="form-control"
							id="headerTerm" name="term">
					</div>
                    <button type="submit" class="btn btn-primary">
                        <span class="glyphicon glyphicon-search"></span>
                    </button>
				</form>
				<form role="search" action='/portals/ui/digest/search' class="navbar-form navbar-right navbar-input-group visible-xs">
				    <div class="form-group">
				        <label class="sr-only" for="headerTerm">Search Term</label>
				        <div class="input-group">
				            <input type="text" placeholder="Search" class="form-control"
				                id="headerTerm" name="term">
				            <span class="input-group-btn">
				                <button type="submit" class="btn btn-primary">
				                    <span class="glyphicon glyphicon-search"></span>
				                </button>
				            </span>
				        </div>
				    </div>
				</form>

			<ul class="nav navbar-nav">
                <li><a href="http://www.digestplus-us.schneider-electric.com/" target="_blank">DigestPLUS</a></li>
              	<li><a href='/portals/ui/digest/pages/landingPages/digest177'>Digest 177</a></li>
                <li><a href='/portals/ui/digest/pages/landingPages/digest177_supplement'>Supplemental Digest 177</a></li>
			</ul>
		</div>
	</div>
</header>

<div id="docTitle" class="sectionColor1">
  <div class="container">
    <div class="row">
      <div class="col-xs-12">
        <h3>        <span class="context-title">
          Section 22: Pressure, Vacuum, and Float Switches
        </span>
</h3>
      </div>
    </div>
  </div>
</div>

  <div id="floatingDocTitle" class="sectionColor1">
    <div class="container">
      <div class="row">
        <div class="col-xs-12">
          <h3>        <span class="context-title">
          Section 22: Pressure, Vacuum, and Float Switches
        </span>
</h3>
        </div>
      </div>
    </div>
  </div>

<!-- END HEADER -->
	
	<div class="container" id="tocPage">
      

      <div class="row">
        <div class="col-sm-10 col-sm-offset-1 col-xs-12 content-container" id="viewerContent"
                 	data-portalKey="562794fee4b05736848a7cb4"
                    data-itemKey="561d5f9ae4b0c5c41a244844"
                    data-projectKey="561d5d65e4b0c5c41a243bf2">
              	
<div class="map bookmap" lang="English_en" data-xtrc="bookmap:1" data-xtrf="harp://561d5d65e4b0c5c41a243bf2/pr/ORIGINAL/Master%20Bookmap%20Content/17722_MAIN%20(bookmap)_0000062893.xml">
   <div class="topicmeta bookmeta" data-xtrc="bookmeta:1" lang="English_en">
      
      <div class="metadata" data-xtrc="metadata:1" lang="English_en">
         
         
      </div>
      
   </div>
   <ul id="toc">
      <li data-refid="_17722002_73346" class="topicref chapter tocentry"><span class="topichead">Pressure, Vacuum, and Float Switches</span><ul>
            <li data-refid="_17722003_69232" class="topicref tocentry"><span class="topichead">
                  <b class="ph b" data-xtrc="b:1" lang="English_en">Selection Guide</b> 
                  </span><ul>
                  <li class="topicref tocentry"><a href="/portals/ui/digest/viewer/561d5d65e4b0c5c41a243bf2/561d5f9ae4b0c5c41a244844/r/_17722003_69232#SelectionGuide-22452E3E2" data-refids=" SelectionGuide-22452E3E">9012 Sensor Selections</a></li>
                  <li class="topicref tocentry"><a href="/portals/ui/digest/viewer/561d5d65e4b0c5c41a243bf2/561d5f9ae4b0c5c41a244844/r/_17722003_69232#SensorSelections-229B35EA2" data-refids=" SensorSelections-229B35EA">9013,9036, 9037, 9038 Sensor Selections</a></li>
               </ul>
            </li>
         </ul>
      </li>
      <li data-refid="_17722004_32755" class="topicref chapter tocentry"><span class="topichead">Pressure Sensors</span><ul>
            <li data-refid="_17722004_23638" class="topicref tocentry"><span class="topichead">XMLG Pressure Transmitters and Switches</span><ul>
                  <li class="topicref tocentry"><a href="/portals/ui/digest/viewer/561d5d65e4b0c5c41a243bf2/561d5f9ae4b0c5c41a244844/r/_17722004_23638#XMLGPressureTransmittersAndSwitches-229BD31C2" data-refids=" XMLGPressureTransmittersAndSwitches-229BD31C">XMLG Pressure Transmitters and Switches</a></li>
                  <li class="topicref tocentry"><a href="/portals/ui/digest/viewer/561d5d65e4b0c5c41a243bf2/561d5f9ae4b0c5c41a244844/r/_17722004_23638#XMLGPressureTransmittersAndSwitches-229E2E892" data-refids=" XMLGPressureTransmittersAndSwitches-229E2E89">XMLG Pressure Transmitters and Switches</a></li>
               </ul>
            </li>
            <li data-refid="_17722006_23638" class="topicref tocentry"><span class="topichead">XMLK Pressure Transmitters</span><ul>
                  <li class="topicref tocentry"><a href="/portals/ui/digest/viewer/561d5d65e4b0c5c41a243bf2/561d5f9ae4b0c5c41a244844/r/_17722006_23638#XMLKPressureTransmitters-22A3AD472" data-refids=" XMLKPressureTransmitters-22A3AD47">XMLK Pressure Transmitters</a></li>
               </ul>
            </li>
            <li data-refid="_17722007_63134" class="topicref tocentry"><span class="topichead">
                  <b class="ph b" data-xtrc="b:1" lang="English_en">XMLK Pressure Transmitters and Switches</b> 
                  </span><ul>
                  <li class="topicref tocentry"><a href="/portals/ui/digest/viewer/561d5d65e4b0c5c41a243bf2/561d5f9ae4b0c5c41a244844/r/_17722007_63134#XMLKDimensions-22A65D332" data-refids=" XMLKDimensions-22A65D33">XMLK Dimensions</a></li>
               </ul>
            </li>
         </ul>
      </li>
      <li data-refid="_17722008_32755" class="topicref chapter tocentry"><span class="topichead">Electronic Pressure Switches</span><ul>
            <li data-refid="_17722008_80007" class="topicref tocentry"><span class="topichead">XMLR Pressure Switches</span><ul>
                  <li class="topicref tocentry"><a href="/portals/ui/digest/viewer/561d5d65e4b0c5c41a243bf2/561d5f9ae4b0c5c41a244844/r/_17722008_80007#XMLFPressureSwitches-22A6C7992" data-refids=" XMLFPressureSwitches-22A6C799">XMLR and ZMLP Pressure Switches</a></li>
                  <li class="topicref tocentry"><a href="/portals/ui/digest/viewer/561d5d65e4b0c5c41a243bf2/561d5f9ae4b0c5c41a244844/r/_17722008_80007#XMLFAccessoriesWiringConfigurations-22A8DAE12" data-refids=" XMLFAccessoriesWiringConfigurations-22A8DAE1">XMLR Accessories, Wiring, and Electrical Connections</a></li>
               </ul>
            </li>
         </ul>
      </li>
      <li data-refid="_17722010_55473" class="topicref chapter tocentry"><span class="topichead">Pressure Switches</span><ul>
            <li data-refid="_17722010_60544" class="topicref tocentry"><span class="topichead">XMLA, XMLB, XMLC, XMLD International Pressure Switches</span><ul>
                  <li class="topicref tocentry"><a href="/portals/ui/digest/viewer/561d5d65e4b0c5c41a243bf2/561d5f9ae4b0c5c41a244844/r/_17722010_60544#XMLInternationalPressureSwitches-22A97BC32" data-refids=" XMLInternationalPressureSwitches-22A97BC3">XML International Pressure Switches</a></li>
                  <li class="topicref tocentry"><a href="/portals/ui/digest/viewer/561d5d65e4b0c5c41a243bf2/561d5f9ae4b0c5c41a244844/r/_17722010_60544#XMLCatalogNumbersAndAccessories-22A9C0652" data-refids=" XMLCatalogNumbersAndAccessories-22A9C065">XML Catalog Numbers and Accessories</a></li>
               </ul>
            </li>
            <li data-refid="_17722012_63134" class="topicref tocentry"><span class="topichead">
                  <b class="ph b" data-xtrc="b:1" lang="English_en">XMLA, XMLB, XMLC, XMLD Dimensions</b>
                  </span><ul>
                  <li class="topicref tocentry"><a href="/portals/ui/digest/viewer/561d5d65e4b0c5c41a243bf2/561d5f9ae4b0c5c41a244844/r/_17722012_63134#XMLDimensions-22BAA3F42" data-refids=" XMLDimensions-22BAA3F4">XML Dimensions</a></li>
               </ul>
            </li>
            <li data-refid="_17722013_95256" class="topicref tocentry"><span class="topichead">Industrial, Type G</span><ul>
                  <li class="topicref tocentry"><a href="/portals/ui/digest/viewer/561d5d65e4b0c5c41a243bf2/561d5f9ae4b0c5c41a244844/r/_17722013_95256#TypeGPressureSwitches-22BC3A812" data-refids=" TypeGPressureSwitches-22BC3A81">Type G Pressure Switches</a></li>
               </ul>
            </li>
            <li data-refid="_17722014_38157" class="topicref tocentry"><span class="topichead">Machine Tool, Type G</span><ul>
                  <li class="topicref tocentry"><a href="/portals/ui/digest/viewer/561d5d65e4b0c5c41a243bf2/561d5f9ae4b0c5c41a244844/r/_17722014_38157#ConceptTitle-22BDDFA12" data-refids=" ConceptTitle-22BDDFA1">Control Circuit Rated Type G Pressure Switches</a></li>
                  <li class="topicref tocentry"><a href="/portals/ui/digest/viewer/561d5d65e4b0c5c41a243bf2/561d5f9ae4b0c5c41a244844/r/_17722014_38157#_17722015_639052" data-refids=" _17722015_63905">Differential/Dual Stage, Type G</a><ul>
                        <li class="topicref tocentry"><a href="/portals/ui/digest/viewer/561d5d65e4b0c5c41a243bf2/561d5f9ae4b0c5c41a244844/r/_17722014_38157#_17722015_Heading5_42" data-refids=" _17722015_Heading5_4">Differential-Pressure Operation </a></li>
                        <li class="topicref tocentry"><a href="/portals/ui/digest/viewer/561d5d65e4b0c5c41a243bf2/561d5f9ae4b0c5c41a244844/r/_17722014_38157#_17722015_Heading5_432" data-refids=" _17722015_Heading5_43">Dual-Stage Operation </a></li>
                     </ul>
                  </li>
               </ul>
            </li>
         </ul>
      </li>
      <li data-refid="_17722016_21490" class="topicref chapter tocentry"><span class="topichead">
            <b class="ph b" data-xtrc="b:1" lang="English_en">Pressure Switches and Vacuum Switches</b>
            </span><ul>
            <li data-refid="_17722016_65156" class="topicref tocentry"><span class="topichead">Class 9012 and 9016 Electrical Ratings and Dimensions</span><ul>
                  <li class="topicref tocentry"><a href="/portals/ui/digest/viewer/561d5d65e4b0c5c41a243bf2/561d5f9ae4b0c5c41a244844/r/_17722016_65156#ElectricalRatings-22BF271D2" data-refids=" ElectricalRatings-22BF271D">Electrical Ratings</a></li>
               </ul>
            </li>
         </ul>
      </li>
      <li data-refid="_17722017_57798" class="topicref chapter tocentry"><span class="topichead">
            <b class="ph b" data-xtrc="b:1" lang="English_en">Pressure Switches </b>
            </span><ul>
            <li data-refid="_17722017_62832" class="topicref tocentry"><span class="topichead">
                  <b class="ph b" data-xtrc="b:1" lang="English_en">Class 9012G Dimensions</b>
                  </span><ul>
                  <li class="topicref tocentry"><a href="/portals/ui/digest/viewer/561d5d65e4b0c5c41a243bf2/561d5f9ae4b0c5c41a244844/r/_17722017_62832#Dimensions-231C2BB02" data-refids=" Dimensions-231C2BB0">Dimensions</a></li>
               </ul>
            </li>
            <li data-refid="_17722018_64617" class="topicref tocentry"><span class="topichead">Machine Tool, Modifications, and Accessories</span><ul>
                  <li class="topicref tocentry"><a href="/portals/ui/digest/viewer/561d5d65e4b0c5c41a243bf2/561d5f9ae4b0c5c41a244844/r/_17722018_64617#FactoryModificationsAndAccessories-231E65732" data-refids=" FactoryModificationsAndAccessories-231E6573">Factory Modifications and Accessories</a></li>
               </ul>
            </li>
         </ul>
      </li>
      <li data-refid="_17722019_20210" class="topicref chapter tocentry"><span class="topichead">Vacuum Switches</span><ul>
            <li data-refid="_17722019_93199" class="topicref tocentry"><span class="topichead">Types GAW and GVG</span><ul>
                  <li class="topicref tocentry"><a href="/portals/ui/digest/viewer/561d5d65e4b0c5c41a243bf2/561d5f9ae4b0c5c41a244844/r/_17722019_93199#_17722019_Heading5_42" data-refids=" _17722019_Heading5_4">Type GAW—Sensitive Control Applications</a></li>
                  <li class="topicref tocentry"><a href="/portals/ui/digest/viewer/561d5d65e4b0c5c41a243bf2/561d5f9ae4b0c5c41a244844/r/_17722019_93199#_17722019_Heading5_812" data-refids=" _17722019_Heading5_81">Type GVG—Power Circuit Applications</a></li>
               </ul>
            </li>
         </ul>
      </li>
      <li data-refid="_17722020_49667" class="topicref chapter tocentry"><span class="topichead">
            <b class="ph b" data-xtrc="b:1" lang="English_en">Commercial Pressure Switches</b>
            </span><ul>
            <li data-refid="_17722020_63667" class="topicref tocentry"><span class="topichead">Type FHG—Pumptrol™ Compressor Pressure Switch</span><ul>
                  <li class="topicref tocentry"><a href="/portals/ui/digest/viewer/561d5d65e4b0c5c41a243bf2/561d5f9ae4b0c5c41a244844/r/_17722020_63667#FHGPressureSwitchSelectionAndFeatur-231F30062" data-refids=" FHGPressureSwitchSelectionAndFeatur-231F3006">FHG Pressure Switch Selection and Features</a></li>
               </ul>
            </li>
            <li data-refid="_17722021_85944" class="topicref tocentry"><span class="topichead">Type F—Pumptrol™ Water Pump Pressure Switches</span><ul>
                  <li class="topicref tocentry"><a href="/portals/ui/digest/viewer/561d5d65e4b0c5c41a243bf2/561d5f9ae4b0c5c41a244844/r/_17722021_85944#TypeFPressureSwitchSelectionAndFeat-2320F5122" data-refids=" TypeFPressureSwitchSelectionAndFeat-2320F512">Type F Pressure Switch Selection and Features</a></li>
               </ul>
            </li>
            <li data-refid="_17722022_85576" class="topicref tocentry"><span class="topichead">Type G—Pumptrol Pressure Switch</span><ul>
                  <li class="topicref tocentry"><a href="/portals/ui/digest/viewer/561d5d65e4b0c5c41a243bf2/561d5f9ae4b0c5c41a244844/r/_17722022_85576#TypeGPressureSwitchSelectionAndFeat-23215D692" data-refids=" TypeGPressureSwitchSelectionAndFeat-23215D69">Type G Pressure Switch Selection and Features</a></li>
               </ul>
            </li>
         </ul>
      </li>
      <li data-refid="_17722023_62765" class="topicref chapter tocentry"><span class="topichead">Float Switches</span><ul>
            <li data-refid="_17722023_16757" class="topicref tocentry"><span class="topichead">Open Tank, Types D and G</span><ul>
                  <li class="topicref tocentry"><a href="/portals/ui/digest/viewer/561d5d65e4b0c5c41a243bf2/561d5f9ae4b0c5c41a244844/r/_17722023_16757#_17722023_338322" data-refids=" _17722023_33832">Open Tank or Sump Applications</a></li>
               </ul>
            </li>
            <li data-refid="_17722024_35486" class="topicref tocentry"><span class="topichead">
                  <b class="ph b" data-xtrc="b:1" lang="English_en">Open Tank, 9036FG, and Closed Tank, 9037E</b> 
                  </span><ul>
                  <li class="topicref tocentry"><a href="/portals/ui/digest/viewer/561d5d65e4b0c5c41a243bf2/561d5f9ae4b0c5c41a244844/r/_17722024_35486#_17722024_503932" data-refids=" _17722024_50393">Open Tank or Sump Applications, Float Switch, Class 9036 Type
                        FG</a></li>
                  <li class="topicref tocentry"><a href="/portals/ui/digest/viewer/561d5d65e4b0c5c41a243bf2/561d5f9ae4b0c5c41a244844/r/_17722024_35486#_17722024_654102" data-refids=" _17722024_65410">Closed Tank, Class 9037 Type E</a></li>
               </ul>
            </li>
            <li data-refid="_17722025_82987" class="topicref tocentry"><span class="topichead">Closed Tank, Type H </span><ul>
                  <li class="topicref tocentry"><a href="/portals/ui/digest/viewer/561d5d65e4b0c5c41a243bf2/561d5f9ae4b0c5c41a244844/r/_17722025_82987#TypeHSwitches-2323B2DA2" data-refids=" TypeHSwitches-2323B2DA">Type H Switches</a></li>
               </ul>
            </li>
            <li data-refid="_17722026_27859" class="topicref tocentry"><span class="topichead">Mechanical Alternators, Types A and C</span><ul>
                  <li class="topicref tocentry"><a href="/portals/ui/digest/viewer/561d5d65e4b0c5c41a243bf2/561d5f9ae4b0c5c41a244844/r/_17722026_27859#_17722026_156392" data-refids=" _17722026_15639">Type A, Open Tank</a></li>
                  <li class="topicref tocentry"><a href="/portals/ui/digest/viewer/561d5d65e4b0c5c41a243bf2/561d5f9ae4b0c5c41a244844/r/_17722026_27859#_17722026_607412" data-refids=" _17722026_60741">Type C, Closed Tank, with Bushing</a></li>
               </ul>
            </li>
            <li data-refid="_17722027_81817" class="topicref tocentry"><span class="topichead">Mechanical Alternators, Closed Tank, Type D</span><ul>
                  <li class="topicref tocentry"><a href="/portals/ui/digest/viewer/561d5d65e4b0c5c41a243bf2/561d5f9ae4b0c5c41a244844/r/_17722027_81817#_17722027_Heading5_42" data-refids=" _17722027_Heading5_4">Type D, Closed Tank, Top Mounted</a></li>
               </ul>
            </li>
         </ul>
      </li>
      <li data-refid="_17722028_50640" class="topicref chapter tocentry"><span class="topichead">Accessories and Renewal&nbsp;Parts </span><ul>
            <li data-refid="_17722028_63559" class="topicref tocentry"><span class="topichead">Kits for Class 9012–9038 Devices </span><ul>
                  <li class="topicref tocentry"><a href="/portals/ui/digest/viewer/561d5d65e4b0c5c41a243bf2/561d5f9ae4b0c5c41a244844/r/_17722028_63559#_17722028_Heading5_42" data-refids=" _17722028_Heading5_4">Accessories for Float Switches</a></li>
                  <li class="topicref tocentry"><a href="/portals/ui/digest/viewer/561d5d65e4b0c5c41a243bf2/561d5f9ae4b0c5c41a244844/r/_17722028_63559#_17722028_Heading5_1082" data-refids=" _17722028_Heading5_108">Renewal Parts for Class 9012–9038 Devices</a></li>
               </ul>
            </li>
         </ul>
      </li>
   </ul>
</div>        </div>
              
      </div>
          
<script type="text/javascript">
  var refId = '';
  $(document).ready(function() {
    
    function sendFeedback(feedback, type) {
      $.ajax({
        url : HARPPortal.getPortalRpcUrl('feedback'),
        type : type,
        data : JSON.stringify(feedback),
        contentType : 'application/json',
      });
    }

    function confirmFeedback(fromNegative) {
      $('#feedbackComponent').children().fadeOut(500);
      if (fromNegative) {
        $('#feedbackContainer').removeClass('col-xs-12 col-sm-6').addClass('col-sm-3');    
      }
      $('#feedbackComponent').html($('#feedbackConfirm').fadeIn(500));
    }

    $('.feedbackButton').click(function(event) {
      var feedback = {}, contentElement = $("#viewerContent");

      feedback.id = $('body').attr('data-pageId');
      feedback.topicUseful = this.value;
      feedback.portalKey = contentElement.attr("data-portalKey");
      feedback.topicKey = contentElement.attr("data-itemKey");
      feedback.projectKey = contentElement.attr("data-projectKey");
      feedback.parentKey = contentElement.attr("data-parentKey");
      feedback.refId = refId;

      sendFeedback(feedback, 'POST');

      if (this.value === 'false') {
        $('#feedbackComponent').children().fadeOut(500);
        $('#feedbackContainer').removeClass('col-sm-3').addClass('col-xs-12 col-sm-6');
        $('#feedbackComponent').html($('#feedbackComment').fadeIn(500));

        $('#commentButton').click(function() {
          $('#feedbackComponent').off('keypress');
          var comment = $("#feedbackInput").val().trim();
          if (comment !== "") {
            feedback.comment = comment;
            sendFeedback(feedback, 'PUT');
          }
          confirmFeedback(true);
        });

        $('#feedbackInput').focus();

        $('#feedbackComponent').on('keypress', function(e) {
          if (e.which === 13) {
            $('#commentButton').trigger('click');
          }
        });

      } else {
        confirmFeedback();
      }
    });
  });   
</script>

<div class="row">
  <div class="col-sm-3 pull-right" id="feedbackContainer">
    <div id="feedbackComponent">
      <div id="feedbackHelpful">
        <p>Was this helpful?</p>
        <div id="buttonDiv">
          <button class="btn btn-primary btn-xs feedbackButton" value="true">Yes</button>
          <button class="btn btn-primary btn-xs feedbackButton" value="false">No</button>
        </div>
      </div>
    </div>
  </div>
  <div id="feedbackConfirm" style="display: none">Thanks!</div>
  <div id="feedbackComment" style="display: none">
    <label for="feedbackInput">Tell us why!</label><br>
    <textarea rows="4" id="feedbackInput"></textarea><br>
    <button class="btn btn-primary btn-xs" id="commentButton">Send</button>
  </div>
</div>
                        
        <div class="col-sm-10 col-sm-offset-1 col-xs-11">

         </div>
          
	</div>
<!-- BEGIN footer -->
<footer class="navbar navbar-default harp-portal-footer" style="width: 100%; margin: 20px 0 0 0;"> <!-- navbar-fixed-bottom  -->
	<div class="container">
  <p class="navbar-text navbar-left hidden-xs">
    <span class="glyphicon glyphicon-qrcode" id="qrcodeLink"
          title="Show QR code for this page"></span>
  </p>
  <img src="/portals/qrgen?url=http%3A%2F%2Fwww.productinfo.schneider-electric.com%2Fportals%2Fui%2Fdigest%2Fviewer%2F561d5d65e4b0c5c41a243bf2%2Fnocontext%2FMaster%2BBookmap%2BContent%2F17722_MAIN%2B(bookmap)_0000062893.xml&size=180"
       id="qrcode"
       style="width: 180px; height: 180px;"
       alt="QR code for this page"
       title="QR code for this page">
<script>
  $(function() {
    var $qr = $('#qrcode')
    , $link = $('#qrcodeLink')
    , on = $qr.is('visible')
    , shown = false;
    ;

    function show() {
      var pos = $link.position();
      $qr.css({
        left: pos.left + 'px',
        bottom: ($link.outerHeight() + 20) + 'px'
      });
      $qr.fadeIn();
      on = true;
      shown = true;
    }

    function toggle() {
      if (on) {
        $qr.fadeOut();
        on = false;
      } else {
        show();
      }
    }

    $link.click(toggle);
    $qr.click(toggle);
    $link.mouseover(function() {
      if (!shown) {
        show();
      }
    });
  });
</script>
<!--		<p class="navbar-text navbar-right">
			<a href="https://td-demo.titaniasoftware.com/portals/ui/website/pages/product/delivery"
				class="navbar-link harp-footer-link" target="_blank">Powered by Titania Delivery</a>
		      <a id="footerLogo" href="http://www.titaniasoftware.com"
                class="navbar-link harp-footer-link" target="_blank">
                <img src="/portals/ui/_theme/digest/images/titania-logo_128w.png"
                        style="width: 43px; height: 16px;" alt="Titania Delivery" title="Titania Delivery">
             </a>
		</p>-->
	</div>
</footer>
<!-- END footer --></body>
</html>