<!DOCTYPE html>
<html>
<head>
<link rel="shortcut icon" href="/portals/ui/_theme/digest/favicon.ico" mce_href="/portals/ui/_theme/digest/favicon.ico" type="image/x-icon"/>
<meta name="viewport" content="width=device-width, initial-scale=1.0">
<meta http-equiv="X-UA-Compatible" content="IE=11">
<!-- HTML5 Shim and Respond.js IE8 support of HTML5 elements and media queries -->
<!--[if lt IE 9]>
  <script src="https://oss.maxcdn.com/libs/html5shiv/3.7.0/html5shiv.js"></script>
  <script src="https://oss.maxcdn.com/libs/respond.js/1.3.0/respond.min.js"></script>
<![endif]-->

<title>Section 21: Limit Switches - Digest 177</title>

<script type="text/javascript" src="/portals/resources/scripts/libs/jquery-1.11.0.min.js"></script>

<script type="text/javascript" src="/portals/ui/_theme/digest/scripts/bannerfix.js"></script>
<link rel="stylesheet" href="/portals/ui/_theme/digest/style/harp-portals.less"></link>
<script type="text/javascript" src="/portals/ui/_theme/digest/scripts/bootstrap.min.js"></script>
<script type="text/javascript" src="/portals/resources/scripts/harp-sdk.js"></script><link rel="stylesheet" href="/portals/resources/cm/cm.css"></link>
<script type="text/javascript" src="/portals/resources/scripts/libs/moment.min.js"></script>
<script type="text/javascript" src="/portals/resources/cm/cm.js"></script>

<script>
  (function(i,s,o,g,r,a,m){i['GoogleAnalyticsObject']=r;i[r]=i[r]||function(){
  (i[r].q=i[r].q||[]).push(arguments)},i[r].l=1*new Date();a=s.createElement(o),
  m=s.getElementsByTagName(o)[0];a.async=1;a.src=g;m.parentNode.insertBefore(a,m)
  })(window,document,'script','//www.google-analytics.com/analytics.js','ga');

  ga('create', 'UA-39869895-2', 'auto');
  ga('send', 'pageview');

</script>

<script>
$(function() {
    $('li.topicref.harp-portal-filter-exclude > a').click(function(e) {
        alert("This content is currently unavailable.");
        e.preventDefault();
        return false;
    });
});
</script>

</head>

<body class="readerPage" data-pageId=1042dba8-16ca-4163-9fc5-238f9063af94>


<!-- BEGIN HEADER -->
<header class="navbar navbar-default" id="harp-header-bar" role="navigation">
	<div class="container">
		<div class="navbar-header">
			<button type="button" class="navbar-toggle" data-toggle="collapse"
				data-target=".navbar-collapse">
				<span class="sr-only">Toggle navigation</span> <span
					class="icon-bar"></span> <span class="icon-bar"></span> <span
					class="icon-bar"></span>
			</button>
			<a class="navbar-brand" style="padding: 0 50px 0 0" href="http://www.schneider-electric.com/us/en" target="_blank">
  			<img src="/portals/ui/_theme/digest/images/Logo_SE_White_Transparent_RGB.PNG" style="width: 171px; height: 52px;" class="hidden-xs">
			<img src="/portals/ui/_theme/digest/images/Logo_SE_White_Transparent_RGB.PNG" style="width: 85px; height: 26px; margin-top: 9px;" class="visible-xs">
            </a>

              <!-- <a href='/portals/ui/digest/'
	               class="header-logo-link">
	                <img src="/portals/ui/_theme/digest/images/se_logo.gif" class="header-logo">
	           	</a> -->
	            <!-- <a href='/portals/ui/digest/'>
	             Digest 177
	            </a> -->
			<!-- </span>  -->
		</div>

		<div class="navbar-collapse collapse" id="headerMenu">

				<form role="search" action='/portals/ui/digest/search' class="navbar-form navbar-right hidden-xs">
					<div class="form-group">
						<label class="sr-only" for="headerTerm">Search Term</label> <input
							type="text" placeholder="Search" class="form-control"
							id="headerTerm" name="term">
					</div>
                    <button type="submit" class="btn btn-primary">
                        <span class="glyphicon glyphicon-search"></span>
                    </button>
				</form>
				<form role="search" action='/portals/ui/digest/search' class="navbar-form navbar-right navbar-input-group visible-xs">
				    <div class="form-group">
				        <label class="sr-only" for="headerTerm">Search Term</label>
				        <div class="input-group">
				            <input type="text" placeholder="Search" class="form-control"
				                id="headerTerm" name="term">
				            <span class="input-group-btn">
				                <button type="submit" class="btn btn-primary">
				                    <span class="glyphicon glyphicon-search"></span>
				                </button>
				            </span>
				        </div>
				    </div>
				</form>

			<ul class="nav navbar-nav">
                <li><a href="http://www.digestplus-us.schneider-electric.com/" target="_blank">DigestPLUS</a></li>
              	<li><a href='/portals/ui/digest/pages/landingPages/digest177'>Digest 177</a></li>
                <li><a href='/portals/ui/digest/pages/landingPages/digest177_supplement'>Supplemental Digest 177</a></li>
			</ul>
		</div>
	</div>
</header>

<div id="docTitle" class="sectionColor7">
  <div class="container">
    <div class="row">
      <div class="col-xs-12">
        <h3>        <span class="context-title">
          Section 21: Limit Switches
        </span>
</h3>
      </div>
    </div>
  </div>
</div>

  <div id="floatingDocTitle" class="sectionColor7">
    <div class="container">
      <div class="row">
        <div class="col-xs-12">
          <h3>        <span class="context-title">
          Section 21: Limit Switches
        </span>
</h3>
        </div>
      </div>
    </div>
  </div>

<!-- END HEADER -->
	
	<div class="container" id="tocPage">
      

      <div class="row">
        <div class="col-sm-10 col-sm-offset-1 col-xs-12 content-container" id="viewerContent"
                 	data-portalKey="562794fee4b05736848a7cb4"
                    data-itemKey="561d5f9ae4b0c5c41a244841"
                    data-projectKey="561d5d65e4b0c5c41a243bf2">
              	
<div class="map bookmap" lang="English_en" data-xtrc="bookmap:1" data-xtrf="harp://561d5d65e4b0c5c41a243bf2/pr/ORIGINAL/Master%20Bookmap%20Content/17721_MAIN%20(bookmap)_0000065094.xml">
   <div class="topicmeta bookmeta" data-xtrc="bookmeta:1" lang="English_en">
      
      <div class="metadata" data-xtrc="metadata:1" lang="English_en">
         
         
      </div>
      
   </div>
   <ul id="toc">
      <li data-refid="_17721002_87678" class="topicref chapter tocentry"><span class="topichead">
            <b class="ph b" data-xtrc="b:1" lang="English_en">Limit Switches</b>
            </span><ul>
            <li class="topicref tocentry"><a href="/portals/ui/digest/viewer/561d5d65e4b0c5c41a243bf2/561d5f9ae4b0c5c41a244841/r/_17721002_59884#_17721002_59884" data-refids=" _17721002_59884">Product Panorama</a></li>
         </ul>
      </li>
      <li data-refid="_17721004_61911" class="topicref chapter tocentry"><span class="topichead">Application Data</span><ul>
            <li data-refid="_17721004_65919" class="topicref tocentry"><span class="topichead">All Limit Switch Types</span><ul>
                  <li class="topicref tocentry"><a href="/portals/ui/digest/viewer/561d5d65e4b0c5c41a243bf2/561d5f9ae4b0c5c41a244841/r/_17721004_65919#ApplicationDataForAllLimitSwitchTyp-60033EDC2" data-refids=" ApplicationDataForAllLimitSwitchTyp-60033EDC">Application Data for All Limit Switch Types</a></li>
               </ul>
            </li>
         </ul>
      </li>
      <li data-refid="_17721005_66994" class="topicref chapter tocentry"><span class="topichead">Current Ratings</span><ul>
            <li data-refid="_17721005_63896" class="topicref tocentry"><span class="topichead">All Limit Switch Types</span><ul>
                  <li class="topicref tocentry"><a href="/portals/ui/digest/viewer/561d5d65e4b0c5c41a243bf2/561d5f9ae4b0c5c41a244841/r/_17721005_63896#ContactConfigurations-61FF4BAF2" data-refids=" ContactConfigurations-61FF4BAF">Contact Configurations</a></li>
               </ul>
            </li>
         </ul>
      </li>
      <li data-refid="_17721006_62886" class="topicref chapter tocentry"><span class="topichead">Industrial Snap Switches</span><ul>
            <li data-refid="_17721006_61529" class="topicref tocentry"><span class="topichead">9007AO, 9007CO</span><ul>
                  <li class="topicref tocentry"><a href="/portals/ui/digest/viewer/561d5d65e4b0c5c41a243bf2/561d5f9ae4b0c5c41a244841/r/_17721006_61529#IndustrialSnapSwitchesWithoutEnclos-600359522" data-refids=" IndustrialSnapSwitchesWithoutEnclos-60035952">Industrial Snap Switches Without Enclosures</a></li>
               </ul>
            </li>
            <li data-refid="_17721007_58952" class="topicref tocentry"><span class="topichead">9007AO, CO, AP, CP Dimensions</span><ul>
                  <li class="topicref tocentry"><a href="/portals/ui/digest/viewer/561d5d65e4b0c5c41a243bf2/561d5f9ae4b0c5c41a244841/r/_17721007_58952#ApproximateDimensionsAndOperatingDa-58C8E6ED2" data-refids=" ApproximateDimensionsAndOperatingDa-58C8E6ED">Approximate Dimensions and Operating Data, 9007AO, CO, AP,
                        and CP</a></li>
               </ul>
            </li>
         </ul>
      </li>
      <li data-refid="_17721008_83301" class="topicref chapter tocentry"><span class="topichead">Encapsulated Miniature</span><ul>
            <li data-refid="_17721008_62204" class="topicref tocentry"><span class="topichead">9007MS/ML Miniature</span><ul>
                  <li class="topicref tocentry"><a href="/portals/ui/digest/viewer/561d5d65e4b0c5c41a243bf2/561d5f9ae4b0c5c41a244841/r/_17721008_62204#MiniatureMSLimitSwitch-600067992" data-refids=" MiniatureMSLimitSwitch-60006799">Miniature MS Limit Switch</a></li>
                  <li class="topicref tocentry"><a href="/portals/ui/digest/viewer/561d5d65e4b0c5c41a243bf2/561d5f9ae4b0c5c41a244841/r/_17721008_62204#LeverArmsAndOptions-606705B82" data-refids=" LeverArmsAndOptions-606705B8">Lever Arms and Options</a></li>
               </ul>
            </li>
         </ul>
      </li>
      <li data-refid="_17721010_87678" class="topicref chapter tocentry"><span class="topichead">
            <b class="ph b" data-xtrc="b:1" lang="English_en">Osisense Limit Switches</b>
            
            <b class="ph b" data-xtrc="b:2" lang="English_en">Miniature,
               Metal</b> 
            </span><ul>
            <li class="topicref tocentry"><a href="/portals/ui/digest/viewer/561d5d65e4b0c5c41a243bf2/561d5f9ae4b0c5c41a244841/r/_17721010_59884#_17721010_59884" data-refids=" _17721010_59884">XCMD Modular</a></li>
         </ul>
      </li>
      <li data-refid="_17721012_87678" class="topicref chapter tocentry"><span class="topichead">Osisense Limit Switches Metal and Plastic</span><ul>
            <li class="topicref tocentry"><a href="/portals/ui/digest/viewer/561d5d65e4b0c5c41a243bf2/561d5f9ae4b0c5c41a244841/r/_17721012_59884#_17721012_59884" data-refids=" _17721012_59884">XCK Modular</a></li>
         </ul>
      </li>
      <li data-refid="_17721014_41182" class="topicref chapter tocentry"><span class="topichead">Modular, Miniature and Compact</span><ul>
            <li data-refid="_17721014_62598" class="topicref tocentry"><span class="topichead">XCMD, XCMN, XCKD, XCKP Complete Switches</span><ul>
                  <li class="topicref tocentry"><a href="/portals/ui/digest/viewer/561d5d65e4b0c5c41a243bf2/561d5f9ae4b0c5c41a244841/r/_17721014_62598#_17721014_Heading5_62" data-refids=" _17721014_Heading5_6">Miniature, Precabled Limit Switches, Metal</a></li>
                  <li class="topicref tocentry"><a href="/portals/ui/digest/viewer/561d5d65e4b0c5c41a243bf2/561d5f9ae4b0c5c41a244841/r/_17721014_62598#_17721014_Heading5_942" data-refids=" _17721014_Heading5_94">Compact, Modular Limit Switches, Metal or Plastic</a></li>
               </ul>
            </li>
            <li data-refid="_17721015_60201" class="topicref tocentry"><span class="topichead">
                  <b class="ph b" data-xtrc="b:1" lang="English_en">XCKT, XCDR, XCPR Complete Switches</b>
                  </span><ul>
                  <li class="topicref tocentry"><a href="/portals/ui/digest/viewer/561d5d65e4b0c5c41a243bf2/561d5f9ae4b0c5c41a244841/r/_17721015_60201#_17721015_Heading5_52" data-refids=" _17721015_Heading5_5">Compact Limit Switches with 2 Cable Entries and Modular Head</a></li>
                  <li class="topicref tocentry"><a href="/portals/ui/digest/viewer/561d5d65e4b0c5c41a243bf2/561d5f9ae4b0c5c41a244841/r/_17721015_60201#_17721015_Heading5_542" data-refids=" _17721015_Heading5_54">Modular, Compact Limit Switches with Manual Reset </a></li>
               </ul>
            </li>
            <li data-refid="_17721016_59897" class="topicref tocentry"><span class="topichead">Common Heads and Levers </span><ul>
                  <li class="topicref tocentry"><a href="/portals/ui/digest/viewer/561d5d65e4b0c5c41a243bf2/561d5f9ae4b0c5c41a244841/r/_17721016_59897#CommonHeadAndLeversForXCMDXCKDXCKPX-064B23662" data-refids=" CommonHeadAndLeversForXCMDXCKDXCKPX-064B2366">Common Head and Levers for XCMD, XCKD, XCKP, XCKT</a></li>
               </ul>
            </li>
         </ul>
      </li>
      <li data-refid="_17721017_87678" class="topicref chapter tocentry"><span class="topichead">
            <b class="ph b" data-xtrc="b:1" lang="English_en">Modular, Miniature and Compact Bodies</b>
            </span><ul>
            <li data-refid="_17721017_59884" class="topicref tocentry"><span class="topichead">Body/Contact Assemblies and Connection Components</span><ul>
                  <li class="topicref tocentry"><a href="/portals/ui/digest/viewer/561d5d65e4b0c5c41a243bf2/561d5f9ae4b0c5c41a244841/r/_17721017_59884#BodyContactAssemblies-6297E9162" data-refids=" BodyContactAssemblies-6297E916">Body/Contact Assemblies</a></li>
               </ul>
            </li>
         </ul>
      </li>
      <li data-refid="_17721018_87678" class="topicref chapter tocentry"><span class="topichead">
            <b class="ph b" data-xtrc="b:1" lang="English_en">Light Duty Compact, </b>
            
            <b class="ph b" data-xtrc="b:2" lang="English_en">Plastic, Non-Modular </b>
            </span><ul>
            <li data-refid="_17721018_48514" class="topicref tocentry"><span class="topichead">XCKN and XCNR Complete Switches</span><ul>
                  <li class="topicref tocentry"><a href="/portals/ui/digest/viewer/561d5d65e4b0c5c41a243bf2/561d5f9ae4b0c5c41a244841/r/_17721018_48514#XCKNXCNRCompactPlasticNon-ModularSw-62F88DDF2" data-refids=" XCKNXCNRCompactPlasticNon-ModularSw-62F88DDF">XCKN / XCNR Compact Plastic, Non-Modular Switches</a></li>
               </ul>
            </li>
         </ul>
      </li>
      <li data-refid="_17721019_87678" class="topicref chapter tocentry"><span class="topichead">
            <b class="ph b" data-xtrc="b:1" lang="English_en">Light Duty Industrial,</b>
            
            <b class="ph b" data-xtrc="b:2" lang="English_en">Standard Body,
               Plastic</b>
            </span><ul>
            <li data-refid="_17721019_54490" class="topicref tocentry"><span class="topichead">XCKS, Double Insulated</span><ul>
                  <li class="topicref tocentry"><a href="/portals/ui/digest/viewer/561d5d65e4b0c5c41a243bf2/561d5f9ae4b0c5c41a244841/r/_17721019_54490#_17721019_Heading5_62" data-refids=" _17721019_Heading5_6">XCKS Standard Body, Plastic, Double Insulated</a></li>
               </ul>
            </li>
         </ul>
      </li>
      <li data-refid="_17721020_87678" class="topicref chapter tocentry"><span class="topichead">Osisense Limit Switches XC Standard, Classic</span><ul>
            <li class="topicref tocentry"><a href="/portals/ui/digest/viewer/561d5d65e4b0c5c41a243bf2/561d5f9ae4b0c5c41a244841/r/_17721020_48514#_17721020_48514" data-refids=" _17721020_48514">XCKM and XCKL, Metal, Variable Composition</a></li>
         </ul>
      </li>
      <li data-refid="_17721022_83242" class="topicref chapter tocentry"><span class="topichead">Compact General Duty</span><ul>
            <li data-refid="_17721022_72099" class="topicref tocentry"><span class="topichead">XCKL Complete Switches</span><ul>
                  <li class="topicref tocentry"><a href="/portals/ui/digest/viewer/561d5d65e4b0c5c41a243bf2/561d5f9ae4b0c5c41a244841/r/_17721022_72099#XCKLLimitSwitch-62FC19212" data-refids=" XCKLLimitSwitch-62FC1921">XCKL Limit Switch</a></li>
                  <li class="topicref tocentry"><a href="/portals/ui/digest/viewer/561d5d65e4b0c5c41a243bf2/561d5f9ae4b0c5c41a244841/r/_17721022_72099#CompleteSwitches-0670A0D02" data-refids=" CompleteSwitches-0670A0D0">Complete Switches</a></li>
               </ul>
            </li>
            <li data-refid="_17721023_61026" class="topicref tocentry"><span class="topichead">XCKL Components</span><ul>
                  <li class="topicref tocentry"><a href="/portals/ui/digest/viewer/561d5d65e4b0c5c41a243bf2/561d5f9ae4b0c5c41a244841/r/_17721023_61026#XCKLComponents-6CC891B92" data-refids=" XCKLComponents-6CC891B9">XCKL Components</a></li>
                  <li class="topicref tocentry"><a href="/portals/ui/digest/viewer/561d5d65e4b0c5c41a243bf2/561d5f9ae4b0c5c41a244841/r/_17721023_61026#ZCKG00Programming-6CC9A0C32" data-refids=" ZCKG00Programming-6CC9A0C3">ZCKG00 Programming</a></li>
               </ul>
            </li>
         </ul>
      </li>
      <li data-refid="_17721024_87678" class="topicref chapter tocentry"><span class="topichead">
            <b class="ph b" data-xtrc="b:1" lang="English_en">Osisense Limit Switches</b>
            
            <b class="ph b" data-xtrc="b:2" lang="English_en">Standard Industrial,
               Metal</b>
            </span><ul>
            <li class="topicref tocentry"><a href="/portals/ui/digest/viewer/561d5d65e4b0c5c41a243bf2/561d5f9ae4b0c5c41a244841/r/_17721024_32221#_17721024_32221" data-refids=" _17721024_32221">XCKJ Industrial Format EN 50041, Fixed or Plug-in Body</a></li>
         </ul>
      </li>
      <li data-refid="_17721026_69869" class="topicref chapter tocentry"><span class="topichead">Heavy Duty / Industrial Metal Body</span><ul>
            <li data-refid="_17721026_61864" class="topicref tocentry"><span class="topichead">XCKJ Complete Switches</span><ul>
                  <li class="topicref tocentry"><a href="/portals/ui/digest/viewer/561d5d65e4b0c5c41a243bf2/561d5f9ae4b0c5c41a244841/r/_17721026_61864#_17721026_618732" data-refids=" _17721026_61873">XCKJ Switches</a></li>
               </ul>
            </li>
            <li data-refid="_17721027_61926" class="topicref tocentry"><span class="topichead">XCKJ Bodies and Options</span><ul>
                  <li class="topicref tocentry"><a href="/portals/ui/digest/viewer/561d5d65e4b0c5c41a243bf2/561d5f9ae4b0c5c41a244841/r/_17721027_61926#_17721027_619272" data-refids=" _17721027_61927">XCKJ Bodies and Options</a></li>
               </ul>
            </li>
            <li data-refid="_17721028_60782" class="topicref tocentry"><span class="topichead">XCKJ Operating Heads</span><ul>
                  <li class="topicref tocentry"><a href="/portals/ui/digest/viewer/561d5d65e4b0c5c41a243bf2/561d5f9ae4b0c5c41a244841/r/_17721028_60782#_17721028_607932" data-refids=" _17721028_60793">Operating Heads</a></li>
               </ul>
            </li>
            <li data-refid="_17721029_60270" class="topicref tocentry"><span class="topichead">XCKJ Operating Heads, Replacement Parts, and Levers</span><ul>
                  <li class="topicref tocentry"><a href="/portals/ui/digest/viewer/561d5d65e4b0c5c41a243bf2/561d5f9ae4b0c5c41a244841/r/_17721029_60270#XCKJAccessories-636E818C2" data-refids=" XCKJAccessories-636E818C">XCKJ Accessories</a></li>
               </ul>
            </li>
         </ul>
      </li>
      <li data-refid="_17721030_87678" class="topicref chapter tocentry"><span class="topichead">
            <b class="ph b" data-xtrc="b:1" lang="English_en">Heavy Duty Industrial</b>
            
            <b class="ph b" data-xtrc="b:2" lang="English_en">Metal Plug-in
               Body</b>
            </span><ul>
            <li class="topicref tocentry"><a href="/portals/ui/digest/viewer/561d5d65e4b0c5c41a243bf2/561d5f9ae4b0c5c41a244841/r/_17721030_48514#_17721030_48514" data-refids=" _17721030_48514">9007C Adaptable Sub-Assemblies</a></li>
         </ul>
      </li>
      <li data-refid="_17721032_75525" class="topicref chapter tocentry"><span class="topichead">Heavy Duty Industrial Single- and Two-Pole</span><ul>
            <li data-refid="_17721032_64142" class="topicref tocentry"><span class="topichead">9007C Limit Switches</span><ul>
                  <li class="topicref tocentry"><a href="/portals/ui/digest/viewer/561d5d65e4b0c5c41a243bf2/561d5f9ae4b0c5c41a244841/r/_17721032_64142#OiltightWatertightSwitchesStandardA-637243162" data-refids=" OiltightWatertightSwitchesStandardA-63724316">Oiltight, Watertight Switches—Standard and Compact Bodies</a></li>
                  <li class="topicref tocentry"><a href="/portals/ui/digest/viewer/561d5d65e4b0c5c41a243bf2/561d5f9ae4b0c5c41a244841/r/_17721032_64142#_17721032_Heading5_2722" data-refids=" _17721032_Heading5_272">Mode Change—Lever Arm Type</a></li>
                  <li class="topicref tocentry"><a href="/portals/ui/digest/viewer/561d5d65e4b0c5c41a243bf2/561d5f9ae4b0c5c41a244841/r/_17721032_64142#TypeCSwitches-637A33B52" data-refids=" TypeCSwitches-637A33B5">Type C Switches </a></li>
               </ul>
            </li>
            <li data-refid="_17721034_69328" class="topicref tocentry"><span class="topichead">9007AW and 9007C Lever Arms </span><ul>
                  <li class="topicref tocentry"><a href="/portals/ui/digest/viewer/561d5d65e4b0c5c41a243bf2/561d5f9ae4b0c5c41a244841/r/_17721034_69328#LeverArmsFor9007AWAnd9007CHeavyDuty-63A2B8C52" data-refids=" LeverArmsFor9007AWAnd9007CHeavyDuty-63A2B8C5">Lever Arms for 9007AW and 9007C Heavy Duty / Industrial Limit
                        Switches</a></li>
               </ul>
            </li>
            <li data-refid="_17721035_61751" class="topicref tocentry"><span class="topichead">
                  <b class="ph b" data-xtrc="b:1" lang="English_en">9007AW and 9007C Lever Arms and Special Features</b>
                  </span><ul>
                  <li class="topicref tocentry"><a href="/portals/ui/digest/viewer/561d5d65e4b0c5c41a243bf2/561d5f9ae4b0c5c41a244841/r/_17721035_61751#_17721035_Heading5_42" data-refids=" _17721035_Heading5_4">Lever Arms</a></li>
                  <li class="topicref tocentry"><a href="/portals/ui/digest/viewer/561d5d65e4b0c5c41a243bf2/561d5f9ae4b0c5c41a244841/r/_17721035_61751#_17721035_Heading5_1502" data-refids=" _17721035_Heading5_150">Special Features</a></li>
               </ul>
            </li>
            <li data-refid="_17721036_59316" class="topicref tocentry"><span class="topichead">9007C Factory Modifications (Forms)</span><ul>
                  <li class="topicref tocentry"><a href="/portals/ui/digest/viewer/561d5d65e4b0c5c41a243bf2/561d5f9ae4b0c5c41a244841/r/_17721036_59316#FactoryModifications-63A913402" data-refids=" FactoryModifications-63A91340">Factory Modifications</a></li>
               </ul>
            </li>
         </ul>
      </li>
      <li data-refid="_17721037_83452" class="topicref chapter tocentry"><span class="topichead">Severe Duty, Oiltight, Mill and Foundry</span><ul>
            <li data-refid="_17721037_56264" class="topicref tocentry"><span class="topichead">9007T, 9007FT</span><ul>
                  <li class="topicref tocentry"><a href="/portals/ui/digest/viewer/561d5d65e4b0c5c41a243bf2/561d5f9ae4b0c5c41a244841/r/_17721037_56264#CFactoryModifications-63A9EA672" data-refids=" CFactoryModifications-63A9EA67">9007C Factory Modifications</a></li>
                  <li class="topicref tocentry"><a href="/portals/ui/digest/viewer/561d5d65e4b0c5c41a243bf2/561d5f9ae4b0c5c41a244841/r/_17721037_56264#_17721038_Heading5_42" data-refids=" _17721038_Heading5_4">Class 9007 Type T and FT, Oiltight</a></li>
               </ul>
            </li>
            <li data-refid="_17721039_62259" class="topicref tocentry"><span class="topichead">L100/300</span><ul>
                  <li class="topicref tocentry"><a href="/portals/ui/digest/viewer/561d5d65e4b0c5c41a243bf2/561d5f9ae4b0c5c41a244841/r/_17721039_62259#_17721039_Heading5_52" data-refids=" _17721039_Heading5_5">R.B.Denison™ Lox-Switch™ L</a></li>
                  <li class="topicref tocentry"><a href="/portals/ui/digest/viewer/561d5d65e4b0c5c41a243bf2/561d5f9ae4b0c5c41a244841/r/_17721039_62259#_17721040_Heading5_52" data-refids=" _17721040_Heading5_5">Interpreting the Catalog Numbers</a></li>
               </ul>
            </li>
         </ul>
      </li>
   </ul>
</div>        </div>
              
      </div>
          
<script type="text/javascript">
  var refId = '';
  $(document).ready(function() {
    
    function sendFeedback(feedback, type) {
      $.ajax({
        url : HARPPortal.getPortalRpcUrl('feedback'),
        type : type,
        data : JSON.stringify(feedback),
        contentType : 'application/json',
      });
    }

    function confirmFeedback(fromNegative) {
      $('#feedbackComponent').children().fadeOut(500);
      if (fromNegative) {
        $('#feedbackContainer').removeClass('col-xs-12 col-sm-6').addClass('col-sm-3');    
      }
      $('#feedbackComponent').html($('#feedbackConfirm').fadeIn(500));
    }

    $('.feedbackButton').click(function(event) {
      var feedback = {}, contentElement = $("#viewerContent");

      feedback.id = $('body').attr('data-pageId');
      feedback.topicUseful = this.value;
      feedback.portalKey = contentElement.attr("data-portalKey");
      feedback.topicKey = contentElement.attr("data-itemKey");
      feedback.projectKey = contentElement.attr("data-projectKey");
      feedback.parentKey = contentElement.attr("data-parentKey");
      feedback.refId = refId;

      sendFeedback(feedback, 'POST');

      if (this.value === 'false') {
        $('#feedbackComponent').children().fadeOut(500);
        $('#feedbackContainer').removeClass('col-sm-3').addClass('col-xs-12 col-sm-6');
        $('#feedbackComponent').html($('#feedbackComment').fadeIn(500));

        $('#commentButton').click(function() {
          $('#feedbackComponent').off('keypress');
          var comment = $("#feedbackInput").val().trim();
          if (comment !== "") {
            feedback.comment = comment;
            sendFeedback(feedback, 'PUT');
          }
          confirmFeedback(true);
        });

        $('#feedbackInput').focus();

        $('#feedbackComponent').on('keypress', function(e) {
          if (e.which === 13) {
            $('#commentButton').trigger('click');
          }
        });

      } else {
        confirmFeedback();
      }
    });
  });   
</script>

<div class="row">
  <div class="col-sm-3 pull-right" id="feedbackContainer">
    <div id="feedbackComponent">
      <div id="feedbackHelpful">
        <p>Was this helpful?</p>
        <div id="buttonDiv">
          <button class="btn btn-primary btn-xs feedbackButton" value="true">Yes</button>
          <button class="btn btn-primary btn-xs feedbackButton" value="false">No</button>
        </div>
      </div>
    </div>
  </div>
  <div id="feedbackConfirm" style="display: none">Thanks!</div>
  <div id="feedbackComment" style="display: none">
    <label for="feedbackInput">Tell us why!</label><br>
    <textarea rows="4" id="feedbackInput"></textarea><br>
    <button class="btn btn-primary btn-xs" id="commentButton">Send</button>
  </div>
</div>
                        
        <div class="col-sm-10 col-sm-offset-1 col-xs-11">

         </div>
          
	</div>
<!-- BEGIN footer -->
<footer class="navbar navbar-default harp-portal-footer" style="width: 100%; margin: 20px 0 0 0;"> <!-- navbar-fixed-bottom  -->
	<div class="container">
  <p class="navbar-text navbar-left hidden-xs">
    <span class="glyphicon glyphicon-qrcode" id="qrcodeLink"
          title="Show QR code for this page"></span>
  </p>
  <img src="/portals/qrgen?url=http%3A%2F%2Fwww.productinfo.schneider-electric.com%2Fportals%2Fui%2Fdigest%2Fviewer%2F561d5d65e4b0c5c41a243bf2%2Fnocontext%2FMaster%2BBookmap%2BContent%2F17721_MAIN%2B(bookmap)_0000065094.xml&size=180"
       id="qrcode"
       style="width: 180px; height: 180px;"
       alt="QR code for this page"
       title="QR code for this page">
<script>
  $(function() {
    var $qr = $('#qrcode')
    , $link = $('#qrcodeLink')
    , on = $qr.is('visible')
    , shown = false;
    ;

    function show() {
      var pos = $link.position();
      $qr.css({
        left: pos.left + 'px',
        bottom: ($link.outerHeight() + 20) + 'px'
      });
      $qr.fadeIn();
      on = true;
      shown = true;
    }

    function toggle() {
      if (on) {
        $qr.fadeOut();
        on = false;
      } else {
        show();
      }
    }

    $link.click(toggle);
    $qr.click(toggle);
    $link.mouseover(function() {
      if (!shown) {
        show();
      }
    });
  });
</script>
<!--		<p class="navbar-text navbar-right">
			<a href="https://td-demo.titaniasoftware.com/portals/ui/website/pages/product/delivery"
				class="navbar-link harp-footer-link" target="_blank">Powered by Titania Delivery</a>
		      <a id="footerLogo" href="http://www.titaniasoftware.com"
                class="navbar-link harp-footer-link" target="_blank">
                <img src="/portals/ui/_theme/digest/images/titania-logo_128w.png"
                        style="width: 43px; height: 16px;" alt="Titania Delivery" title="Titania Delivery">
             </a>
		</p>-->
	</div>
</footer>
<!-- END footer --></body>
</html>