<!DOCTYPE html>
<html>
<head>
<link rel="shortcut icon" href="/portals/ui/_theme/digest/favicon.ico" mce_href="/portals/ui/_theme/digest/favicon.ico" type="image/x-icon"/>
<meta name="viewport" content="width=device-width, initial-scale=1.0">
<meta http-equiv="X-UA-Compatible" content="IE=11">
<!-- HTML5 Shim and Respond.js IE8 support of HTML5 elements and media queries -->
<!--[if lt IE 9]>
  <script src="https://oss.maxcdn.com/libs/html5shiv/3.7.0/html5shiv.js"></script>
  <script src="https://oss.maxcdn.com/libs/respond.js/1.3.0/respond.min.js"></script>
<![endif]-->

<title>Supplemental 11: Obsolescent and Obsolete Circuit Breakers - Digest 177</title>

<script type="text/javascript" src="/portals/resources/scripts/libs/jquery-1.11.0.min.js"></script>

<script type="text/javascript" src="/portals/ui/_theme/digest/scripts/bannerfix.js"></script>
<link rel="stylesheet" href="/portals/ui/_theme/digest/style/harp-portals.less"></link>
<script type="text/javascript" src="/portals/ui/_theme/digest/scripts/bootstrap.min.js"></script>
<script type="text/javascript" src="/portals/resources/scripts/harp-sdk.js"></script><link rel="stylesheet" href="/portals/resources/cm/cm.css"></link>
<script type="text/javascript" src="/portals/resources/scripts/libs/moment.min.js"></script>
<script type="text/javascript" src="/portals/resources/cm/cm.js"></script>

<script>
  (function(i,s,o,g,r,a,m){i['GoogleAnalyticsObject']=r;i[r]=i[r]||function(){
  (i[r].q=i[r].q||[]).push(arguments)},i[r].l=1*new Date();a=s.createElement(o),
  m=s.getElementsByTagName(o)[0];a.async=1;a.src=g;m.parentNode.insertBefore(a,m)
  })(window,document,'script','//www.google-analytics.com/analytics.js','ga');

  ga('create', 'UA-39869895-2', 'auto');
  ga('send', 'pageview');

</script>

<script>
$(function() {
    $('li.topicref.harp-portal-filter-exclude > a').click(function(e) {
        alert("This content is currently unavailable.");
        e.preventDefault();
        return false;
    });
});
</script>

</head>

<body class="readerPage" data-pageId=e0e0d35c-56c8-4c29-b1e3-42e0d879fec5>


<!-- BEGIN HEADER -->
<header class="navbar navbar-default" id="harp-header-bar" role="navigation">
	<div class="container">
		<div class="navbar-header">
			<button type="button" class="navbar-toggle" data-toggle="collapse"
				data-target=".navbar-collapse">
				<span class="sr-only">Toggle navigation</span> <span
					class="icon-bar"></span> <span class="icon-bar"></span> <span
					class="icon-bar"></span>
			</button>
			<a class="navbar-brand" style="padding: 0 50px 0 0" href="http://www.schneider-electric.com/us/en" target="_blank">
  			<img src="/portals/ui/_theme/digest/images/Logo_SE_White_Transparent_RGB.PNG" style="width: 171px; height: 52px;" class="hidden-xs">
			<img src="/portals/ui/_theme/digest/images/Logo_SE_White_Transparent_RGB.PNG" style="width: 85px; height: 26px; margin-top: 9px;" class="visible-xs">
            </a>

              <!-- <a href='/portals/ui/digest/'
	               class="header-logo-link">
	                <img src="/portals/ui/_theme/digest/images/se_logo.gif" class="header-logo">
	           	</a> -->
	            <!-- <a href='/portals/ui/digest/'>
	             Digest 177
	            </a> -->
			<!-- </span>  -->
		</div>

		<div class="navbar-collapse collapse" id="headerMenu">

				<form role="search" action='/portals/ui/digest/search' class="navbar-form navbar-right hidden-xs">
					<div class="form-group">
						<label class="sr-only" for="headerTerm">Search Term</label> <input
							type="text" placeholder="Search" class="form-control"
							id="headerTerm" name="term">
					</div>
                    <button type="submit" class="btn btn-primary">
                        <span class="glyphicon glyphicon-search"></span>
                    </button>
				</form>
				<form role="search" action='/portals/ui/digest/search' class="navbar-form navbar-right navbar-input-group visible-xs">
				    <div class="form-group">
				        <label class="sr-only" for="headerTerm">Search Term</label>
				        <div class="input-group">
				            <input type="text" placeholder="Search" class="form-control"
				                id="headerTerm" name="term">
				            <span class="input-group-btn">
				                <button type="submit" class="btn btn-primary">
				                    <span class="glyphicon glyphicon-search"></span>
				                </button>
				            </span>
				        </div>
				    </div>
				</form>

			<ul class="nav navbar-nav">
                <li><a href="http://www.digestplus-us.schneider-electric.com/" target="_blank">DigestPLUS</a></li>
              	<li><a href='/portals/ui/digest/pages/landingPages/digest177'>Digest 177</a></li>
                <li><a href='/portals/ui/digest/pages/landingPages/digest177_supplement'>Supplemental Digest 177</a></li>
			</ul>
		</div>
	</div>
</header>

<div id="docTitle" class="sectionColor4">
  <div class="container">
    <div class="row">
      <div class="col-xs-12">
        <h3>        <span class="context-title">
          Supplemental 11: Obsolescent and Obsolete Circuit Breakers
        </span>
</h3>
      </div>
    </div>
  </div>
</div>

  <div id="floatingDocTitle" class="sectionColor4">
    <div class="container">
      <div class="row">
        <div class="col-xs-12">
          <h3>        <span class="context-title">
          Supplemental 11: Obsolescent and Obsolete Circuit Breakers
        </span>
</h3>
        </div>
      </div>
    </div>
  </div>

<!-- END HEADER -->
	
	<div class="container" id="tocPage">
      

      <div class="row">
        <div class="col-sm-10 col-sm-offset-1 col-xs-12 content-container" id="viewerContent"
                 	data-portalKey="562794fee4b05736848a7cb4"
                    data-itemKey="562a2b01e4b05736848a956a"
                    data-projectKey="562a2a2be4b05736848a7ffd">
              	
<div class="map bookmap" lang="English_en" data-xtrc="bookmap:1" data-xtrf="harp://562a2a2be4b05736848a7ffd/pr/ORIGINAL/Supplemental%20Bookmap%20Content/SD17711_MAIN%20(bookmap)_0000054802.xml">
   <div class="topicmeta bookmeta" data-xtrc="bookmeta:1" lang="English_en">
      
      <div class="metadata" data-xtrc="metadata:1" lang="English_en">
         
         
      </div>
      
   </div>
   <ul id="toc">
      <li data-refid="_SD17711002_41867" class="topicref chapter brand:sd tocentry"><span class="topichead">Obsolescent and Obsolete Types</span><ul>
            <li data-refid="_SD17711002_33972" class="topicref tocentry"><span class="topichead">Circuit Breaker Availability</span><ul>
                  <li class="topicref tocentry"><a href="/portals/ui/digest/viewer/562a2a2be4b05736848a7ffd/562a2b01e4b05736848a956a/r/_SD17711002_33972#CircuitBreakerAvailability-26DB6E9F2" data-refids=" CircuitBreakerAvailability-26DB6E9F">Circuit Breaker Availability</a></li>
               </ul>
            </li>
            <li data-refid="_SD17711004_73444" class="topicref tocentry"><span class="topichead">Pictorial and Dimensions</span><ul>
                  <li class="topicref tocentry"><a href="/portals/ui/digest/viewer/562a2a2be4b05736848a7ffd/562a2b01e4b05736848a956a/r/_SD17711004_73444#Dimensions-26DBD50D2" data-refids=" Dimensions-26DBD50D">Dimensions</a></li>
               </ul>
            </li>
         </ul>
      </li>
      <li data-refid="_SD17711006_423812" class="topicref chapter brand:sd tocentry"><span class="topichead">Obsolescent Circuit Breakers</span><ul>
            <li data-refid="PowerPactD-FrameCBs-6D4F8987" class="topicref tocentry"><span class="topichead">PowerPact™ D-Frame Circuit Breakers</span><ul>
                  <li class="topicref tocentry"><a href="/portals/ui/digest/viewer/562a2a2be4b05736848a7ffd/562a2b01e4b05736848a956a/r/PowerPactD-FrameCBs-6D4F8987#D-FrameCircuitBreakers-6D6B1DDC2" data-refids=" D-FrameCircuitBreakers-6D6B1DDC">PowerPact D-Frame Circuit Breakers</a></li>
               </ul>
            </li>
            <li data-refid="_SD17711006_60110" class="topicref tocentry"><span class="topichead">F-Frame Thermal-Magnetic Circuit Breakers</span><ul>
                  <li class="topicref tocentry"><a href="/portals/ui/digest/viewer/562a2a2be4b05736848a7ffd/562a2b01e4b05736848a956a/r/_SD17711006_60110#F-FrameCIrcuitBreakers-26DC01BB2" data-refids=" F-FrameCIrcuitBreakers-26DC01BB">F-Frame CIrcuit Breakers</a></li>
               </ul>
            </li>
            <li data-refid="_SD17711007_19471" class="topicref tocentry"><span class="topichead">K-Frame Thermal-Magnetic Circuit Breakers</span><ul>
                  <li class="topicref tocentry"><a href="/portals/ui/digest/viewer/562a2a2be4b05736848a7ffd/562a2b01e4b05736848a956a/r/_SD17711007_19471#K-FrameCircuitBreakers-26DC1AA12" data-refids=" K-FrameCircuitBreakers-26DC1AA1">K-Frame Circuit Breakers</a></li>
               </ul>
            </li>
            <li data-refid="L-FrameThermal-MagneticMCCB-6D514B51" class="topicref tocentry"><span class="topichead">L-Frame Thermal-Magnetic Circuit Breakers</span><ul>
                  <li class="topicref tocentry"><a href="/portals/ui/digest/viewer/562a2a2be4b05736848a7ffd/562a2b01e4b05736848a956a/r/L-FrameThermal-MagneticMCCB-6D514B51#L-FrameMoldedCaseCircuitBreaker-521B11A32" data-refids=" L-FrameMoldedCaseCircuitBreaker-521B11A3">L-Frame Molded Case Circuit Breaker</a></li>
               </ul>
            </li>
            <li data-refid="L-FrameSeriesBCircuitBreaker-6D5071EF" class="topicref tocentry"><span class="topichead">L-Frame Micrologic™ Series B Trip Circuit Breakers</span><ul>
                  <li class="topicref tocentry"><a href="/portals/ui/digest/viewer/562a2a2be4b05736848a7ffd/562a2b01e4b05736848a956a/r/L-FrameSeriesBCircuitBreaker-6D5071EF#Standard-FunctionL-Frame-6D50AF6D2" data-refids=" Standard-FunctionL-Frame-6D50AF6D">Standard-Function Features:</a></li>
                  <li class="topicref tocentry"><a href="/portals/ui/digest/viewer/562a2a2be4b05736848a7ffd/562a2b01e4b05736848a956a/r/L-FrameSeriesBCircuitBreaker-6D5071EF#Full-FunctionL-Frame-6D50BCE52" data-refids=" Full-FunctionL-Frame-6D50BCE5">Full-Function Features:</a></li>
                  <li class="topicref tocentry"><a href="/portals/ui/digest/viewer/562a2a2be4b05736848a7ffd/562a2b01e4b05736848a956a/r/L-FrameSeriesBCircuitBreaker-6D5071EF#Unit-MountL-Frame-6D50CB702" data-refids=" Unit-MountL-Frame-6D50CB70">L-Frame, Individually Mounted</a></li>
                  <li class="topicref tocentry"><a href="/portals/ui/digest/viewer/562a2a2be4b05736848a7ffd/562a2b01e4b05736848a956a/r/L-FrameSeriesBCircuitBreaker-6D5071EF#I-LineL-Frame-6D50D95C2" data-refids=" I-LineL-Frame-6D50D95C">L-Frame Micrologic™ Series B Trip Circuit Breakers</a></li>
               </ul>
            </li>
            <li data-refid="MissionCriticalCircuitBreakers-1F142F87" class="topicref tocentry"><span class="topichead">Mission Critical Circuit Breakers</span><ul>
                  <li class="topicref tocentry"><a href="/portals/ui/digest/viewer/562a2a2be4b05736848a7ffd/562a2b01e4b05736848a956a/r/MissionCriticalCircuitBreakers-1F142F87#_SD17703006_Heading5_642" data-refids=" _SD17703006_Heading5_64">PowerPact™ Mission Critical Circuit Breakers</a></li>
               </ul>
            </li>
            <li data-refid="_SD17711008_45565" class="topicref tocentry"><span class="topichead">Automatic Molded-Case Switches</span><ul>
                  <li class="topicref tocentry"><a href="/portals/ui/digest/viewer/562a2a2be4b05736848a7ffd/562a2b01e4b05736848a956a/r/_SD17711008_45565#_SD17711008_4326522" data-refids=" _SD17711008_432652">Automatic Molded Case Switches</a></li>
               </ul>
            </li>
            <li data-refid="_SD17711009_62430" class="topicref tocentry"><span class="topichead">Mag-Gard™ Motor Circuit Protector </span><ul>
                  <li class="topicref tocentry"><a href="/portals/ui/digest/viewer/562a2a2be4b05736848a7ffd/562a2b01e4b05736848a956a/r/_SD17711009_62430#_SD17711009_145682" data-refids=" _SD17711009_14568">Mag-Gard Motor Circuit Protector</a></li>
               </ul>
            </li>
            <li data-refid="_SD17711011_67485" class="topicref tocentry"><span class="topichead">UL Listed Marine Circuit Breakers </span><ul>
                  <li class="topicref tocentry"><a href="/portals/ui/digest/viewer/562a2a2be4b05736848a7ffd/562a2b01e4b05736848a956a/r/_SD17711011_67485#MarineCircuitBreakers-26DCB2722" data-refids=" MarineCircuitBreakers-26DCB272">Marine Circuit Breakers</a></li>
               </ul>
            </li>
            <li data-refid="_SD17711012_75456" class="topicref tocentry"><span class="topichead">Circuit Breakers for NQO, NQOB, NQOD and ML Panelboards</span><ul>
                  <li class="topicref tocentry"><a href="/portals/ui/digest/viewer/562a2a2be4b05736848a7ffd/562a2b01e4b05736848a956a/r/_SD17711012_75456#_SD17711012_Heading5_532" data-refids=" _SD17711012_Heading5_53">Branch Circuit Breakers and Mounting Assemblies for ML Panelboards</a></li>
               </ul>
            </li>
            <li data-refid="_SD17711013_24158" class="topicref tocentry"><span class="topichead">Rating Plugs For Obsolete Electronic Trip Circuit Breakers</span><ul>
                  <li class="topicref tocentry"><a href="/portals/ui/digest/viewer/562a2a2be4b05736848a7ffd/562a2b01e4b05736848a956a/r/_SD17711013_24158#RatingPlugsForObsoleteCircuitBreake-26DCFCEB2" data-refids=" RatingPlugsForObsoleteCircuitBreake-26DCFCEB">Rating Plugs for Obsolete Circuit Breakers</a></li>
               </ul>
            </li>
            <li data-refid="_SD17711014_25174" class="topicref tocentry"><span class="topichead">EH/EHB Circuit Breakers</span><ul>
                  <li class="topicref tocentry"><a href="/portals/ui/digest/viewer/562a2a2be4b05736848a7ffd/562a2b01e4b05736848a956a/r/_SD17711014_25174#_SD17711014_685992" data-refids=" _SD17711014_68599">EH/EHB Circuit Breakers</a></li>
               </ul>
            </li>
            <li data-refid="_SD17711015_58862" class="topicref tocentry"><span class="topichead">FJA Thermal-Magnetic Circuit Breakers</span><ul>
                  <li class="topicref tocentry"><a href="/portals/ui/digest/viewer/562a2a2be4b05736848a7ffd/562a2b01e4b05736848a956a/r/_SD17711015_58862#FJACircuitBreakers-26DDAEBC2" data-refids=" FJACircuitBreakers-26DDAEBC">FJA Circuit Breakers</a></li>
               </ul>
            </li>
            <li data-refid="_SD17711016_54147" class="topicref tocentry"><span class="topichead">QE Metering Circuit Breakers</span><ul>
                  <li class="topicref tocentry"><a href="/portals/ui/digest/viewer/562a2a2be4b05736848a7ffd/562a2b01e4b05736848a956a/r/_SD17711016_54147#QEMeteringCircuitBreakres-26DDDF2A2" data-refids=" QEMeteringCircuitBreakres-26DDDF2A">QE Metering Circuit Breakers</a></li>
               </ul>
            </li>
            <li data-refid="_SD17711017_33372" class="topicref tocentry"><span class="topichead">KD/KG Thermal-Magnetic Circuit Breakers</span><ul>
                  <li class="topicref tocentry"><a href="/portals/ui/digest/viewer/562a2a2be4b05736848a7ffd/562a2b01e4b05736848a956a/r/_SD17711017_33372#_SD17711017_754732" data-refids=" _SD17711017_75473">KD/KG Circuit Breakers</a></li>
               </ul>
            </li>
            <li data-refid="_SD17711018_56150" class="topicref tocentry"><span class="topichead">NHL Thermal-Magnetic Molded Case Circuit Breaker</span><ul>
                  <li class="topicref tocentry"><a href="/portals/ui/digest/viewer/562a2a2be4b05736848a7ffd/562a2b01e4b05736848a956a/r/_SD17711018_56150#NHLCircuitBreakers-26DE259A2" data-refids=" NHLCircuitBreakers-26DE259A">NHL Circuit Breakers</a></li>
               </ul>
            </li>
         </ul>
      </li>
      <li data-refid="_SD17711021_431530" class="topicref chapter brand:sd tocentry"><span class="topichead">Molded Case Circuit Breakers</span><ul>
            <li data-refid="M-FrameCircuitBreakers-26DEA8D9" class="topicref tocentry"><span class="topichead">M-Frame Thermal-Magnetic Circuit Breakers</span><ul>
                  <li class="topicref tocentry"><a href="/portals/ui/digest/viewer/562a2a2be4b05736848a7ffd/562a2b01e4b05736848a956a/r/M-FrameCircuitBreakers-26DEA8D9#_SD17711021_578172" data-refids=" _SD17711021_57817">M-Frame Thermal-Magnetic Circuit Breakers</a></li>
               </ul>
            </li>
         </ul>
      </li>
      <li data-refid="_SD17711022_431492" class="topicref chapter brand:sd tocentry"><span class="topichead">Circuit Breaker Accessories</span><ul>
            <li data-refid="D-FrameCBElectricalAccessories-6D4FD986" class="topicref tocentry"><span class="topichead">Circuit Breakers Electrical Accessories</span><ul>
                  <li class="topicref tocentry"><a href="/portals/ui/digest/viewer/562a2a2be4b05736848a7ffd/562a2b01e4b05736848a956a/r/D-FrameCBElectricalAccessories-6D4FD986#PowerPactD-FrameElecAccessories-6D66D1102" data-refids=" PowerPactD-FrameElecAccessories-6D66D110">D-Frame Electrical Accessories</a></li>
               </ul>
            </li>
            <li data-refid="PowerPactCircuitBreakersMiscellaneo-6D4A231E" class="topicref tocentry"><span class="topichead">PowerPact™ Circuit Breakers Miscellaneous Accessories</span><ul>
                  <li class="topicref tocentry"><a href="/portals/ui/digest/viewer/562a2a2be4b05736848a7ffd/562a2b01e4b05736848a956a/r/PowerPactCircuitBreakersMiscellaneo-6D4A231E#PowerPactD-FrameMiscellaneousAccess-6D6AC5FB2" data-refids=" PowerPactD-FrameMiscellaneousAccess-6D6AC5FB">PowerPact D-Frame Miscellaneous Accessories</a></li>
                  <li class="topicref tocentry"><a href="/portals/ui/digest/viewer/562a2a2be4b05736848a7ffd/562a2b01e4b05736848a956a/r/PowerPactCircuitBreakersMiscellaneo-6D4A231E#LocksInstallationAccessoriesAndRear-6E58F1972" data-refids=" LocksInstallationAccessoriesAndRear-6E58F197">Locks, Installation Accessories, and Rear Connections</a></li>
               </ul>
            </li>
            <li data-refid="MicrologicSeriesBAccessories-6D50385E" class="topicref tocentry"><span class="topichead">Neutral CTs and Micrologic™ Series B Trip Unit Accessories</span><ul>
                  <li class="topicref tocentry"><a href="/portals/ui/digest/viewer/562a2a2be4b05736848a7ffd/562a2b01e4b05736848a956a/r/MicrologicSeriesBAccessories-6D50385E#SeriesBAccessories-6D69E6332" data-refids=" SeriesBAccessories-6D69E633">Neutral Current Transformers and Micrologic Series B Trip Unit
                        Accessories</a></li>
               </ul>
            </li>
            <li data-refid="_SD17711022_73667" class="topicref tocentry"><span class="topichead">Field-Installable Accessories</span><ul>
                  <li class="topicref tocentry"><a href="/portals/ui/digest/viewer/562a2a2be4b05736848a7ffd/562a2b01e4b05736848a956a/r/_SD17711022_73667#_SD17711022_4317702" data-refids=" _SD17711022_431770">Field-Installable Electrical Accessories</a></li>
                  <li class="topicref tocentry"><a href="/portals/ui/digest/viewer/562a2a2be4b05736848a7ffd/562a2b01e4b05736848a956a/r/_SD17711022_73667#_SD17703020_Heading5_432" data-refids=" _SD17703020_Heading5_43">LC, LI, LE, LX and LXI Circuit Breaker Termination Clip Kit</a></li>
               </ul>
            </li>
            <li data-refid="ElectricalOperatorsHandleAccessorie-860887FA" class="topicref tocentry"><span class="topichead">Electrical Operators and Handle Accessories</span><ul>
                  <li class="topicref tocentry"><a href="/portals/ui/digest/viewer/562a2a2be4b05736848a7ffd/562a2b01e4b05736848a956a/r/ElectricalOperatorsHandleAccessorie-860887FA#ElectricalOperators-8608BE5D2" data-refids=" ElectricalOperators-8608BE5D">Electrical Operators</a></li>
                  <li class="topicref tocentry"><a href="/portals/ui/digest/viewer/562a2a2be4b05736848a7ffd/562a2b01e4b05736848a956a/r/ElectricalOperatorsHandleAccessorie-860887FA#HandleAccessories-8608C4D42" data-refids=" HandleAccessories-8608C4D4">Handle Accessories</a></li>
               </ul>
            </li>
            <li data-refid="_SD17711023_65557" class="topicref tocentry"><span class="topichead">Lug Information</span><ul>
                  <li class="topicref tocentry"><a href="/portals/ui/digest/viewer/562a2a2be4b05736848a7ffd/562a2b01e4b05736848a956a/r/_SD17711023_65557#MechanicalLugs-28F700012" data-refids=" MechanicalLugs-28F70001">Mechanical Lugs</a></li>
                  <li class="topicref tocentry"><a href="/portals/ui/digest/viewer/562a2a2be4b05736848a7ffd/562a2b01e4b05736848a956a/r/_SD17711023_65557#ControlWireTapLugs-860E07BD2" data-refids=" ControlWireTapLugs-860E07BD">Control Wire Tap Lugs </a></li>
                  <li class="topicref tocentry"><a href="/portals/ui/digest/viewer/562a2a2be4b05736848a7ffd/562a2b01e4b05736848a956a/r/_SD17711023_65557#_SD17711023_Heading5_1452" data-refids=" _SD17711023_Heading5_145">Compression Lug Kits</a></li>
                  <li class="topicref tocentry"><a href="/portals/ui/digest/viewer/562a2a2be4b05736848a7ffd/562a2b01e4b05736848a956a/r/_SD17711023_65557#_SD17711023_Heading5_2662" data-refids=" _SD17711023_Heading5_266">Power Distribution Connectors (PDC) for Circuit Breakers—for
                        Field Replacement of Mechanical Lugs</a></li>
               </ul>
            </li>
         </ul>
      </li>
      <li data-refid="_SD17711024_67012" class="topicref chapter brand:sd tocentry"><span class="topichead">Electronic Products</span><ul>
            <li data-refid="_SD17711024_39053" class="topicref tocentry"><span class="topichead">Micrologic™ Series 2/3/A/B Trip Unit Test Sets</span><ul>
                  <li class="topicref tocentry"><a href="/portals/ui/digest/viewer/562a2a2be4b05736848a7ffd/562a2b01e4b05736848a956a/r/_SD17711024_39053#TestInformation-26DF057E2" data-refids=" TestInformation-26DF057E">Test Information</a></li>
               </ul>
            </li>
         </ul>
      </li>
      <li data-refid="_SD17711025_46297" class="topicref chapter brand:sd tocentry"><span class="topichead">Ground-Fault Protection</span><ul>
            <li data-refid="_SD17711025_10894" class="topicref tocentry"><span class="topichead">Micrologic™ Add-On Ground-Fault Module (GFM)</span><ul>
                  <li class="topicref tocentry"><a href="/portals/ui/digest/viewer/562a2a2be4b05736848a7ffd/562a2b01e4b05736848a956a/r/_SD17711025_10894#GFMGroundFaultModule-294CC7402" data-refids=" GFMGroundFaultModule-294CC740">GFM Ground Fault Module</a></li>
                  <li class="topicref tocentry"><a href="/portals/ui/digest/viewer/562a2a2be4b05736848a7ffd/562a2b01e4b05736848a956a/r/_SD17711025_10894#_SD17711025_Heading5_482" data-refids=" _SD17711025_Heading5_48">RIM32 Restraint Interface Module</a></li>
               </ul>
            </li>
         </ul>
      </li>
      <li data-refid="_SD17711026_300386" class="topicref chapter brand:sd tocentry"><span class="topichead">Obsolescent Circuit Breakers</span><ul>
            <li data-refid="_SD17711026_19925" class="topicref tocentry"><span class="topichead">Masterpact™ M/MP/MC Circuit Breakers, UL 489/1066 Listed</span><ul>
                  <li class="topicref tocentry"><a href="/portals/ui/digest/viewer/562a2a2be4b05736848a7ffd/562a2b01e4b05736848a956a/r/_SD17711026_19925#_SD17711026_Heading5_62" data-refids=" _SD17711026_Heading5_6">To order</a></li>
               </ul>
            </li>
            <li data-refid="MasterpactMMPMCCircuitBreakerContro-26E038DA" class="topicref tocentry"><span class="topichead">Masterpact™ M/MP/MC Circuit Breaker Control Units</span><ul>
                  <li class="topicref tocentry"><a href="/portals/ui/digest/viewer/562a2a2be4b05736848a7ffd/562a2b01e4b05736848a956a/r/MasterpactMMPMCCircuitBreakerContro-26E038DA#_SD17711027_601322" data-refids=" _SD17711027_60132">Masterpact™ M/MP/MC Circuit Breaker Control Units</a></li>
               </ul>
            </li>
            <li data-refid="_SD17711028_77506" class="topicref tocentry"><span class="topichead">Masterpact™ M/MP/MC Circuit Breaker Accessories</span><ul>
                  <li class="topicref tocentry"><a href="/portals/ui/digest/viewer/562a2a2be4b05736848a7ffd/562a2b01e4b05736848a956a/r/_SD17711028_77506#_SD17711029_826572" data-refids=" _SD17711029_82657">Masterpact™ M/MP/MC Circuit Breaker Accessories</a></li>
                  <li class="topicref tocentry"><a href="/portals/ui/digest/viewer/562a2a2be4b05736848a7ffd/562a2b01e4b05736848a956a/r/_SD17711028_77506#FrameAccessories-29EB53E62" data-refids=" FrameAccessories-29EB53E6">Frame Accessories</a></li>
               </ul>
            </li>
            <li data-refid="MasterpactMMPMCCircuitBreakerSpareP-26E0B33D" class="topicref tocentry"><span class="topichead">Masterpact™ M/MP/MC Circuit Breaker Spare Parts</span><ul>
                  <li class="topicref tocentry"><a href="/portals/ui/digest/viewer/562a2a2be4b05736848a7ffd/562a2b01e4b05736848a956a/r/MasterpactMMPMCCircuitBreakerSpareP-26E0B33D#_SD17711030_220852" data-refids=" _SD17711030_22085">Masterpact™ M/MP/MC Circuit Breaker Spare Parts</a></li>
               </ul>
            </li>
         </ul>
      </li>
   </ul>
</div>        </div>
              
      </div>
          
<script type="text/javascript">
  var refId = '';
  $(document).ready(function() {
    
    function sendFeedback(feedback, type) {
      $.ajax({
        url : HARPPortal.getPortalRpcUrl('feedback'),
        type : type,
        data : JSON.stringify(feedback),
        contentType : 'application/json',
      });
    }

    function confirmFeedback(fromNegative) {
      $('#feedbackComponent').children().fadeOut(500);
      if (fromNegative) {
        $('#feedbackContainer').removeClass('col-xs-12 col-sm-6').addClass('col-sm-3');    
      }
      $('#feedbackComponent').html($('#feedbackConfirm').fadeIn(500));
    }

    $('.feedbackButton').click(function(event) {
      var feedback = {}, contentElement = $("#viewerContent");

      feedback.id = $('body').attr('data-pageId');
      feedback.topicUseful = this.value;
      feedback.portalKey = contentElement.attr("data-portalKey");
      feedback.topicKey = contentElement.attr("data-itemKey");
      feedback.projectKey = contentElement.attr("data-projectKey");
      feedback.parentKey = contentElement.attr("data-parentKey");
      feedback.refId = refId;

      sendFeedback(feedback, 'POST');

      if (this.value === 'false') {
        $('#feedbackComponent').children().fadeOut(500);
        $('#feedbackContainer').removeClass('col-sm-3').addClass('col-xs-12 col-sm-6');
        $('#feedbackComponent').html($('#feedbackComment').fadeIn(500));

        $('#commentButton').click(function() {
          $('#feedbackComponent').off('keypress');
          var comment = $("#feedbackInput").val().trim();
          if (comment !== "") {
            feedback.comment = comment;
            sendFeedback(feedback, 'PUT');
          }
          confirmFeedback(true);
        });

        $('#feedbackInput').focus();

        $('#feedbackComponent').on('keypress', function(e) {
          if (e.which === 13) {
            $('#commentButton').trigger('click');
          }
        });

      } else {
        confirmFeedback();
      }
    });
  });   
</script>

<div class="row">
  <div class="col-sm-3 pull-right" id="feedbackContainer">
    <div id="feedbackComponent">
      <div id="feedbackHelpful">
        <p>Was this helpful?</p>
        <div id="buttonDiv">
          <button class="btn btn-primary btn-xs feedbackButton" value="true">Yes</button>
          <button class="btn btn-primary btn-xs feedbackButton" value="false">No</button>
        </div>
      </div>
    </div>
  </div>
  <div id="feedbackConfirm" style="display: none">Thanks!</div>
  <div id="feedbackComment" style="display: none">
    <label for="feedbackInput">Tell us why!</label><br>
    <textarea rows="4" id="feedbackInput"></textarea><br>
    <button class="btn btn-primary btn-xs" id="commentButton">Send</button>
  </div>
</div>
                        
        <div class="col-sm-10 col-sm-offset-1 col-xs-11">

         </div>
          
	</div>
<!-- BEGIN footer -->
<footer class="navbar navbar-default harp-portal-footer" style="width: 100%; margin: 20px 0 0 0;"> <!-- navbar-fixed-bottom  -->
	<div class="container">
  <p class="navbar-text navbar-left hidden-xs">
    <span class="glyphicon glyphicon-qrcode" id="qrcodeLink"
          title="Show QR code for this page"></span>
  </p>
  <img src="/portals/qrgen?url=http%3A%2F%2Fwww.productinfo.schneider-electric.com%2Fportals%2Fui%2Fdigest%2Fviewer%2F562a2a2be4b05736848a7ffd%2Fnocontext%2FSupplemental%2BBookmap%2BContent%2FSD17711_MAIN%2B(bookmap)_0000054802.xml&size=180"
       id="qrcode"
       style="width: 180px; height: 180px;"
       alt="QR code for this page"
       title="QR code for this page">
<script>
  $(function() {
    var $qr = $('#qrcode')
    , $link = $('#qrcodeLink')
    , on = $qr.is('visible')
    , shown = false;
    ;

    function show() {
      var pos = $link.position();
      $qr.css({
        left: pos.left + 'px',
        bottom: ($link.outerHeight() + 20) + 'px'
      });
      $qr.fadeIn();
      on = true;
      shown = true;
    }

    function toggle() {
      if (on) {
        $qr.fadeOut();
        on = false;
      } else {
        show();
      }
    }

    $link.click(toggle);
    $qr.click(toggle);
    $link.mouseover(function() {
      if (!shown) {
        show();
      }
    });
  });
</script>
<!--		<p class="navbar-text navbar-right">
			<a href="https://td-demo.titaniasoftware.com/portals/ui/website/pages/product/delivery"
				class="navbar-link harp-footer-link" target="_blank">Powered by Titania Delivery</a>
		      <a id="footerLogo" href="http://www.titaniasoftware.com"
                class="navbar-link harp-footer-link" target="_blank">
                <img src="/portals/ui/_theme/digest/images/titania-logo_128w.png"
                        style="width: 43px; height: 16px;" alt="Titania Delivery" title="Titania Delivery">
             </a>
		</p>-->
	</div>
</footer>
<!-- END footer --></body>
</html>