<!DOCTYPE html>
<html>
<head>
<link rel="shortcut icon" href="/portals/ui/_theme/digest/favicon.ico" mce_href="/portals/ui/_theme/digest/favicon.ico" type="image/x-icon"/>
<meta name="viewport" content="width=device-width, initial-scale=1.0">
<meta http-equiv="X-UA-Compatible" content="IE=11">
<!-- HTML5 Shim and Respond.js IE8 support of HTML5 elements and media queries -->
<!--[if lt IE 9]>
  <script src="https://oss.maxcdn.com/libs/html5shiv/3.7.0/html5shiv.js"></script>
  <script src="https://oss.maxcdn.com/libs/respond.js/1.3.0/respond.min.js"></script>
<![endif]-->

<title>Supplemental 3: Molded Case Circuit Breakers and Enclosures - Digest 177</title>

<script type="text/javascript" src="/portals/resources/scripts/libs/jquery-1.11.0.min.js"></script>

<script type="text/javascript" src="/portals/ui/_theme/digest/scripts/bannerfix.js"></script>
<link rel="stylesheet" href="/portals/ui/_theme/digest/style/harp-portals.less"></link>
<script type="text/javascript" src="/portals/ui/_theme/digest/scripts/bootstrap.min.js"></script>
<script type="text/javascript" src="/portals/resources/scripts/harp-sdk.js"></script><link rel="stylesheet" href="/portals/resources/cm/cm.css"></link>
<script type="text/javascript" src="/portals/resources/scripts/libs/moment.min.js"></script>
<script type="text/javascript" src="/portals/resources/cm/cm.js"></script>

<script>
  (function(i,s,o,g,r,a,m){i['GoogleAnalyticsObject']=r;i[r]=i[r]||function(){
  (i[r].q=i[r].q||[]).push(arguments)},i[r].l=1*new Date();a=s.createElement(o),
  m=s.getElementsByTagName(o)[0];a.async=1;a.src=g;m.parentNode.insertBefore(a,m)
  })(window,document,'script','//www.google-analytics.com/analytics.js','ga');

  ga('create', 'UA-39869895-2', 'auto');
  ga('send', 'pageview');

</script>

<script>
$(function() {
    $('li.topicref.harp-portal-filter-exclude > a').click(function(e) {
        alert("This content is currently unavailable.");
        e.preventDefault();
        return false;
    });
});
</script>

</head>

<body class="readerPage" data-pageId=73d01d67-e4a9-488d-a930-1b74fa30eccc>


<!-- BEGIN HEADER -->
<header class="navbar navbar-default" id="harp-header-bar" role="navigation">
	<div class="container">
		<div class="navbar-header">
			<button type="button" class="navbar-toggle" data-toggle="collapse"
				data-target=".navbar-collapse">
				<span class="sr-only">Toggle navigation</span> <span
					class="icon-bar"></span> <span class="icon-bar"></span> <span
					class="icon-bar"></span>
			</button>
			<a class="navbar-brand" style="padding: 0 50px 0 0" href="http://www.schneider-electric.com/us/en" target="_blank">
  			<img src="/portals/ui/_theme/digest/images/Logo_SE_White_Transparent_RGB.PNG" style="width: 171px; height: 52px;" class="hidden-xs">
			<img src="/portals/ui/_theme/digest/images/Logo_SE_White_Transparent_RGB.PNG" style="width: 85px; height: 26px; margin-top: 9px;" class="visible-xs">
            </a>

              <!-- <a href='/portals/ui/digest/'
	               class="header-logo-link">
	                <img src="/portals/ui/_theme/digest/images/se_logo.gif" class="header-logo">
	           	</a> -->
	            <!-- <a href='/portals/ui/digest/'>
	             Digest 177
	            </a> -->
			<!-- </span>  -->
		</div>

		<div class="navbar-collapse collapse" id="headerMenu">

				<form role="search" action='/portals/ui/digest/search' class="navbar-form navbar-right hidden-xs">
					<div class="form-group">
						<label class="sr-only" for="headerTerm">Search Term</label> <input
							type="text" placeholder="Search" class="form-control"
							id="headerTerm" name="term">
					</div>
                    <button type="submit" class="btn btn-primary">
                        <span class="glyphicon glyphicon-search"></span>
                    </button>
				</form>
				<form role="search" action='/portals/ui/digest/search' class="navbar-form navbar-right navbar-input-group visible-xs">
				    <div class="form-group">
				        <label class="sr-only" for="headerTerm">Search Term</label>
				        <div class="input-group">
				            <input type="text" placeholder="Search" class="form-control"
				                id="headerTerm" name="term">
				            <span class="input-group-btn">
				                <button type="submit" class="btn btn-primary">
				                    <span class="glyphicon glyphicon-search"></span>
				                </button>
				            </span>
				        </div>
				    </div>
				</form>

			<ul class="nav navbar-nav">
                <li><a href="http://www.digestplus-us.schneider-electric.com/" target="_blank">DigestPLUS</a></li>
              	<li><a href='/portals/ui/digest/pages/landingPages/digest177'>Digest 177</a></li>
                <li><a href='/portals/ui/digest/pages/landingPages/digest177_supplement'>Supplemental Digest 177</a></li>
			</ul>
		</div>
	</div>
</header>

<div id="docTitle" class="sectionColor3">
  <div class="container">
    <div class="row">
      <div class="col-xs-12">
        <h3>        <span class="context-title">
          Supplemental 3: Molded Case Circuit Breakers and Enclosures
        </span>
</h3>
      </div>
    </div>
  </div>
</div>

  <div id="floatingDocTitle" class="sectionColor3">
    <div class="container">
      <div class="row">
        <div class="col-xs-12">
          <h3>        <span class="context-title">
          Supplemental 3: Molded Case Circuit Breakers and Enclosures
        </span>
</h3>
        </div>
      </div>
    </div>
  </div>

<!-- END HEADER -->
	
	<div class="container" id="tocPage">
      

      <div class="row">
        <div class="col-sm-10 col-sm-offset-1 col-xs-12 content-container" id="viewerContent"
                 	data-portalKey="562794fee4b05736848a7cb4"
                    data-itemKey="562a2b01e4b05736848a9546"
                    data-projectKey="562a2a2be4b05736848a7ffd">
              	
<div class="map bookmap" lang="English_en" data-xtrc="bookmap:1" data-xtrf="harp://562a2a2be4b05736848a7ffd/pr/ORIGINAL/Supplemental%20Bookmap%20Content/SD17703_MAIN%20(bookmap)_0000052852.xml">
   <ul id="toc">
      <li data-refid="_SD17703002_14787" class="topicref chapter brand:sd tocentry"><span class="topichead">PowerPact™ Circuit Breakers</span><ul>
            <li data-refid="_SD17703002_59940" class="topicref tocentry"><span class="topichead">PowerPact H- and J-Frame Circuit Breakers</span><ul>
                  <li class="topicref tocentry"><a href="/portals/ui/digest/viewer/562a2a2be4b05736848a7ffd/562a2b01e4b05736848a9546/r/_SD17703002_59940#PowerPactHAndJ-1F135B162" data-refids=" PowerPactHAndJ-1F135B16">PowerPact H- and J-Frame Circuit Breakers</a></li>
                  <li class="topicref tocentry"><a href="/portals/ui/digest/viewer/562a2a2be4b05736848a7ffd/562a2b01e4b05736848a9546/r/_SD17703002_59940#PowerPactHAndJCont-1F136E832" data-refids=" PowerPactHAndJCont-1F136E83">PowerPact H- and J-Frame Circuit Breakers</a></li>
               </ul>
            </li>
            <li data-refid="_SD17703004_74334" class="topicref tocentry"><span class="topichead">PowerPact L-Frame Circuit Breakers</span><ul>
                  <li class="topicref tocentry"><a href="/portals/ui/digest/viewer/562a2a2be4b05736848a7ffd/562a2b01e4b05736848a9546/r/_SD17703004_74334#PowerPactL-Frame-1F1390D02" data-refids=" PowerPactL-Frame-1F1390D0">PowerPact L-Frame Molded Case Circuit Breaker</a></li>
               </ul>
            </li>
         </ul>
      </li>
      <li data-refid="_SD17703006_13870" class="topicref chapter brand:sd tocentry"><span class="topichead">PowerPact™ Automatic Switches</span><ul>
            <li class="topicref tocentry"><a href="/portals/ui/digest/viewer/562a2a2be4b05736848a7ffd/562a2b01e4b05736848a9546/r/_SD17703006_75911#_SD17703006_75911" data-refids=" _SD17703006_75911">Class <b class="ph b" data-xtrc="b:1" lang="English_en">600</b> / Refer to Catalog <span class="ph" data-xtrc="ph:1" lang="English_en">
                     <a href="http://products.schneider-electric.us/support/technical-library/?event=locator&amp;dn=0612CT0101" class="xref" target="_blank">
                        <b class="ph b" data-xtrc="b:2" lang="English_en">0612CT0101</b>
                        </a>
                     </span>
                  </a></li>
         </ul>
      </li>
      <li data-refid="VdcCircuitBreakers-4D650BBA" class="topicref chapter brand:sd tocentry"><span class="topichead">500 Vdc Circuit Breakers</span><ul>
            <li data-refid="VdcMCCB-4D651D0C" class="topicref tocentry"><span class="topichead">UL Listed 500 Vdc Circuit Breakers</span><ul>
                  <li class="topicref tocentry"><a href="/portals/ui/digest/viewer/562a2a2be4b05736848a7ffd/562a2b01e4b05736848a9546/r/VdcMCCB-4D651D0C#VdcSwitches-3A6301262" data-refids=" VdcSwitches-3A630126">500 Vdc Circuit Breakers</a></li>
               </ul>
            </li>
         </ul>
      </li>
      <li data-refid="_SD17703007_66961" class="topicref chapter brand:sd tocentry"><span class="topichead">
            <b class="ph b" data-xtrc="b:1" lang="English_en">Molded Case Circuit Breakers</b>
            </span><ul>
            <li data-refid="_SD17703007_60110" class="topicref tocentry"><span class="topichead">F-Frame Thermal-Magnetic Circuit Breakers</span><ul>
                  <li class="topicref tocentry"><a href="/portals/ui/digest/viewer/562a2a2be4b05736848a7ffd/562a2b01e4b05736848a9546/r/_SD17703007_60110#F-FrameMoldedCaseCircuitBreakers-521616562" data-refids=" F-FrameMoldedCaseCircuitBreakers-52161656">F-Frame Molded Case Circuit Breakers</a></li>
                  <li class="topicref tocentry"><a href="/portals/ui/digest/viewer/562a2a2be4b05736848a7ffd/562a2b01e4b05736848a9546/r/_SD17703007_60110#F-FrameI-LineCircuitBreakers-521B96722" data-refids=" F-FrameI-LineCircuitBreakers-521B9672">F-Frame I-Line Circuit Breakers</a></li>
               </ul>
            </li>
            <li data-refid="_SD17703009_19471" class="topicref tocentry"><span class="topichead">K- and Q4-Frame Thermal-Magnetic Circuit Breakers</span><ul>
                  <li class="topicref tocentry"><a href="/portals/ui/digest/viewer/562a2a2be4b05736848a7ffd/562a2b01e4b05736848a9546/r/_SD17703009_19471#KAndQ4-Frame-1F0DB05F2" data-refids=" KAndQ4-Frame-1F0DB05F">Q4-Frame</a></li>
               </ul>
            </li>
            <li data-refid="_SD17703011_83657" class="topicref tocentry"><span class="topichead">L-Frame Thermal-Magnetic Circuit Breakers</span><ul>
                  <li class="topicref tocentry"><a href="/portals/ui/digest/viewer/562a2a2be4b05736848a7ffd/562a2b01e4b05736848a9546/r/_SD17703011_83657#L-FrameMoldedCaseCircuitBreaker-521B11A32" data-refids=" L-FrameMoldedCaseCircuitBreaker-521B11A3">L-Frame Molded Case Circuit Breaker</a></li>
               </ul>
            </li>
            <li data-refid="_SD17703015_45565" class="topicref tocentry"><span class="topichead">Mag-Gard™ Motor Circuit Protector </span><ul>
                  <li class="topicref tocentry"><a href="/portals/ui/digest/viewer/562a2a2be4b05736848a7ffd/562a2b01e4b05736848a9546/r/_SD17703015_45565#_SD17703015_145682" data-refids=" _SD17703015_14568">Mag-Gard Motor Circuit Protector</a></li>
               </ul>
            </li>
            <li data-refid="_SD17703016_86699" class="topicref tocentry"><span class="topichead">GJ-Frame MCP Selection</span><ul>
                  <li class="topicref tocentry"><a href="/portals/ui/digest/viewer/562a2a2be4b05736848a7ffd/562a2b01e4b05736848a9546/r/_SD17703016_86699#GJLMCPSelection-1F27771F2" data-refids=" GJLMCPSelection-1F27771F">GJL MCP Selection</a></li>
                  <li class="topicref tocentry"><a href="/portals/ui/digest/viewer/562a2a2be4b05736848a7ffd/562a2b01e4b05736848a9546/r/_SD17703016_86699#GJLMCPSelectionTable-5410A7472" data-refids=" GJLMCPSelectionTable-5410A747">GJL MCP Selection Table</a></li>
               </ul>
            </li>
         </ul>
      </li>
      <li data-refid="_SD17703017_80781" class="topicref chapter brand:sd tocentry"><span class="topichead">Special Construction Circuit Breakers</span><ul>
            <li data-refid="_SD17703017_19039" class="topicref tocentry"><span class="topichead">Special Terminal Connectors and Lugs</span><ul>
                  <li class="topicref tocentry"><a href="/portals/ui/digest/viewer/562a2a2be4b05736848a7ffd/562a2b01e4b05736848a9546/r/_SD17703017_19039#_SD17703017_Heading5_42" data-refids=" _SD17703017_Heading5_4">I-Line™ Special Terminal Connectors</a></li>
                  <li class="topicref tocentry"><a href="/portals/ui/digest/viewer/562a2a2be4b05736848a7ffd/562a2b01e4b05736848a9546/r/_SD17703017_19039#_SD17703017_Heading5_162" data-refids=" _SD17703017_Heading5_16">Control Wire Tap Lugs </a></li>
               </ul>
            </li>
            <li data-refid="SpecialCalibration-2A686D31" class="topicref tocentry"><span class="topichead">Special Calibration and Accessories</span><ul>
                  <li class="topicref tocentry"><a href="/portals/ui/digest/viewer/562a2a2be4b05736848a7ffd/562a2b01e4b05736848a9546/r/SpecialCalibration-2A686D31#_SD17703018_258672" data-refids=" _SD17703018_25867">Special Magnetic or Thermal Calibration </a></li>
                  <li class="topicref tocentry"><a href="/portals/ui/digest/viewer/562a2a2be4b05736848a7ffd/562a2b01e4b05736848a9546/r/SpecialCalibration-2A686D31#_SD17703018_6809532" data-refids=" _SD17703018_680953">Rear-Connected Studs</a></li>
                  <li class="topicref tocentry"><a href="/portals/ui/digest/viewer/562a2a2be4b05736848a7ffd/562a2b01e4b05736848a9546/r/SpecialCalibration-2A686D31#_SD17703018_890852" data-refids=" _SD17703018_89085">Visi-Blade<sup class="ph sup" data-xtrc="sup:1" lang="English_en">TM</sup> Circuit Breakers </a></li>
                  <li class="topicref tocentry"><a href="/portals/ui/digest/viewer/562a2a2be4b05736848a7ffd/562a2b01e4b05736848a9546/r/SpecialCalibration-2A686D31#_SD17703018_469552" data-refids=" _SD17703018_46955">Moisture and Fungus Resistant Treatment for Circuit Breakers </a></li>
                  <li class="topicref tocentry"><a href="/portals/ui/digest/viewer/562a2a2be4b05736848a7ffd/562a2b01e4b05736848a9546/r/SpecialCalibration-2A686D31#_SD17703018_836672" data-refids=" _SD17703018_83667">Short Handle for LA/LH Circuit Breakers</a></li>
               </ul>
            </li>
            <li data-refid="_SD17703019_14276" class="topicref tocentry"><span class="topichead">P-Frame Replacement Handles, Adapter Plate and Exchange Program</span><ul>
                  <li class="topicref tocentry"><a href="/portals/ui/digest/viewer/562a2a2be4b05736848a7ffd/562a2b01e4b05736848a9546/r/_SD17703019_14276#_SD17703019_Heading5_52" data-refids=" _SD17703019_Heading5_5">P-Frame Replacement Handle</a></li>
               </ul>
            </li>
            <li data-refid="_SD17703020_29321" class="topicref tocentry"><span class="topichead">Special Terminations</span><ul>
                  <li class="topicref tocentry"><a href="/portals/ui/digest/viewer/562a2a2be4b05736848a7ffd/562a2b01e4b05736848a9546/r/_SD17703020_29321#_SD17703020_Heading5_42" data-refids=" _SD17703020_Heading5_4">Lug Deletion</a></li>
                  <li class="topicref tocentry"><a href="/portals/ui/digest/viewer/562a2a2be4b05736848a7ffd/562a2b01e4b05736848a9546/r/_SD17703020_29321#_SD17703020_Heading5_292" data-refids=" _SD17703020_Heading5_29">Termination Insert Kits</a></li>
                  <li class="topicref tocentry"><a href="/portals/ui/digest/viewer/562a2a2be4b05736848a7ffd/562a2b01e4b05736848a9546/r/_SD17703020_29321#_SD17703020_Heading5_572" data-refids=" _SD17703020_Heading5_57">Electric Joint Compound</a></li>
               </ul>
            </li>
            <li data-refid="_SD17703021_48857" class="topicref tocentry"><span class="topichead">Grounded BØ Systems</span><ul>
                  <li class="topicref tocentry"><a href="/portals/ui/digest/viewer/562a2a2be4b05736848a7ffd/562a2b01e4b05736848a9546/r/_SD17703021_48857#_SD17703021_2" data-refids=" _SD17703021_">Circuit Breakers for Grounded B-Phase (BØ) (Corner-Grounded
                        Delta) Systems</a></li>
               </ul>
            </li>
            <li data-refid="_SD17703022_67485" class="topicref tocentry"><span class="topichead">UL Marine Listed Circuit Breakers </span><ul>
                  <li class="topicref tocentry"><a href="/portals/ui/digest/viewer/562a2a2be4b05736848a7ffd/562a2b01e4b05736848a9546/r/_SD17703022_67485#_SD17703022_6819692" data-refids=" _SD17703022_681969">UL Marine Listed/CSA Certified Circuit Breakers (UL 489 Supplement
                        SA)</a></li>
                  <li class="topicref tocentry"><a href="/portals/ui/digest/viewer/562a2a2be4b05736848a7ffd/562a2b01e4b05736848a9546/r/_SD17703022_67485#_SD17703022_6122342" data-refids=" _SD17703022_612234">UL Naval Listed/CSA Certified Circuit Breakers (UL 489 Supplement
                        SB)</a></li>
               </ul>
            </li>
         </ul>
      </li>
      <li data-refid="_SD17703023_19042" class="topicref chapter brand:sd tocentry"><span class="topichead">Circuit Breaker Accessories</span><ul>
            <li data-refid="_SD17703023_46119" class="topicref tocentry"><span class="topichead">PowerPact<sup class="ph sup" data-xtrc="sup:1" lang="English_en">™</sup> Circuit Breakers Electrical Accessories</span><ul>
                  <li class="topicref tocentry"><a href="/portals/ui/digest/viewer/562a2a2be4b05736848a7ffd/562a2b01e4b05736848a9546/r/_SD17703023_46119#ElectricalAccessories-1F14FA8C2" data-refids=" ElectricalAccessories-1F14FA8C">Electrical Accessories</a></li>
               </ul>
            </li>
            <li data-refid="_SD17703024_96120" class="topicref tocentry"><span class="topichead">Factory-Installed Accessories</span><ul>
                  <li class="topicref tocentry"><a href="/portals/ui/digest/viewer/562a2a2be4b05736848a7ffd/562a2b01e4b05736848a9546/r/_SD17703024_96120#_SD17703024_746012" data-refids=" _SD17703024_74601">Factory-Installed Electrical Accessories </a></li>
               </ul>
            </li>
            <li data-refid="_SD17703025_73667" class="topicref tocentry"><span class="topichead">Field-Installable Accessories</span><ul>
                  <li class="topicref tocentry"><a href="/portals/ui/digest/viewer/562a2a2be4b05736848a7ffd/562a2b01e4b05736848a9546/r/_SD17703025_73667#_SD17703025_6130002" data-refids=" _SD17703025_613000">Field-Installable Electrical Accessories</a></li>
               </ul>
            </li>
            <li data-refid="_SD17703026_35233" class="topicref tocentry"><span class="topichead">Electrical Operators, Handle Accessories and Walking Beam Interlocks</span><ul>
                  <li class="topicref tocentry"><a href="/portals/ui/digest/viewer/562a2a2be4b05736848a7ffd/562a2b01e4b05736848a9546/r/_SD17703026_35233#_SD17703026_Heading5_32" data-refids=" _SD17703026_Heading5_3">Electrical Operators</a></li>
                  <li class="topicref tocentry"><a href="/portals/ui/digest/viewer/562a2a2be4b05736848a7ffd/562a2b01e4b05736848a9546/r/_SD17703026_35233#_SD17703026_Heading5_1252" data-refids=" _SD17703026_Heading5_125">Handle Accessories</a></li>
                  <li class="topicref tocentry"><a href="/portals/ui/digest/viewer/562a2a2be4b05736848a7ffd/562a2b01e4b05736848a9546/r/_SD17703026_35233#_SD17703026_Heading5_2192" data-refids=" _SD17703026_Heading5_219">Interlocks</a></li>
               </ul>
            </li>
            <li data-refid="_SD17703027_79309" class="topicref tocentry"><span class="topichead">Locks, Installation Accessories, and Rear Connections </span><ul>
                  <li class="topicref tocentry"><a href="/portals/ui/digest/viewer/562a2a2be4b05736848a7ffd/562a2b01e4b05736848a9546/r/_SD17703027_79309#LocksEtc-1F150CD32" data-refids=" LocksEtc-1F150CD3">Locks, Installation Accessories, and Rear Connections</a></li>
                  <li class="topicref tocentry"><a href="/portals/ui/digest/viewer/562a2a2be4b05736848a7ffd/562a2b01e4b05736848a9546/r/_SD17703027_79309#_SD17703026_Heading5_1982" data-refids=" _SD17703026_Heading5_198">Cylinder Lock</a></li>
                  <li class="topicref tocentry"><a href="/portals/ui/digest/viewer/562a2a2be4b05736848a7ffd/562a2b01e4b05736848a9546/r/_SD17703027_79309#MiscellaneousAccessories-1F151BE52" data-refids=" MiscellaneousAccessories-1F151BE5">Miscellaneous Accessories</a></li>
               </ul>
            </li>
            <li data-refid="_SD17703028_65557" class="topicref tocentry"><span class="topichead">Mechanical Lug Information</span><ul>
                  <li class="topicref tocentry"><a href="/portals/ui/digest/viewer/562a2a2be4b05736848a7ffd/562a2b01e4b05736848a9546/r/_SD17703028_65557#MechanicalLugs-24BB33542" data-refids=" MechanicalLugs-24BB3354">Mechanical Lug Kits</a></li>
               </ul>
            </li>
            <li data-refid="_SD17703029_71664" class="topicref tocentry"><span class="topichead">Compression Lug and Power Distribution Connectors</span><ul>
                  <li class="topicref tocentry"><a href="/portals/ui/digest/viewer/562a2a2be4b05736848a7ffd/562a2b01e4b05736848a9546/r/_SD17703029_71664#_SD17703029_Heading5_32" data-refids=" _SD17703029_Heading5_3">Compression Lug Kits</a></li>
                  <li class="topicref tocentry"><a href="/portals/ui/digest/viewer/562a2a2be4b05736848a7ffd/562a2b01e4b05736848a9546/r/_SD17703029_71664#_SD17703029_Heading5_1212" data-refids=" _SD17703029_Heading5_121">Power Distribution Connectors (PDC) for Circuit Breakers—for
                        Field Replacement of Mechanical Lugs</a></li>
               </ul>
            </li>
         </ul>
      </li>
      <li data-refid="_SD17703031_65118" class="topicref chapter brand:sd tocentry"><span class="topichead">Electronic Products</span><ul>
            <li data-refid="_SD17703032_84266" class="topicref tocentry"><span class="topichead">Restraint Interface Module</span><ul>
                  <li class="topicref tocentry"><a href="/portals/ui/digest/viewer/562a2a2be4b05736848a7ffd/562a2b01e4b05736848a9546/r/_SD17703032_84266#_SD17703032_Heading5_32" data-refids=" _SD17703032_Heading5_3">S48890 and S48895 Restraint Interface Modules</a></li>
               </ul>
            </li>
         </ul>
      </li>
      <li data-refid="_SD17703033_87763" class="topicref chapter brand:sd tocentry"><span class="topichead">Circuit Breaker Dimensions</span><ul>
            <li data-refid="EmptyTitlePage-826EB6FD" class="topicref tocentry"><span class="topichead">Molded Case Circuit Breakers and Enclosures</span><ul>
                  <li class="topicref tocentry"><a href="/portals/ui/digest/viewer/562a2a2be4b05736848a7ffd/562a2b01e4b05736848a9546/r/EmptyTitlePage-826EB6FD#DimensionsAndWeights-1F1532C22" data-refids=" DimensionsAndWeights-1F1532C2">Dimensions and Weights</a></li>
               </ul>
            </li>
         </ul>
      </li>
      <li data-refid="_SD17703036_684647" class="topicref chapter brand:sd tocentry"><span class="topichead">Enclosures</span><ul>
            <li data-refid="EnclosedMotor-OperatedCircuitBreake-5198E70F" class="topicref tocentry"><span class="topichead">Enclosed Motor-Operated Circuit Breakers</span><ul>
                  <li class="topicref tocentry"><a href="/portals/ui/digest/viewer/562a2a2be4b05736848a7ffd/562a2b01e4b05736848a9546/r/EnclosedMotor-OperatedCircuitBreake-5198E70F#EnclosedMotorOperatedMoldedCaseCirc-519810542" data-refids=" EnclosedMotorOperatedMoldedCaseCirc-51981054">Enclosed Motor-Operated FAL/FHL Molded Case Circuit Breakers</a></li>
               </ul>
            </li>
            <li data-refid="_SD17703035_48177" class="topicref tocentry"><span class="topichead">Enclosed Switches and Enclosure Dimensions</span><ul>
                  <li class="topicref tocentry"><a href="/portals/ui/digest/viewer/562a2a2be4b05736848a7ffd/562a2b01e4b05736848a9546/r/_SD17703035_48177#_SD17703035_Heading5_42" data-refids=" _SD17703035_Heading5_4">Enclosed Molded Case Switches</a></li>
               </ul>
            </li>
            <li data-refid="_SD17703036_63206" class="topicref tocentry"><span class="topichead">Accessories</span><ul>
                  <li class="topicref tocentry"><a href="/portals/ui/digest/viewer/562a2a2be4b05736848a7ffd/562a2b01e4b05736848a9546/r/_SD17703036_63206#_SD17703036_Heading5_32" data-refids=" _SD17703036_Heading5_3">Lock-On Provisions</a></li>
                  <li class="topicref tocentry"><a href="/portals/ui/digest/viewer/562a2a2be4b05736848a7ffd/562a2b01e4b05736848a9546/r/_SD17703036_63206#_SD17703036_Heading5_162" data-refids=" _SD17703036_Heading5_16">Pilot Light—Selector Switch—Push Button</a></li>
                  <li class="topicref tocentry"><a href="/portals/ui/digest/viewer/562a2a2be4b05736848a7ffd/562a2b01e4b05736848a9546/r/_SD17703036_63206#_SD17703036_Heading5_252" data-refids=" _SD17703036_Heading5_25">Phenolic Legend Plate</a></li>
                  <li class="topicref tocentry"><a href="/portals/ui/digest/viewer/562a2a2be4b05736848a7ffd/562a2b01e4b05736848a9546/r/_SD17703036_63206#_SD17703036_Heading5_732" data-refids=" _SD17703036_Heading5_73">Stainless Steel Front</a></li>
               </ul>
            </li>
            <li data-refid="_SD17703037_19676" class="topicref tocentry"><span class="topichead">Key Interlock Systems—Factory Installed Only</span><ul>
                  <li class="topicref tocentry"><a href="/portals/ui/digest/viewer/562a2a2be4b05736848a7ffd/562a2b01e4b05736848a9546/r/_SD17703037_19676#_SD17703037_Heading5_42" data-refids=" _SD17703037_Heading5_4">Key Interlock Systems</a></li>
                  <li class="topicref tocentry"><a href="/portals/ui/digest/viewer/562a2a2be4b05736848a7ffd/562a2b01e4b05736848a9546/r/_SD17703037_19676#_SD17703038_Heading5_9" data-refids=" SampleApplication-1CPT_0000052813">Sample Application—1 (See Figure 1)</a></li>
                  <li class="topicref tocentry"><a href="/portals/ui/digest/viewer/562a2a2be4b05736848a7ffd/562a2b01e4b05736848a9546/r/_SD17703037_19676#_SD17703038_Heading5_14" data-refids=" SampleApplication-2CPT_0000052842">Sample Application—2 (See Figure 2)</a></li>
                  <li class="topicref tocentry"><a href="/portals/ui/digest/viewer/562a2a2be4b05736848a7ffd/562a2b01e4b05736848a9546/r/_SD17703037_19676#_SD17703038_Heading5_25" data-refids=" SampleApplication-3CPT_0000052841">Sample Application—3 (See Figure 3)</a></li>
                  <li class="topicref tocentry"><a href="/portals/ui/digest/viewer/562a2a2be4b05736848a7ffd/562a2b01e4b05736848a9546/r/_SD17703037_19676#_SD17703038_Heading5_38" data-refids=" SampleApplication-4Main-Tie-MainCPT_0000052840">Sample Application—4 (Main-Tie-Main) (See Figure 4)</a></li>
               </ul>
            </li>
         </ul>
      </li>
   </ul>
</div>        </div>
              
      </div>
          
<script type="text/javascript">
  var refId = '';
  $(document).ready(function() {
    
    function sendFeedback(feedback, type) {
      $.ajax({
        url : HARPPortal.getPortalRpcUrl('feedback'),
        type : type,
        data : JSON.stringify(feedback),
        contentType : 'application/json',
      });
    }

    function confirmFeedback(fromNegative) {
      $('#feedbackComponent').children().fadeOut(500);
      if (fromNegative) {
        $('#feedbackContainer').removeClass('col-xs-12 col-sm-6').addClass('col-sm-3');    
      }
      $('#feedbackComponent').html($('#feedbackConfirm').fadeIn(500));
    }

    $('.feedbackButton').click(function(event) {
      var feedback = {}, contentElement = $("#viewerContent");

      feedback.id = $('body').attr('data-pageId');
      feedback.topicUseful = this.value;
      feedback.portalKey = contentElement.attr("data-portalKey");
      feedback.topicKey = contentElement.attr("data-itemKey");
      feedback.projectKey = contentElement.attr("data-projectKey");
      feedback.parentKey = contentElement.attr("data-parentKey");
      feedback.refId = refId;

      sendFeedback(feedback, 'POST');

      if (this.value === 'false') {
        $('#feedbackComponent').children().fadeOut(500);
        $('#feedbackContainer').removeClass('col-sm-3').addClass('col-xs-12 col-sm-6');
        $('#feedbackComponent').html($('#feedbackComment').fadeIn(500));

        $('#commentButton').click(function() {
          $('#feedbackComponent').off('keypress');
          var comment = $("#feedbackInput").val().trim();
          if (comment !== "") {
            feedback.comment = comment;
            sendFeedback(feedback, 'PUT');
          }
          confirmFeedback(true);
        });

        $('#feedbackInput').focus();

        $('#feedbackComponent').on('keypress', function(e) {
          if (e.which === 13) {
            $('#commentButton').trigger('click');
          }
        });

      } else {
        confirmFeedback();
      }
    });
  });   
</script>

<div class="row">
  <div class="col-sm-3 pull-right" id="feedbackContainer">
    <div id="feedbackComponent">
      <div id="feedbackHelpful">
        <p>Was this helpful?</p>
        <div id="buttonDiv">
          <button class="btn btn-primary btn-xs feedbackButton" value="true">Yes</button>
          <button class="btn btn-primary btn-xs feedbackButton" value="false">No</button>
        </div>
      </div>
    </div>
  </div>
  <div id="feedbackConfirm" style="display: none">Thanks!</div>
  <div id="feedbackComment" style="display: none">
    <label for="feedbackInput">Tell us why!</label><br>
    <textarea rows="4" id="feedbackInput"></textarea><br>
    <button class="btn btn-primary btn-xs" id="commentButton">Send</button>
  </div>
</div>
                        
        <div class="col-sm-10 col-sm-offset-1 col-xs-11">

         </div>
          
	</div>
<!-- BEGIN footer -->
<footer class="navbar navbar-default harp-portal-footer" style="width: 100%; margin: 20px 0 0 0;"> <!-- navbar-fixed-bottom  -->
	<div class="container">
  <p class="navbar-text navbar-left hidden-xs">
    <span class="glyphicon glyphicon-qrcode" id="qrcodeLink"
          title="Show QR code for this page"></span>
  </p>
  <img src="/portals/qrgen?url=http%3A%2F%2Fwww.productinfo.schneider-electric.com%2Fportals%2Fui%2Fdigest%2Fviewer%2F562a2a2be4b05736848a7ffd%2Fnocontext%2FSupplemental%2BBookmap%2BContent%2FSD17703_MAIN%2B(bookmap)_0000052852.xml&size=180"
       id="qrcode"
       style="width: 180px; height: 180px;"
       alt="QR code for this page"
       title="QR code for this page">
<script>
  $(function() {
    var $qr = $('#qrcode')
    , $link = $('#qrcodeLink')
    , on = $qr.is('visible')
    , shown = false;
    ;

    function show() {
      var pos = $link.position();
      $qr.css({
        left: pos.left + 'px',
        bottom: ($link.outerHeight() + 20) + 'px'
      });
      $qr.fadeIn();
      on = true;
      shown = true;
    }

    function toggle() {
      if (on) {
        $qr.fadeOut();
        on = false;
      } else {
        show();
      }
    }

    $link.click(toggle);
    $qr.click(toggle);
    $link.mouseover(function() {
      if (!shown) {
        show();
      }
    });
  });
</script>
<!--		<p class="navbar-text navbar-right">
			<a href="https://td-demo.titaniasoftware.com/portals/ui/website/pages/product/delivery"
				class="navbar-link harp-footer-link" target="_blank">Powered by Titania Delivery</a>
		      <a id="footerLogo" href="http://www.titaniasoftware.com"
                class="navbar-link harp-footer-link" target="_blank">
                <img src="/portals/ui/_theme/digest/images/titania-logo_128w.png"
                        style="width: 43px; height: 16px;" alt="Titania Delivery" title="Titania Delivery">
             </a>
		</p>-->
	</div>
</footer>
<!-- END footer --></body>
</html>