<!DOCTYPE html>
<html>
<head>
<link rel="shortcut icon" href="/portals/ui/_theme/digest/favicon.ico" mce_href="/portals/ui/_theme/digest/favicon.ico" type="image/x-icon"/>
<meta name="viewport" content="width=device-width, initial-scale=1.0">
<meta http-equiv="X-UA-Compatible" content="IE=11">
<!-- HTML5 Shim and Respond.js IE8 support of HTML5 elements and media queries -->
<!--[if lt IE 9]>
  <script src="https://oss.maxcdn.com/libs/html5shiv/3.7.0/html5shiv.js"></script>
  <script src="https://oss.maxcdn.com/libs/respond.js/1.3.0/respond.min.js"></script>
<![endif]-->

<title>Supplemental 4: Panelboards - Digest 177</title>

<script type="text/javascript" src="/portals/resources/scripts/libs/jquery-1.11.0.min.js"></script>

<script type="text/javascript" src="/portals/ui/_theme/digest/scripts/bannerfix.js"></script>
<link rel="stylesheet" href="/portals/ui/_theme/digest/style/harp-portals.less"></link>
<script type="text/javascript" src="/portals/ui/_theme/digest/scripts/bootstrap.min.js"></script>
<script type="text/javascript" src="/portals/resources/scripts/harp-sdk.js"></script><link rel="stylesheet" href="/portals/resources/cm/cm.css"></link>
<script type="text/javascript" src="/portals/resources/scripts/libs/moment.min.js"></script>
<script type="text/javascript" src="/portals/resources/cm/cm.js"></script>

<script>
  (function(i,s,o,g,r,a,m){i['GoogleAnalyticsObject']=r;i[r]=i[r]||function(){
  (i[r].q=i[r].q||[]).push(arguments)},i[r].l=1*new Date();a=s.createElement(o),
  m=s.getElementsByTagName(o)[0];a.async=1;a.src=g;m.parentNode.insertBefore(a,m)
  })(window,document,'script','//www.google-analytics.com/analytics.js','ga');

  ga('create', 'UA-39869895-2', 'auto');
  ga('send', 'pageview');

</script>

<script>
$(function() {
    $('li.topicref.harp-portal-filter-exclude > a').click(function(e) {
        alert("This content is currently unavailable.");
        e.preventDefault();
        return false;
    });
});
</script>

</head>

<body class="readerPage" data-pageId=01935557-8acb-42ca-aa4c-b3fe1896249e>


<!-- BEGIN HEADER -->
<header class="navbar navbar-default" id="harp-header-bar" role="navigation">
	<div class="container">
		<div class="navbar-header">
			<button type="button" class="navbar-toggle" data-toggle="collapse"
				data-target=".navbar-collapse">
				<span class="sr-only">Toggle navigation</span> <span
					class="icon-bar"></span> <span class="icon-bar"></span> <span
					class="icon-bar"></span>
			</button>
			<a class="navbar-brand" style="padding: 0 50px 0 0" href="http://www.schneider-electric.com/us/en" target="_blank">
  			<img src="/portals/ui/_theme/digest/images/Logo_SE_White_Transparent_RGB.PNG" style="width: 171px; height: 52px;" class="hidden-xs">
			<img src="/portals/ui/_theme/digest/images/Logo_SE_White_Transparent_RGB.PNG" style="width: 85px; height: 26px; margin-top: 9px;" class="visible-xs">
            </a>

              <!-- <a href='/portals/ui/digest/'
	               class="header-logo-link">
	                <img src="/portals/ui/_theme/digest/images/se_logo.gif" class="header-logo">
	           	</a> -->
	            <!-- <a href='/portals/ui/digest/'>
	             Digest 177
	            </a> -->
			<!-- </span>  -->
		</div>

		<div class="navbar-collapse collapse" id="headerMenu">

				<form role="search" action='/portals/ui/digest/search' class="navbar-form navbar-right hidden-xs">
					<div class="form-group">
						<label class="sr-only" for="headerTerm">Search Term</label> <input
							type="text" placeholder="Search" class="form-control"
							id="headerTerm" name="term">
					</div>
                    <button type="submit" class="btn btn-primary">
                        <span class="glyphicon glyphicon-search"></span>
                    </button>
				</form>
				<form role="search" action='/portals/ui/digest/search' class="navbar-form navbar-right navbar-input-group visible-xs">
				    <div class="form-group">
				        <label class="sr-only" for="headerTerm">Search Term</label>
				        <div class="input-group">
				            <input type="text" placeholder="Search" class="form-control"
				                id="headerTerm" name="term">
				            <span class="input-group-btn">
				                <button type="submit" class="btn btn-primary">
				                    <span class="glyphicon glyphicon-search"></span>
				                </button>
				            </span>
				        </div>
				    </div>
				</form>

			<ul class="nav navbar-nav">
                <li><a href="http://www.digestplus-us.schneider-electric.com/" target="_blank">DigestPLUS</a></li>
              	<li><a href='/portals/ui/digest/pages/landingPages/digest177'>Digest 177</a></li>
                <li><a href='/portals/ui/digest/pages/landingPages/digest177_supplement'>Supplemental Digest 177</a></li>
			</ul>
		</div>
	</div>
</header>

<div id="docTitle" class="sectionColor4">
  <div class="container">
    <div class="row">
      <div class="col-xs-12">
        <h3>        <span class="context-title">
          Supplemental 4: Panelboards
        </span>
</h3>
      </div>
    </div>
  </div>
</div>

  <div id="floatingDocTitle" class="sectionColor4">
    <div class="container">
      <div class="row">
        <div class="col-xs-12">
          <h3>        <span class="context-title">
          Supplemental 4: Panelboards
        </span>
</h3>
        </div>
      </div>
    </div>
  </div>

<!-- END HEADER -->
	
	<div class="container" id="tocPage">
      

      <div class="row">
        <div class="col-sm-10 col-sm-offset-1 col-xs-12 content-container" id="viewerContent"
                 	data-portalKey="562794fee4b05736848a7cb4"
                    data-itemKey="562a2b01e4b05736848a9549"
                    data-projectKey="562a2a2be4b05736848a7ffd">
              	
<div class="map bookmap" lang="English_en" data-xtrc="bookmap:1" data-xtrf="harp://562a2a2be4b05736848a7ffd/pr/ORIGINAL/Supplemental%20Bookmap%20Content/SD17704_MAIN%20(bookmap)_0000061045.xml">
   <div class="topicmeta bookmeta" data-xtrc="bookmeta:1" lang="English_en">
      
      <div class="metadata" data-xtrc="metadata:1" lang="English_en">
         
         
      </div>
      
   </div>
   <ul id="toc">
      <li data-refid="_SD17704002_67651" class="topicref chapter brand:sd tocentry"><span class="topichead">Panelboards</span><ul>
            <li data-refid="_SD17704002_General_Information" class="topicref tocentry"><span class="topichead">General Information</span><ul>
                  <li class="topicref tocentry"><a href="/portals/ui/digest/viewer/562a2a2be4b05736848a7ffd/562a2b01e4b05736848a9549/r/_SD17704002_General_Information#_SD17704002_871512" data-refids=" _SD17704002_87151">General Instructions</a></li>
               </ul>
            </li>
         </ul>
      </li>
      <li data-refid="_SD17704003_67719" class="topicref chapter brand:sd tocentry"><span class="topichead">Special Features</span><ul>
            <li data-refid="_SD17704003_Mains" class="topicref tocentry"><span class="topichead">Mains and Branches</span><ul>
                  <li class="topicref tocentry"><a href="/portals/ui/digest/viewer/562a2a2be4b05736848a7ffd/562a2b01e4b05736848a9549/r/_SD17704003_Mains#_SD17704003_902302" data-refids=" _SD17704003_90230">Mains</a></li>
                  <li class="topicref tocentry"><a href="/portals/ui/digest/viewer/562a2a2be4b05736848a7ffd/562a2b01e4b05736848a9549/r/_SD17704003_Mains#Branches-33B380782" data-refids=" Branches-33B38078">Branches</a></li>
               </ul>
            </li>
            <li data-refid="_SD17704004_Cabinets" class="topicref tocentry"><span class="topichead">Cabinets</span><ul>
                  <li class="topicref tocentry"><a href="/portals/ui/digest/viewer/562a2a2be4b05736848a7ffd/562a2b01e4b05736848a9549/r/_SD17704004_Cabinets#_SD17704004_295522" data-refids=" _SD17704004_29552">Special Features</a><ul>
                        <li class="topicref tocentry"><a href="/portals/ui/digest/viewer/562a2a2be4b05736848a7ffd/562a2b01e4b05736848a9549/r/_SD17704004_Cabinets#_SD17704004_Heading5_92" data-refids=" _SD17704004_Heading5_9">Cabinets</a></li>
                     </ul>
                  </li>
               </ul>
            </li>
         </ul>
      </li>
      <li data-refid="_SD17704009_47018" class="topicref chapter brand:sd tocentry"><span class="topichead">NQ Merchandised Panelboards</span><ul>
            <li data-refid="_SD17704009_97336" class="topicref tocentry"><span class="topichead">NQ Main Lug and Main Circuit Breaker Panelboard with SPD</span><ul>
                  <li class="topicref tocentry"><a href="/portals/ui/digest/viewer/562a2a2be4b05736848a7ffd/562a2b01e4b05736848a9549/r/_SD17704009_97336#ConceptTitle-36C5C90C2" data-refids=" ConceptTitle-36C5C90C">NQ Main Lug and Main Circuit Breaker Interiors
                        with SPD—240 Vac, 48 Vdc</a></li>
               </ul>
            </li>
         </ul>
      </li>
      <li data-refid="_SD17704010_144592" class="topicref chapter brand:sd tocentry"><span class="topichead">Ready-to-Install (RTI) Merchandise</span><ul>
            <li data-refid="_SD17704010_91732" class="topicref tocentry"><span class="topichead">Miscellaneous Panelboard Accessories</span><ul>
                  <li class="topicref tocentry"><a href="/portals/ui/digest/viewer/562a2a2be4b05736848a7ffd/562a2b01e4b05736848a9549/r/_SD17704010_91732#_SD17704010_569312" data-refids=" _SD17704010_56931">Copper Equipment Ground Bars</a></li>
                  <li class="topicref tocentry"><a href="/portals/ui/digest/viewer/562a2a2be4b05736848a7ffd/562a2b01e4b05736848a9549/r/_SD17704010_91732#_SD17704010_149092" data-refids=" _SD17704010_14909">Field Installable I-Line™ Door Kits</a></li>
                  <li class="topicref tocentry"><a href="/portals/ui/digest/viewer/562a2a2be4b05736848a7ffd/562a2b01e4b05736848a9549/r/_SD17704010_91732#_SD17704010_331712" data-refids=" _SD17704010_33171">Type 1 Door-in-Door (Hinged) Trim Fronts</a></li>
               </ul>
            </li>
         </ul>
      </li>
      <li data-refid="_SD17704011_168381" class="topicref chapter brand:sd tocentry"><span class="topichead">Replacement Parts for Standard Panelboards</span><ul>
            <li data-refid="_SD17704011_45631" class="topicref tocentry"><span class="topichead">Trim Clamps and Screws</span><ul>
                  <li class="topicref tocentry"><a href="/portals/ui/digest/viewer/562a2a2be4b05736848a7ffd/562a2b01e4b05736848a9549/r/_SD17704011_45631#TrimClampsAndScrews-36CB8ADF2" data-refids=" TrimClampsAndScrews-36CB8ADF">Trim Clamps and Screws</a></li>
               </ul>
            </li>
            <li data-refid="_SD17704012_148071" class="topicref tocentry"><span class="topichead">Locks and Keys</span><ul>
                  <li class="topicref tocentry"><a href="/portals/ui/digest/viewer/562a2a2be4b05736848a7ffd/562a2b01e4b05736848a9549/r/_SD17704012_148071#_SD17704012_Locks2" data-refids=" _SD17704012_Locks">Locks&nbsp;<span class="ph" data-xtrc="ph:1" lang="English_en">
                           
                           
                           </span>
                        </a></li>
                  <li class="topicref tocentry"><a href="/portals/ui/digest/viewer/562a2a2be4b05736848a7ffd/562a2b01e4b05736848a9549/r/_SD17704012_148071#_SD17704012_Keys2" data-refids=" _SD17704012_Keys">Keys</a></li>
               </ul>
            </li>
         </ul>
      </li>
      <li data-refid="_SD17704013_35745" class="topicref chapter brand:sd tocentry"><span class="topichead">CTC Cabinets</span><ul>
            <li data-refid="_SD17704013_171102" class="topicref tocentry"><span class="topichead">Wall Mounted Metering Equipment</span><ul>
                  <li class="topicref tocentry"><a href="/portals/ui/digest/viewer/562a2a2be4b05736848a7ffd/562a2b01e4b05736848a9549/r/_SD17704013_171102#_SD17704013_Heading5_42" data-refids=" _SD17704013_Heading5_4">Main Circuit Breaker and Current Transformer Compartment</a></li>
               </ul>
            </li>
         </ul>
      </li>
      <li data-refid="_SD17704014_168331" class="topicref chapter brand:sd tocentry"><span class="topichead">Retrofit Information</span><ul>
            <li data-refid="_SD17704014_156762" class="topicref tocentry"><span class="topichead">Retrofit Existing Enclosure Data Sheet</span><ul>
                  <li class="topicref tocentry"><a href="/portals/ui/digest/viewer/562a2a2be4b05736848a7ffd/562a2b01e4b05736848a9549/r/_SD17704014_156762#_SD17704014_332442" data-refids=" _SD17704014_33244">Data Sheet for Panelboards to Retrofit Existing Enclosures</a></li>
               </ul>
            </li>
         </ul>
      </li>
   </ul>
</div>        </div>
              
      </div>
          
<script type="text/javascript">
  var refId = '';
  $(document).ready(function() {
    
    function sendFeedback(feedback, type) {
      $.ajax({
        url : HARPPortal.getPortalRpcUrl('feedback'),
        type : type,
        data : JSON.stringify(feedback),
        contentType : 'application/json',
      });
    }

    function confirmFeedback(fromNegative) {
      $('#feedbackComponent').children().fadeOut(500);
      if (fromNegative) {
        $('#feedbackContainer').removeClass('col-xs-12 col-sm-6').addClass('col-sm-3');    
      }
      $('#feedbackComponent').html($('#feedbackConfirm').fadeIn(500));
    }

    $('.feedbackButton').click(function(event) {
      var feedback = {}, contentElement = $("#viewerContent");

      feedback.id = $('body').attr('data-pageId');
      feedback.topicUseful = this.value;
      feedback.portalKey = contentElement.attr("data-portalKey");
      feedback.topicKey = contentElement.attr("data-itemKey");
      feedback.projectKey = contentElement.attr("data-projectKey");
      feedback.parentKey = contentElement.attr("data-parentKey");
      feedback.refId = refId;

      sendFeedback(feedback, 'POST');

      if (this.value === 'false') {
        $('#feedbackComponent').children().fadeOut(500);
        $('#feedbackContainer').removeClass('col-sm-3').addClass('col-xs-12 col-sm-6');
        $('#feedbackComponent').html($('#feedbackComment').fadeIn(500));

        $('#commentButton').click(function() {
          $('#feedbackComponent').off('keypress');
          var comment = $("#feedbackInput").val().trim();
          if (comment !== "") {
            feedback.comment = comment;
            sendFeedback(feedback, 'PUT');
          }
          confirmFeedback(true);
        });

        $('#feedbackInput').focus();

        $('#feedbackComponent').on('keypress', function(e) {
          if (e.which === 13) {
            $('#commentButton').trigger('click');
          }
        });

      } else {
        confirmFeedback();
      }
    });
  });   
</script>

<div class="row">
  <div class="col-sm-3 pull-right" id="feedbackContainer">
    <div id="feedbackComponent">
      <div id="feedbackHelpful">
        <p>Was this helpful?</p>
        <div id="buttonDiv">
          <button class="btn btn-primary btn-xs feedbackButton" value="true">Yes</button>
          <button class="btn btn-primary btn-xs feedbackButton" value="false">No</button>
        </div>
      </div>
    </div>
  </div>
  <div id="feedbackConfirm" style="display: none">Thanks!</div>
  <div id="feedbackComment" style="display: none">
    <label for="feedbackInput">Tell us why!</label><br>
    <textarea rows="4" id="feedbackInput"></textarea><br>
    <button class="btn btn-primary btn-xs" id="commentButton">Send</button>
  </div>
</div>
                        
        <div class="col-sm-10 col-sm-offset-1 col-xs-11">

         </div>
          
	</div>
<!-- BEGIN footer -->
<footer class="navbar navbar-default harp-portal-footer" style="width: 100%; margin: 20px 0 0 0;"> <!-- navbar-fixed-bottom  -->
	<div class="container">
  <p class="navbar-text navbar-left hidden-xs">
    <span class="glyphicon glyphicon-qrcode" id="qrcodeLink"
          title="Show QR code for this page"></span>
  </p>
  <img src="/portals/qrgen?url=http%3A%2F%2Fwww.productinfo.schneider-electric.com%2Fportals%2Fui%2Fdigest%2Fviewer%2F562a2a2be4b05736848a7ffd%2Fnocontext%2FSupplemental%2BBookmap%2BContent%2FSD17704_MAIN%2B(bookmap)_0000061045.xml&size=180"
       id="qrcode"
       style="width: 180px; height: 180px;"
       alt="QR code for this page"
       title="QR code for this page">
<script>
  $(function() {
    var $qr = $('#qrcode')
    , $link = $('#qrcodeLink')
    , on = $qr.is('visible')
    , shown = false;
    ;

    function show() {
      var pos = $link.position();
      $qr.css({
        left: pos.left + 'px',
        bottom: ($link.outerHeight() + 20) + 'px'
      });
      $qr.fadeIn();
      on = true;
      shown = true;
    }

    function toggle() {
      if (on) {
        $qr.fadeOut();
        on = false;
      } else {
        show();
      }
    }

    $link.click(toggle);
    $qr.click(toggle);
    $link.mouseover(function() {
      if (!shown) {
        show();
      }
    });
  });
</script>
<!--		<p class="navbar-text navbar-right">
			<a href="https://td-demo.titaniasoftware.com/portals/ui/website/pages/product/delivery"
				class="navbar-link harp-footer-link" target="_blank">Powered by Titania Delivery</a>
		      <a id="footerLogo" href="http://www.titaniasoftware.com"
                class="navbar-link harp-footer-link" target="_blank">
                <img src="/portals/ui/_theme/digest/images/titania-logo_128w.png"
                        style="width: 43px; height: 16px;" alt="Titania Delivery" title="Titania Delivery">
             </a>
		</p>-->
	</div>
</footer>
<!-- END footer --></body>
</html>